ERROR - 2026-05-19 00:01:23 --> Error connecting to the database: mysqli_sql_exception: Too many connections in /var/www/wappbuzz/vendor/codeigniter4/framework/system/Database/MySQLi/Connection.php:185
Stack trace:
#0 /var/www/wappbuzz/vendor/codeigniter4/framework/system/Database/MySQLi/Connection.php(185): mysqli->real_connect()
#1 /var/www/wappbuzz/vendor/codeigniter4/framework/system/Database/BaseConnection.php(392): CodeIgniter\Database\MySQLi\Connection->connect()
#2 /var/www/wappbuzz/vendor/codeigniter4/framework/system/Database/BaseConnection.php(575): CodeIgniter\Database\BaseConnection->initialize()
#3 /var/www/wappbuzz/vendor/codeigniter4/framework/system/Database/BaseBuilder.php(1616): CodeIgniter\Database\BaseConnection->query()
#4 /var/www/wappbuzz/app/Helpers/Common_helper.php(1444): CodeIgniter\Database\BaseBuilder->get()
#5 /var/www/wappbuzz/app/Filters/MainFilter.php(57): db_get()
#6 /var/www/wappbuzz/vendor/codeigniter4/framework/system/Filters/Filters.php(184): App\Filters\MainFilter->before()
#7 /var/www/wappbuzz/vendor/codeigniter4/framework/system/CodeIgniter.php(475): CodeIgniter\Filters\Filters->run()
#8 /var/www/wappbuzz/vendor/codeigniter4/framework/system/CodeIgniter.php(361): CodeIgniter\CodeIgniter->handleRequest()
#9 /var/www/wappbuzz/index.php(34): CodeIgniter\CodeIgniter->run()
#10 {main}

Next CodeIgniter\Database\Exceptions\DatabaseException: Too many connections in /var/www/wappbuzz/vendor/codeigniter4/framework/system/Database/MySQLi/Connection.php:229
Stack trace:
#0 /var/www/wappbuzz/vendor/codeigniter4/framework/system/Database/BaseConnection.php(392): CodeIgniter\Database\MySQLi\Connection->connect()
#1 /var/www/wappbuzz/vendor/codeigniter4/framework/system/Database/BaseConnection.php(575): CodeIgniter\Database\BaseConnection->initialize()
#2 /var/www/wappbuzz/vendor/codeigniter4/framework/system/Database/BaseBuilder.php(1616): CodeIgniter\Database\BaseConnection->query()
#3 /var/www/wappbuzz/app/Helpers/Common_helper.php(1444): CodeIgniter\Database\BaseBuilder->get()
#4 /var/www/wappbuzz/app/Filters/MainFilter.php(57): db_get()
#5 /var/www/wappbuzz/vendor/codeigniter4/framework/system/Filters/Filters.php(184): App\Filters\MainFilter->before()
#6 /var/www/wappbuzz/vendor/codeigniter4/framework/system/CodeIgniter.php(475): CodeIgniter\Filters\Filters->run()
#7 /var/www/wappbuzz/vendor/codeigniter4/framework/system/CodeIgniter.php(361): CodeIgniter\CodeIgniter->handleRequest()
#8 /var/www/wappbuzz/index.php(34): CodeIgniter\CodeIgniter->run()
#9 {main}
CRITICAL - 2026-05-19 00:01:23 --> CodeIgniter\Database\Exceptions\DatabaseException: Unable to connect to the database.
Main connection [MySQLi]: Too many connections
in SYSTEMPATH/Database/BaseConnection.php on line 428.
 1 SYSTEMPATH/Database/BaseConnection.php(575): CodeIgniter\Database\BaseConnection->initialize()
 2 SYSTEMPATH/Database/BaseBuilder.php(1616): CodeIgniter\Database\BaseConnection->query()
 3 APPPATH/Helpers/Common_helper.php(1444): CodeIgniter\Database\BaseBuilder->get()
 4 APPPATH/Filters/MainFilter.php(57): db_get()
 5 SYSTEMPATH/Filters/Filters.php(184): App\Filters\MainFilter->before()
 6 SYSTEMPATH/CodeIgniter.php(475): CodeIgniter\Filters\Filters->run()
 7 SYSTEMPATH/CodeIgniter.php(361): CodeIgniter\CodeIgniter->handleRequest()
 8 FCPATH/index.php(34): CodeIgniter\CodeIgniter->run()
ERROR - 2026-05-19 00:02:05 --> Error connecting to the database: mysqli_sql_exception: Too many connections in /var/www/wappbuzz/vendor/codeigniter4/framework/system/Database/MySQLi/Connection.php:185
Stack trace:
#0 /var/www/wappbuzz/vendor/codeigniter4/framework/system/Database/MySQLi/Connection.php(185): mysqli->real_connect()
#1 /var/www/wappbuzz/vendor/codeigniter4/framework/system/Database/BaseConnection.php(392): CodeIgniter\Database\MySQLi\Connection->connect()
#2 /var/www/wappbuzz/vendor/codeigniter4/framework/system/Database/BaseConnection.php(575): CodeIgniter\Database\BaseConnection->initialize()
#3 /var/www/wappbuzz/vendor/codeigniter4/framework/system/Database/BaseBuilder.php(1616): CodeIgniter\Database\BaseConnection->query()
#4 /var/www/wappbuzz/app/Helpers/Common_helper.php(1444): CodeIgniter\Database\BaseBuilder->get()
#5 /var/www/wappbuzz/app/Filters/MainFilter.php(57): db_get()
#6 /var/www/wappbuzz/vendor/codeigniter4/framework/system/Filters/Filters.php(184): App\Filters\MainFilter->before()
#7 /var/www/wappbuzz/vendor/codeigniter4/framework/system/CodeIgniter.php(475): CodeIgniter\Filters\Filters->run()
#8 /var/www/wappbuzz/vendor/codeigniter4/framework/system/CodeIgniter.php(361): CodeIgniter\CodeIgniter->handleRequest()
#9 /var/www/wappbuzz/index.php(34): CodeIgniter\CodeIgniter->run()
#10 {main}

Next CodeIgniter\Database\Exceptions\DatabaseException: Too many connections in /var/www/wappbuzz/vendor/codeigniter4/framework/system/Database/MySQLi/Connection.php:229
Stack trace:
#0 /var/www/wappbuzz/vendor/codeigniter4/framework/system/Database/BaseConnection.php(392): CodeIgniter\Database\MySQLi\Connection->connect()
#1 /var/www/wappbuzz/vendor/codeigniter4/framework/system/Database/BaseConnection.php(575): CodeIgniter\Database\BaseConnection->initialize()
#2 /var/www/wappbuzz/vendor/codeigniter4/framework/system/Database/BaseBuilder.php(1616): CodeIgniter\Database\BaseConnection->query()
#3 /var/www/wappbuzz/app/Helpers/Common_helper.php(1444): CodeIgniter\Database\BaseBuilder->get()
#4 /var/www/wappbuzz/app/Filters/MainFilter.php(57): db_get()
#5 /var/www/wappbuzz/vendor/codeigniter4/framework/system/Filters/Filters.php(184): App\Filters\MainFilter->before()
#6 /var/www/wappbuzz/vendor/codeigniter4/framework/system/CodeIgniter.php(475): CodeIgniter\Filters\Filters->run()
#7 /var/www/wappbuzz/vendor/codeigniter4/framework/system/CodeIgniter.php(361): CodeIgniter\CodeIgniter->handleRequest()
#8 /var/www/wappbuzz/index.php(34): CodeIgniter\CodeIgniter->run()
#9 {main}
CRITICAL - 2026-05-19 00:02:05 --> CodeIgniter\Database\Exceptions\DatabaseException: Unable to connect to the database.
Main connection [MySQLi]: Too many connections
in SYSTEMPATH/Database/BaseConnection.php on line 428.
 1 SYSTEMPATH/Database/BaseConnection.php(575): CodeIgniter\Database\BaseConnection->initialize()
 2 SYSTEMPATH/Database/BaseBuilder.php(1616): CodeIgniter\Database\BaseConnection->query()
 3 APPPATH/Helpers/Common_helper.php(1444): CodeIgniter\Database\BaseBuilder->get()
 4 APPPATH/Filters/MainFilter.php(57): db_get()
 5 SYSTEMPATH/Filters/Filters.php(184): App\Filters\MainFilter->before()
 6 SYSTEMPATH/CodeIgniter.php(475): CodeIgniter\Filters\Filters->run()
 7 SYSTEMPATH/CodeIgniter.php(361): CodeIgniter\CodeIgniter->handleRequest()
 8 FCPATH/index.php(34): CodeIgniter\CodeIgniter->run()
ERROR - 2026-05-19 00:02:55 --> Error connecting to the database: mysqli_sql_exception: Too many connections in /var/www/wappbuzz/vendor/codeigniter4/framework/system/Database/MySQLi/Connection.php:185
Stack trace:
#0 /var/www/wappbuzz/vendor/codeigniter4/framework/system/Database/MySQLi/Connection.php(185): mysqli->real_connect()
#1 /var/www/wappbuzz/vendor/codeigniter4/framework/system/Database/BaseConnection.php(392): CodeIgniter\Database\MySQLi\Connection->connect()
#2 /var/www/wappbuzz/vendor/codeigniter4/framework/system/Database/BaseConnection.php(575): CodeIgniter\Database\BaseConnection->initialize()
#3 /var/www/wappbuzz/vendor/codeigniter4/framework/system/Database/BaseBuilder.php(1616): CodeIgniter\Database\BaseConnection->query()
#4 /var/www/wappbuzz/app/Helpers/Common_helper.php(1444): CodeIgniter\Database\BaseBuilder->get()
#5 /var/www/wappbuzz/app/Filters/MainFilter.php(57): db_get()
#6 /var/www/wappbuzz/vendor/codeigniter4/framework/system/Filters/Filters.php(184): App\Filters\MainFilter->before()
#7 /var/www/wappbuzz/vendor/codeigniter4/framework/system/CodeIgniter.php(475): CodeIgniter\Filters\Filters->run()
#8 /var/www/wappbuzz/vendor/codeigniter4/framework/system/CodeIgniter.php(361): CodeIgniter\CodeIgniter->handleRequest()
#9 /var/www/wappbuzz/index.php(34): CodeIgniter\CodeIgniter->run()
#10 {main}

Next CodeIgniter\Database\Exceptions\DatabaseException: Too many connections in /var/www/wappbuzz/vendor/codeigniter4/framework/system/Database/MySQLi/Connection.php:229
Stack trace:
#0 /var/www/wappbuzz/vendor/codeigniter4/framework/system/Database/BaseConnection.php(392): CodeIgniter\Database\MySQLi\Connection->connect()
#1 /var/www/wappbuzz/vendor/codeigniter4/framework/system/Database/BaseConnection.php(575): CodeIgniter\Database\BaseConnection->initialize()
#2 /var/www/wappbuzz/vendor/codeigniter4/framework/system/Database/BaseBuilder.php(1616): CodeIgniter\Database\BaseConnection->query()
#3 /var/www/wappbuzz/app/Helpers/Common_helper.php(1444): CodeIgniter\Database\BaseBuilder->get()
#4 /var/www/wappbuzz/app/Filters/MainFilter.php(57): db_get()
#5 /var/www/wappbuzz/vendor/codeigniter4/framework/system/Filters/Filters.php(184): App\Filters\MainFilter->before()
#6 /var/www/wappbuzz/vendor/codeigniter4/framework/system/CodeIgniter.php(475): CodeIgniter\Filters\Filters->run()
#7 /var/www/wappbuzz/vendor/codeigniter4/framework/system/CodeIgniter.php(361): CodeIgniter\CodeIgniter->handleRequest()
#8 /var/www/wappbuzz/index.php(34): CodeIgniter\CodeIgniter->run()
#9 {main}
CRITICAL - 2026-05-19 00:02:55 --> CodeIgniter\Database\Exceptions\DatabaseException: Unable to connect to the database.
Main connection [MySQLi]: Too many connections
in SYSTEMPATH/Database/BaseConnection.php on line 428.
 1 SYSTEMPATH/Database/BaseConnection.php(575): CodeIgniter\Database\BaseConnection->initialize()
 2 SYSTEMPATH/Database/BaseBuilder.php(1616): CodeIgniter\Database\BaseConnection->query()
 3 APPPATH/Helpers/Common_helper.php(1444): CodeIgniter\Database\BaseBuilder->get()
 4 APPPATH/Filters/MainFilter.php(57): db_get()
 5 SYSTEMPATH/Filters/Filters.php(184): App\Filters\MainFilter->before()
 6 SYSTEMPATH/CodeIgniter.php(475): CodeIgniter\Filters\Filters->run()
 7 SYSTEMPATH/CodeIgniter.php(361): CodeIgniter\CodeIgniter->handleRequest()
 8 FCPATH/index.php(34): CodeIgniter\CodeIgniter->run()
ERROR - 2026-05-19 00:07:56 --> Error connecting to the database: mysqli_sql_exception: Too many connections in /var/www/wappbuzz/vendor/codeigniter4/framework/system/Database/MySQLi/Connection.php:185
Stack trace:
#0 /var/www/wappbuzz/vendor/codeigniter4/framework/system/Database/MySQLi/Connection.php(185): mysqli->real_connect()
#1 /var/www/wappbuzz/vendor/codeigniter4/framework/system/Database/BaseConnection.php(392): CodeIgniter\Database\MySQLi\Connection->connect()
#2 /var/www/wappbuzz/vendor/codeigniter4/framework/system/Database/BaseConnection.php(575): CodeIgniter\Database\BaseConnection->initialize()
#3 /var/www/wappbuzz/vendor/codeigniter4/framework/system/Database/BaseBuilder.php(1616): CodeIgniter\Database\BaseConnection->query()
#4 /var/www/wappbuzz/app/Helpers/Common_helper.php(1444): CodeIgniter\Database\BaseBuilder->get()
#5 /var/www/wappbuzz/app/Filters/MainFilter.php(57): db_get()
#6 /var/www/wappbuzz/vendor/codeigniter4/framework/system/Filters/Filters.php(184): App\Filters\MainFilter->before()
#7 /var/www/wappbuzz/vendor/codeigniter4/framework/system/CodeIgniter.php(475): CodeIgniter\Filters\Filters->run()
#8 /var/www/wappbuzz/vendor/codeigniter4/framework/system/CodeIgniter.php(361): CodeIgniter\CodeIgniter->handleRequest()
#9 /var/www/wappbuzz/index.php(34): CodeIgniter\CodeIgniter->run()
#10 {main}

Next CodeIgniter\Database\Exceptions\DatabaseException: Too many connections in /var/www/wappbuzz/vendor/codeigniter4/framework/system/Database/MySQLi/Connection.php:229
Stack trace:
#0 /var/www/wappbuzz/vendor/codeigniter4/framework/system/Database/BaseConnection.php(392): CodeIgniter\Database\MySQLi\Connection->connect()
#1 /var/www/wappbuzz/vendor/codeigniter4/framework/system/Database/BaseConnection.php(575): CodeIgniter\Database\BaseConnection->initialize()
#2 /var/www/wappbuzz/vendor/codeigniter4/framework/system/Database/BaseBuilder.php(1616): CodeIgniter\Database\BaseConnection->query()
#3 /var/www/wappbuzz/app/Helpers/Common_helper.php(1444): CodeIgniter\Database\BaseBuilder->get()
#4 /var/www/wappbuzz/app/Filters/MainFilter.php(57): db_get()
#5 /var/www/wappbuzz/vendor/codeigniter4/framework/system/Filters/Filters.php(184): App\Filters\MainFilter->before()
#6 /var/www/wappbuzz/vendor/codeigniter4/framework/system/CodeIgniter.php(475): CodeIgniter\Filters\Filters->run()
#7 /var/www/wappbuzz/vendor/codeigniter4/framework/system/CodeIgniter.php(361): CodeIgniter\CodeIgniter->handleRequest()
#8 /var/www/wappbuzz/index.php(34): CodeIgniter\CodeIgniter->run()
#9 {main}
CRITICAL - 2026-05-19 00:07:56 --> CodeIgniter\Database\Exceptions\DatabaseException: Unable to connect to the database.
Main connection [MySQLi]: Too many connections
in SYSTEMPATH/Database/BaseConnection.php on line 428.
 1 SYSTEMPATH/Database/BaseConnection.php(575): CodeIgniter\Database\BaseConnection->initialize()
 2 SYSTEMPATH/Database/BaseBuilder.php(1616): CodeIgniter\Database\BaseConnection->query()
 3 APPPATH/Helpers/Common_helper.php(1444): CodeIgniter\Database\BaseBuilder->get()
 4 APPPATH/Filters/MainFilter.php(57): db_get()
 5 SYSTEMPATH/Filters/Filters.php(184): App\Filters\MainFilter->before()
 6 SYSTEMPATH/CodeIgniter.php(475): CodeIgniter\Filters\Filters->run()
 7 SYSTEMPATH/CodeIgniter.php(361): CodeIgniter\CodeIgniter->handleRequest()
 8 FCPATH/index.php(34): CodeIgniter\CodeIgniter->run()
ERROR - 2026-05-19 00:11:43 --> Error connecting to the database: mysqli_sql_exception: Too many connections in /var/www/wappbuzz/vendor/codeigniter4/framework/system/Database/MySQLi/Connection.php:185
Stack trace:
#0 /var/www/wappbuzz/vendor/codeigniter4/framework/system/Database/MySQLi/Connection.php(185): mysqli->real_connect()
#1 /var/www/wappbuzz/vendor/codeigniter4/framework/system/Database/BaseConnection.php(392): CodeIgniter\Database\MySQLi\Connection->connect()
#2 /var/www/wappbuzz/vendor/codeigniter4/framework/system/Database/BaseConnection.php(575): CodeIgniter\Database\BaseConnection->initialize()
#3 /var/www/wappbuzz/vendor/codeigniter4/framework/system/Database/BaseBuilder.php(1616): CodeIgniter\Database\BaseConnection->query()
#4 /var/www/wappbuzz/app/Helpers/Common_helper.php(1444): CodeIgniter\Database\BaseBuilder->get()
#5 /var/www/wappbuzz/app/Filters/MainFilter.php(57): db_get()
#6 /var/www/wappbuzz/vendor/codeigniter4/framework/system/Filters/Filters.php(184): App\Filters\MainFilter->before()
#7 /var/www/wappbuzz/vendor/codeigniter4/framework/system/CodeIgniter.php(475): CodeIgniter\Filters\Filters->run()
#8 /var/www/wappbuzz/vendor/codeigniter4/framework/system/CodeIgniter.php(361): CodeIgniter\CodeIgniter->handleRequest()
#9 /var/www/wappbuzz/index.php(34): CodeIgniter\CodeIgniter->run()
#10 {main}

Next CodeIgniter\Database\Exceptions\DatabaseException: Too many connections in /var/www/wappbuzz/vendor/codeigniter4/framework/system/Database/MySQLi/Connection.php:229
Stack trace:
#0 /var/www/wappbuzz/vendor/codeigniter4/framework/system/Database/BaseConnection.php(392): CodeIgniter\Database\MySQLi\Connection->connect()
#1 /var/www/wappbuzz/vendor/codeigniter4/framework/system/Database/BaseConnection.php(575): CodeIgniter\Database\BaseConnection->initialize()
#2 /var/www/wappbuzz/vendor/codeigniter4/framework/system/Database/BaseBuilder.php(1616): CodeIgniter\Database\BaseConnection->query()
#3 /var/www/wappbuzz/app/Helpers/Common_helper.php(1444): CodeIgniter\Database\BaseBuilder->get()
#4 /var/www/wappbuzz/app/Filters/MainFilter.php(57): db_get()
#5 /var/www/wappbuzz/vendor/codeigniter4/framework/system/Filters/Filters.php(184): App\Filters\MainFilter->before()
#6 /var/www/wappbuzz/vendor/codeigniter4/framework/system/CodeIgniter.php(475): CodeIgniter\Filters\Filters->run()
#7 /var/www/wappbuzz/vendor/codeigniter4/framework/system/CodeIgniter.php(361): CodeIgniter\CodeIgniter->handleRequest()
#8 /var/www/wappbuzz/index.php(34): CodeIgniter\CodeIgniter->run()
#9 {main}
CRITICAL - 2026-05-19 00:11:43 --> CodeIgniter\Database\Exceptions\DatabaseException: Unable to connect to the database.
Main connection [MySQLi]: Too many connections
in SYSTEMPATH/Database/BaseConnection.php on line 428.
 1 SYSTEMPATH/Database/BaseConnection.php(575): CodeIgniter\Database\BaseConnection->initialize()
 2 SYSTEMPATH/Database/BaseBuilder.php(1616): CodeIgniter\Database\BaseConnection->query()
 3 APPPATH/Helpers/Common_helper.php(1444): CodeIgniter\Database\BaseBuilder->get()
 4 APPPATH/Filters/MainFilter.php(57): db_get()
 5 SYSTEMPATH/Filters/Filters.php(184): App\Filters\MainFilter->before()
 6 SYSTEMPATH/CodeIgniter.php(475): CodeIgniter\Filters\Filters->run()
 7 SYSTEMPATH/CodeIgniter.php(361): CodeIgniter\CodeIgniter->handleRequest()
 8 FCPATH/index.php(34): CodeIgniter\CodeIgniter->run()
ERROR - 2026-05-19 00:15:19 --> Error connecting to the database: mysqli_sql_exception: Too many connections in /var/www/wappbuzz/vendor/codeigniter4/framework/system/Database/MySQLi/Connection.php:185
Stack trace:
#0 /var/www/wappbuzz/vendor/codeigniter4/framework/system/Database/MySQLi/Connection.php(185): mysqli->real_connect()
#1 /var/www/wappbuzz/vendor/codeigniter4/framework/system/Database/BaseConnection.php(392): CodeIgniter\Database\MySQLi\Connection->connect()
#2 /var/www/wappbuzz/vendor/codeigniter4/framework/system/Database/BaseConnection.php(575): CodeIgniter\Database\BaseConnection->initialize()
#3 /var/www/wappbuzz/vendor/codeigniter4/framework/system/Database/BaseBuilder.php(1616): CodeIgniter\Database\BaseConnection->query()
#4 /var/www/wappbuzz/app/Helpers/Common_helper.php(1444): CodeIgniter\Database\BaseBuilder->get()
#5 /var/www/wappbuzz/app/Filters/MainFilter.php(57): db_get()
#6 /var/www/wappbuzz/vendor/codeigniter4/framework/system/Filters/Filters.php(184): App\Filters\MainFilter->before()
#7 /var/www/wappbuzz/vendor/codeigniter4/framework/system/CodeIgniter.php(475): CodeIgniter\Filters\Filters->run()
#8 /var/www/wappbuzz/vendor/codeigniter4/framework/system/CodeIgniter.php(361): CodeIgniter\CodeIgniter->handleRequest()
#9 /var/www/wappbuzz/index.php(34): CodeIgniter\CodeIgniter->run()
#10 {main}

Next CodeIgniter\Database\Exceptions\DatabaseException: Too many connections in /var/www/wappbuzz/vendor/codeigniter4/framework/system/Database/MySQLi/Connection.php:229
Stack trace:
#0 /var/www/wappbuzz/vendor/codeigniter4/framework/system/Database/BaseConnection.php(392): CodeIgniter\Database\MySQLi\Connection->connect()
#1 /var/www/wappbuzz/vendor/codeigniter4/framework/system/Database/BaseConnection.php(575): CodeIgniter\Database\BaseConnection->initialize()
#2 /var/www/wappbuzz/vendor/codeigniter4/framework/system/Database/BaseBuilder.php(1616): CodeIgniter\Database\BaseConnection->query()
#3 /var/www/wappbuzz/app/Helpers/Common_helper.php(1444): CodeIgniter\Database\BaseBuilder->get()
#4 /var/www/wappbuzz/app/Filters/MainFilter.php(57): db_get()
#5 /var/www/wappbuzz/vendor/codeigniter4/framework/system/Filters/Filters.php(184): App\Filters\MainFilter->before()
#6 /var/www/wappbuzz/vendor/codeigniter4/framework/system/CodeIgniter.php(475): CodeIgniter\Filters\Filters->run()
#7 /var/www/wappbuzz/vendor/codeigniter4/framework/system/CodeIgniter.php(361): CodeIgniter\CodeIgniter->handleRequest()
#8 /var/www/wappbuzz/index.php(34): CodeIgniter\CodeIgniter->run()
#9 {main}
CRITICAL - 2026-05-19 00:15:19 --> CodeIgniter\Database\Exceptions\DatabaseException: Unable to connect to the database.
Main connection [MySQLi]: Too many connections
in SYSTEMPATH/Database/BaseConnection.php on line 428.
 1 SYSTEMPATH/Database/BaseConnection.php(575): CodeIgniter\Database\BaseConnection->initialize()
 2 SYSTEMPATH/Database/BaseBuilder.php(1616): CodeIgniter\Database\BaseConnection->query()
 3 APPPATH/Helpers/Common_helper.php(1444): CodeIgniter\Database\BaseBuilder->get()
 4 APPPATH/Filters/MainFilter.php(57): db_get()
 5 SYSTEMPATH/Filters/Filters.php(184): App\Filters\MainFilter->before()
 6 SYSTEMPATH/CodeIgniter.php(475): CodeIgniter\Filters\Filters->run()
 7 SYSTEMPATH/CodeIgniter.php(361): CodeIgniter\CodeIgniter->handleRequest()
 8 FCPATH/index.php(34): CodeIgniter\CodeIgniter->run()
ERROR - 2026-05-19 00:16:38 --> Error connecting to the database: mysqli_sql_exception: Too many connections in /var/www/wappbuzz/vendor/codeigniter4/framework/system/Database/MySQLi/Connection.php:185
Stack trace:
#0 /var/www/wappbuzz/vendor/codeigniter4/framework/system/Database/MySQLi/Connection.php(185): mysqli->real_connect()
#1 /var/www/wappbuzz/vendor/codeigniter4/framework/system/Database/BaseConnection.php(392): CodeIgniter\Database\MySQLi\Connection->connect()
#2 /var/www/wappbuzz/vendor/codeigniter4/framework/system/Database/BaseConnection.php(575): CodeIgniter\Database\BaseConnection->initialize()
#3 /var/www/wappbuzz/vendor/codeigniter4/framework/system/Database/BaseBuilder.php(1616): CodeIgniter\Database\BaseConnection->query()
#4 /var/www/wappbuzz/app/Helpers/Common_helper.php(1444): CodeIgniter\Database\BaseBuilder->get()
#5 /var/www/wappbuzz/app/Helpers/Common_helper.php(1348): db_get()
#6 /var/www/wappbuzz/app/Helpers/Common_helper.php(1793): get_option()
#7 /var/www/wappbuzz/inc/core/Home/Controllers/Home.php(7): parse_config()
#8 /var/www/wappbuzz/vendor/codeigniter4/framework/system/CodeIgniter.php(915): Core\Home\Controllers\Home->__construct()
#9 /var/www/wappbuzz/vendor/codeigniter4/framework/system/CodeIgniter.php(971): CodeIgniter\CodeIgniter->createController()
#10 /var/www/wappbuzz/vendor/codeigniter4/framework/system/CodeIgniter.php(370): CodeIgniter\CodeIgniter->display404errors()
#11 /var/www/wappbuzz/index.php(34): CodeIgniter\CodeIgniter->run()
#12 {main}

Next CodeIgniter\Database\Exceptions\DatabaseException: Too many connections in /var/www/wappbuzz/vendor/codeigniter4/framework/system/Database/MySQLi/Connection.php:229
Stack trace:
#0 /var/www/wappbuzz/vendor/codeigniter4/framework/system/Database/BaseConnection.php(392): CodeIgniter\Database\MySQLi\Connection->connect()
#1 /var/www/wappbuzz/vendor/codeigniter4/framework/system/Database/BaseConnection.php(575): CodeIgniter\Database\BaseConnection->initialize()
#2 /var/www/wappbuzz/vendor/codeigniter4/framework/system/Database/BaseBuilder.php(1616): CodeIgniter\Database\BaseConnection->query()
#3 /var/www/wappbuzz/app/Helpers/Common_helper.php(1444): CodeIgniter\Database\BaseBuilder->get()
#4 /var/www/wappbuzz/app/Helpers/Common_helper.php(1348): db_get()
#5 /var/www/wappbuzz/app/Helpers/Common_helper.php(1793): get_option()
#6 /var/www/wappbuzz/inc/core/Home/Controllers/Home.php(7): parse_config()
#7 /var/www/wappbuzz/vendor/codeigniter4/framework/system/CodeIgniter.php(915): Core\Home\Controllers\Home->__construct()
#8 /var/www/wappbuzz/vendor/codeigniter4/framework/system/CodeIgniter.php(971): CodeIgniter\CodeIgniter->createController()
#9 /var/www/wappbuzz/vendor/codeigniter4/framework/system/CodeIgniter.php(370): CodeIgniter\CodeIgniter->display404errors()
#10 /var/www/wappbuzz/index.php(34): CodeIgniter\CodeIgniter->run()
#11 {main}
CRITICAL - 2026-05-19 00:16:38 --> CodeIgniter\Database\Exceptions\DatabaseException: Unable to connect to the database.
Main connection [MySQLi]: Too many connections
in SYSTEMPATH/Database/BaseConnection.php on line 428.
 1 SYSTEMPATH/Database/BaseConnection.php(575): CodeIgniter\Database\BaseConnection->initialize()
 2 SYSTEMPATH/Database/BaseBuilder.php(1616): CodeIgniter\Database\BaseConnection->query()
 3 APPPATH/Helpers/Common_helper.php(1444): CodeIgniter\Database\BaseBuilder->get()
 4 APPPATH/Helpers/Common_helper.php(1348): db_get()
 5 APPPATH/Helpers/Common_helper.php(1793): get_option()
 6 FCPATH/inc/core/Home/Controllers/Home.php(7): parse_config()
 7 SYSTEMPATH/CodeIgniter.php(915): Core\Home\Controllers\Home->__construct()
 8 SYSTEMPATH/CodeIgniter.php(971): CodeIgniter\CodeIgniter->createController()
 9 SYSTEMPATH/CodeIgniter.php(370): CodeIgniter\CodeIgniter->display404errors()
10 FCPATH/index.php(34): CodeIgniter\CodeIgniter->run()
ERROR - 2026-05-19 00:17:32 --> Error connecting to the database: mysqli_sql_exception: Too many connections in /var/www/wappbuzz/vendor/codeigniter4/framework/system/Database/MySQLi/Connection.php:185
Stack trace:
#0 /var/www/wappbuzz/vendor/codeigniter4/framework/system/Database/MySQLi/Connection.php(185): mysqli->real_connect()
#1 /var/www/wappbuzz/vendor/codeigniter4/framework/system/Database/BaseConnection.php(392): CodeIgniter\Database\MySQLi\Connection->connect()
#2 /var/www/wappbuzz/vendor/codeigniter4/framework/system/Database/BaseConnection.php(575): CodeIgniter\Database\BaseConnection->initialize()
#3 /var/www/wappbuzz/vendor/codeigniter4/framework/system/Database/BaseBuilder.php(1616): CodeIgniter\Database\BaseConnection->query()
#4 /var/www/wappbuzz/app/Helpers/Common_helper.php(1444): CodeIgniter\Database\BaseBuilder->get()
#5 /var/www/wappbuzz/app/Filters/MainFilter.php(57): db_get()
#6 /var/www/wappbuzz/vendor/codeigniter4/framework/system/Filters/Filters.php(184): App\Filters\MainFilter->before()
#7 /var/www/wappbuzz/vendor/codeigniter4/framework/system/CodeIgniter.php(475): CodeIgniter\Filters\Filters->run()
#8 /var/www/wappbuzz/vendor/codeigniter4/framework/system/CodeIgniter.php(361): CodeIgniter\CodeIgniter->handleRequest()
#9 /var/www/wappbuzz/index.php(34): CodeIgniter\CodeIgniter->run()
#10 {main}

Next CodeIgniter\Database\Exceptions\DatabaseException: Too many connections in /var/www/wappbuzz/vendor/codeigniter4/framework/system/Database/MySQLi/Connection.php:229
Stack trace:
#0 /var/www/wappbuzz/vendor/codeigniter4/framework/system/Database/BaseConnection.php(392): CodeIgniter\Database\MySQLi\Connection->connect()
#1 /var/www/wappbuzz/vendor/codeigniter4/framework/system/Database/BaseConnection.php(575): CodeIgniter\Database\BaseConnection->initialize()
#2 /var/www/wappbuzz/vendor/codeigniter4/framework/system/Database/BaseBuilder.php(1616): CodeIgniter\Database\BaseConnection->query()
#3 /var/www/wappbuzz/app/Helpers/Common_helper.php(1444): CodeIgniter\Database\BaseBuilder->get()
#4 /var/www/wappbuzz/app/Filters/MainFilter.php(57): db_get()
#5 /var/www/wappbuzz/vendor/codeigniter4/framework/system/Filters/Filters.php(184): App\Filters\MainFilter->before()
#6 /var/www/wappbuzz/vendor/codeigniter4/framework/system/CodeIgniter.php(475): CodeIgniter\Filters\Filters->run()
#7 /var/www/wappbuzz/vendor/codeigniter4/framework/system/CodeIgniter.php(361): CodeIgniter\CodeIgniter->handleRequest()
#8 /var/www/wappbuzz/index.php(34): CodeIgniter\CodeIgniter->run()
#9 {main}
CRITICAL - 2026-05-19 00:17:32 --> CodeIgniter\Database\Exceptions\DatabaseException: Unable to connect to the database.
Main connection [MySQLi]: Too many connections
in SYSTEMPATH/Database/BaseConnection.php on line 428.
 1 SYSTEMPATH/Database/BaseConnection.php(575): CodeIgniter\Database\BaseConnection->initialize()
 2 SYSTEMPATH/Database/BaseBuilder.php(1616): CodeIgniter\Database\BaseConnection->query()
 3 APPPATH/Helpers/Common_helper.php(1444): CodeIgniter\Database\BaseBuilder->get()
 4 APPPATH/Filters/MainFilter.php(57): db_get()
 5 SYSTEMPATH/Filters/Filters.php(184): App\Filters\MainFilter->before()
 6 SYSTEMPATH/CodeIgniter.php(475): CodeIgniter\Filters\Filters->run()
 7 SYSTEMPATH/CodeIgniter.php(361): CodeIgniter\CodeIgniter->handleRequest()
 8 FCPATH/index.php(34): CodeIgniter\CodeIgniter->run()
ERROR - 2026-05-19 00:23:18 --> Error connecting to the database: mysqli_sql_exception: Too many connections in /var/www/wappbuzz/vendor/codeigniter4/framework/system/Database/MySQLi/Connection.php:185
Stack trace:
#0 /var/www/wappbuzz/vendor/codeigniter4/framework/system/Database/MySQLi/Connection.php(185): mysqli->real_connect()
#1 /var/www/wappbuzz/vendor/codeigniter4/framework/system/Database/BaseConnection.php(392): CodeIgniter\Database\MySQLi\Connection->connect()
#2 /var/www/wappbuzz/vendor/codeigniter4/framework/system/Database/BaseConnection.php(575): CodeIgniter\Database\BaseConnection->initialize()
#3 /var/www/wappbuzz/vendor/codeigniter4/framework/system/Database/BaseBuilder.php(1616): CodeIgniter\Database\BaseConnection->query()
#4 /var/www/wappbuzz/app/Helpers/Common_helper.php(1444): CodeIgniter\Database\BaseBuilder->get()
#5 /var/www/wappbuzz/app/Filters/MainFilter.php(57): db_get()
#6 /var/www/wappbuzz/vendor/codeigniter4/framework/system/Filters/Filters.php(184): App\Filters\MainFilter->before()
#7 /var/www/wappbuzz/vendor/codeigniter4/framework/system/CodeIgniter.php(475): CodeIgniter\Filters\Filters->run()
#8 /var/www/wappbuzz/vendor/codeigniter4/framework/system/CodeIgniter.php(361): CodeIgniter\CodeIgniter->handleRequest()
#9 /var/www/wappbuzz/index.php(34): CodeIgniter\CodeIgniter->run()
#10 {main}

Next CodeIgniter\Database\Exceptions\DatabaseException: Too many connections in /var/www/wappbuzz/vendor/codeigniter4/framework/system/Database/MySQLi/Connection.php:229
Stack trace:
#0 /var/www/wappbuzz/vendor/codeigniter4/framework/system/Database/BaseConnection.php(392): CodeIgniter\Database\MySQLi\Connection->connect()
#1 /var/www/wappbuzz/vendor/codeigniter4/framework/system/Database/BaseConnection.php(575): CodeIgniter\Database\BaseConnection->initialize()
#2 /var/www/wappbuzz/vendor/codeigniter4/framework/system/Database/BaseBuilder.php(1616): CodeIgniter\Database\BaseConnection->query()
#3 /var/www/wappbuzz/app/Helpers/Common_helper.php(1444): CodeIgniter\Database\BaseBuilder->get()
#4 /var/www/wappbuzz/app/Filters/MainFilter.php(57): db_get()
#5 /var/www/wappbuzz/vendor/codeigniter4/framework/system/Filters/Filters.php(184): App\Filters\MainFilter->before()
#6 /var/www/wappbuzz/vendor/codeigniter4/framework/system/CodeIgniter.php(475): CodeIgniter\Filters\Filters->run()
#7 /var/www/wappbuzz/vendor/codeigniter4/framework/system/CodeIgniter.php(361): CodeIgniter\CodeIgniter->handleRequest()
#8 /var/www/wappbuzz/index.php(34): CodeIgniter\CodeIgniter->run()
#9 {main}
CRITICAL - 2026-05-19 00:23:18 --> CodeIgniter\Database\Exceptions\DatabaseException: Unable to connect to the database.
Main connection [MySQLi]: Too many connections
in SYSTEMPATH/Database/BaseConnection.php on line 428.
 1 SYSTEMPATH/Database/BaseConnection.php(575): CodeIgniter\Database\BaseConnection->initialize()
 2 SYSTEMPATH/Database/BaseBuilder.php(1616): CodeIgniter\Database\BaseConnection->query()
 3 APPPATH/Helpers/Common_helper.php(1444): CodeIgniter\Database\BaseBuilder->get()
 4 APPPATH/Filters/MainFilter.php(57): db_get()
 5 SYSTEMPATH/Filters/Filters.php(184): App\Filters\MainFilter->before()
 6 SYSTEMPATH/CodeIgniter.php(475): CodeIgniter\Filters\Filters->run()
 7 SYSTEMPATH/CodeIgniter.php(361): CodeIgniter\CodeIgniter->handleRequest()
 8 FCPATH/index.php(34): CodeIgniter\CodeIgniter->run()
ERROR - 2026-05-19 00:27:52 --> Error connecting to the database: mysqli_sql_exception: Too many connections in /var/www/wappbuzz/vendor/codeigniter4/framework/system/Database/MySQLi/Connection.php:185
Stack trace:
#0 /var/www/wappbuzz/vendor/codeigniter4/framework/system/Database/MySQLi/Connection.php(185): mysqli->real_connect()
#1 /var/www/wappbuzz/vendor/codeigniter4/framework/system/Database/BaseConnection.php(392): CodeIgniter\Database\MySQLi\Connection->connect()
#2 /var/www/wappbuzz/vendor/codeigniter4/framework/system/Database/BaseConnection.php(575): CodeIgniter\Database\BaseConnection->initialize()
#3 /var/www/wappbuzz/vendor/codeigniter4/framework/system/Database/BaseBuilder.php(1616): CodeIgniter\Database\BaseConnection->query()
#4 /var/www/wappbuzz/app/Helpers/Common_helper.php(1444): CodeIgniter\Database\BaseBuilder->get()
#5 /var/www/wappbuzz/app/Filters/MainFilter.php(57): db_get()
#6 /var/www/wappbuzz/vendor/codeigniter4/framework/system/Filters/Filters.php(184): App\Filters\MainFilter->before()
#7 /var/www/wappbuzz/vendor/codeigniter4/framework/system/CodeIgniter.php(475): CodeIgniter\Filters\Filters->run()
#8 /var/www/wappbuzz/vendor/codeigniter4/framework/system/CodeIgniter.php(361): CodeIgniter\CodeIgniter->handleRequest()
#9 /var/www/wappbuzz/index.php(34): CodeIgniter\CodeIgniter->run()
#10 {main}

Next CodeIgniter\Database\Exceptions\DatabaseException: Too many connections in /var/www/wappbuzz/vendor/codeigniter4/framework/system/Database/MySQLi/Connection.php:229
Stack trace:
#0 /var/www/wappbuzz/vendor/codeigniter4/framework/system/Database/BaseConnection.php(392): CodeIgniter\Database\MySQLi\Connection->connect()
#1 /var/www/wappbuzz/vendor/codeigniter4/framework/system/Database/BaseConnection.php(575): CodeIgniter\Database\BaseConnection->initialize()
#2 /var/www/wappbuzz/vendor/codeigniter4/framework/system/Database/BaseBuilder.php(1616): CodeIgniter\Database\BaseConnection->query()
#3 /var/www/wappbuzz/app/Helpers/Common_helper.php(1444): CodeIgniter\Database\BaseBuilder->get()
#4 /var/www/wappbuzz/app/Filters/MainFilter.php(57): db_get()
#5 /var/www/wappbuzz/vendor/codeigniter4/framework/system/Filters/Filters.php(184): App\Filters\MainFilter->before()
#6 /var/www/wappbuzz/vendor/codeigniter4/framework/system/CodeIgniter.php(475): CodeIgniter\Filters\Filters->run()
#7 /var/www/wappbuzz/vendor/codeigniter4/framework/system/CodeIgniter.php(361): CodeIgniter\CodeIgniter->handleRequest()
#8 /var/www/wappbuzz/index.php(34): CodeIgniter\CodeIgniter->run()
#9 {main}
CRITICAL - 2026-05-19 00:27:52 --> CodeIgniter\Database\Exceptions\DatabaseException: Unable to connect to the database.
Main connection [MySQLi]: Too many connections
in SYSTEMPATH/Database/BaseConnection.php on line 428.
 1 SYSTEMPATH/Database/BaseConnection.php(575): CodeIgniter\Database\BaseConnection->initialize()
 2 SYSTEMPATH/Database/BaseBuilder.php(1616): CodeIgniter\Database\BaseConnection->query()
 3 APPPATH/Helpers/Common_helper.php(1444): CodeIgniter\Database\BaseBuilder->get()
 4 APPPATH/Filters/MainFilter.php(57): db_get()
 5 SYSTEMPATH/Filters/Filters.php(184): App\Filters\MainFilter->before()
 6 SYSTEMPATH/CodeIgniter.php(475): CodeIgniter\Filters\Filters->run()
 7 SYSTEMPATH/CodeIgniter.php(361): CodeIgniter\CodeIgniter->handleRequest()
 8 FCPATH/index.php(34): CodeIgniter\CodeIgniter->run()
ERROR - 2026-05-19 00:32:14 --> Error connecting to the database: mysqli_sql_exception: Too many connections in /var/www/wappbuzz/vendor/codeigniter4/framework/system/Database/MySQLi/Connection.php:185
Stack trace:
#0 /var/www/wappbuzz/vendor/codeigniter4/framework/system/Database/MySQLi/Connection.php(185): mysqli->real_connect()
#1 /var/www/wappbuzz/vendor/codeigniter4/framework/system/Database/BaseConnection.php(392): CodeIgniter\Database\MySQLi\Connection->connect()
#2 /var/www/wappbuzz/vendor/codeigniter4/framework/system/Database/BaseConnection.php(575): CodeIgniter\Database\BaseConnection->initialize()
#3 /var/www/wappbuzz/vendor/codeigniter4/framework/system/Database/BaseBuilder.php(1616): CodeIgniter\Database\BaseConnection->query()
#4 /var/www/wappbuzz/app/Helpers/Common_helper.php(1444): CodeIgniter\Database\BaseBuilder->get()
#5 /var/www/wappbuzz/app/Filters/MainFilter.php(57): db_get()
#6 /var/www/wappbuzz/vendor/codeigniter4/framework/system/Filters/Filters.php(184): App\Filters\MainFilter->before()
#7 /var/www/wappbuzz/vendor/codeigniter4/framework/system/CodeIgniter.php(475): CodeIgniter\Filters\Filters->run()
#8 /var/www/wappbuzz/vendor/codeigniter4/framework/system/CodeIgniter.php(361): CodeIgniter\CodeIgniter->handleRequest()
#9 /var/www/wappbuzz/index.php(34): CodeIgniter\CodeIgniter->run()
#10 {main}

Next CodeIgniter\Database\Exceptions\DatabaseException: Too many connections in /var/www/wappbuzz/vendor/codeigniter4/framework/system/Database/MySQLi/Connection.php:229
Stack trace:
#0 /var/www/wappbuzz/vendor/codeigniter4/framework/system/Database/BaseConnection.php(392): CodeIgniter\Database\MySQLi\Connection->connect()
#1 /var/www/wappbuzz/vendor/codeigniter4/framework/system/Database/BaseConnection.php(575): CodeIgniter\Database\BaseConnection->initialize()
#2 /var/www/wappbuzz/vendor/codeigniter4/framework/system/Database/BaseBuilder.php(1616): CodeIgniter\Database\BaseConnection->query()
#3 /var/www/wappbuzz/app/Helpers/Common_helper.php(1444): CodeIgniter\Database\BaseBuilder->get()
#4 /var/www/wappbuzz/app/Filters/MainFilter.php(57): db_get()
#5 /var/www/wappbuzz/vendor/codeigniter4/framework/system/Filters/Filters.php(184): App\Filters\MainFilter->before()
#6 /var/www/wappbuzz/vendor/codeigniter4/framework/system/CodeIgniter.php(475): CodeIgniter\Filters\Filters->run()
#7 /var/www/wappbuzz/vendor/codeigniter4/framework/system/CodeIgniter.php(361): CodeIgniter\CodeIgniter->handleRequest()
#8 /var/www/wappbuzz/index.php(34): CodeIgniter\CodeIgniter->run()
#9 {main}
CRITICAL - 2026-05-19 00:32:14 --> CodeIgniter\Database\Exceptions\DatabaseException: Unable to connect to the database.
Main connection [MySQLi]: Too many connections
in SYSTEMPATH/Database/BaseConnection.php on line 428.
 1 SYSTEMPATH/Database/BaseConnection.php(575): CodeIgniter\Database\BaseConnection->initialize()
 2 SYSTEMPATH/Database/BaseBuilder.php(1616): CodeIgniter\Database\BaseConnection->query()
 3 APPPATH/Helpers/Common_helper.php(1444): CodeIgniter\Database\BaseBuilder->get()
 4 APPPATH/Filters/MainFilter.php(57): db_get()
 5 SYSTEMPATH/Filters/Filters.php(184): App\Filters\MainFilter->before()
 6 SYSTEMPATH/CodeIgniter.php(475): CodeIgniter\Filters\Filters->run()
 7 SYSTEMPATH/CodeIgniter.php(361): CodeIgniter\CodeIgniter->handleRequest()
 8 FCPATH/index.php(34): CodeIgniter\CodeIgniter->run()
ERROR - 2026-05-19 00:36:39 --> Error connecting to the database: mysqli_sql_exception: Too many connections in /var/www/wappbuzz/vendor/codeigniter4/framework/system/Database/MySQLi/Connection.php:185
Stack trace:
#0 /var/www/wappbuzz/vendor/codeigniter4/framework/system/Database/MySQLi/Connection.php(185): mysqli->real_connect()
#1 /var/www/wappbuzz/vendor/codeigniter4/framework/system/Database/BaseConnection.php(392): CodeIgniter\Database\MySQLi\Connection->connect()
#2 /var/www/wappbuzz/vendor/codeigniter4/framework/system/Database/BaseConnection.php(575): CodeIgniter\Database\BaseConnection->initialize()
#3 /var/www/wappbuzz/vendor/codeigniter4/framework/system/Database/BaseBuilder.php(1616): CodeIgniter\Database\BaseConnection->query()
#4 /var/www/wappbuzz/app/Helpers/Common_helper.php(1444): CodeIgniter\Database\BaseBuilder->get()
#5 /var/www/wappbuzz/app/Filters/MainFilter.php(57): db_get()
#6 /var/www/wappbuzz/vendor/codeigniter4/framework/system/Filters/Filters.php(184): App\Filters\MainFilter->before()
#7 /var/www/wappbuzz/vendor/codeigniter4/framework/system/CodeIgniter.php(475): CodeIgniter\Filters\Filters->run()
#8 /var/www/wappbuzz/vendor/codeigniter4/framework/system/CodeIgniter.php(361): CodeIgniter\CodeIgniter->handleRequest()
#9 /var/www/wappbuzz/index.php(34): CodeIgniter\CodeIgniter->run()
#10 {main}

Next CodeIgniter\Database\Exceptions\DatabaseException: Too many connections in /var/www/wappbuzz/vendor/codeigniter4/framework/system/Database/MySQLi/Connection.php:229
Stack trace:
#0 /var/www/wappbuzz/vendor/codeigniter4/framework/system/Database/BaseConnection.php(392): CodeIgniter\Database\MySQLi\Connection->connect()
#1 /var/www/wappbuzz/vendor/codeigniter4/framework/system/Database/BaseConnection.php(575): CodeIgniter\Database\BaseConnection->initialize()
#2 /var/www/wappbuzz/vendor/codeigniter4/framework/system/Database/BaseBuilder.php(1616): CodeIgniter\Database\BaseConnection->query()
#3 /var/www/wappbuzz/app/Helpers/Common_helper.php(1444): CodeIgniter\Database\BaseBuilder->get()
#4 /var/www/wappbuzz/app/Filters/MainFilter.php(57): db_get()
#5 /var/www/wappbuzz/vendor/codeigniter4/framework/system/Filters/Filters.php(184): App\Filters\MainFilter->before()
#6 /var/www/wappbuzz/vendor/codeigniter4/framework/system/CodeIgniter.php(475): CodeIgniter\Filters\Filters->run()
#7 /var/www/wappbuzz/vendor/codeigniter4/framework/system/CodeIgniter.php(361): CodeIgniter\CodeIgniter->handleRequest()
#8 /var/www/wappbuzz/index.php(34): CodeIgniter\CodeIgniter->run()
#9 {main}
CRITICAL - 2026-05-19 00:36:39 --> CodeIgniter\Database\Exceptions\DatabaseException: Unable to connect to the database.
Main connection [MySQLi]: Too many connections
in SYSTEMPATH/Database/BaseConnection.php on line 428.
 1 SYSTEMPATH/Database/BaseConnection.php(575): CodeIgniter\Database\BaseConnection->initialize()
 2 SYSTEMPATH/Database/BaseBuilder.php(1616): CodeIgniter\Database\BaseConnection->query()
 3 APPPATH/Helpers/Common_helper.php(1444): CodeIgniter\Database\BaseBuilder->get()
 4 APPPATH/Filters/MainFilter.php(57): db_get()
 5 SYSTEMPATH/Filters/Filters.php(184): App\Filters\MainFilter->before()
 6 SYSTEMPATH/CodeIgniter.php(475): CodeIgniter\Filters\Filters->run()
 7 SYSTEMPATH/CodeIgniter.php(361): CodeIgniter\CodeIgniter->handleRequest()
 8 FCPATH/index.php(34): CodeIgniter\CodeIgniter->run()
ERROR - 2026-05-19 00:39:04 --> Error connecting to the database: mysqli_sql_exception: Too many connections in /var/www/wappbuzz/vendor/codeigniter4/framework/system/Database/MySQLi/Connection.php:185
Stack trace:
#0 /var/www/wappbuzz/vendor/codeigniter4/framework/system/Database/MySQLi/Connection.php(185): mysqli->real_connect()
#1 /var/www/wappbuzz/vendor/codeigniter4/framework/system/Database/BaseConnection.php(392): CodeIgniter\Database\MySQLi\Connection->connect()
#2 /var/www/wappbuzz/vendor/codeigniter4/framework/system/Database/BaseConnection.php(575): CodeIgniter\Database\BaseConnection->initialize()
#3 /var/www/wappbuzz/vendor/codeigniter4/framework/system/Database/BaseBuilder.php(1616): CodeIgniter\Database\BaseConnection->query()
#4 /var/www/wappbuzz/app/Helpers/Common_helper.php(1444): CodeIgniter\Database\BaseBuilder->get()
#5 /var/www/wappbuzz/app/Filters/MainFilter.php(57): db_get()
#6 /var/www/wappbuzz/vendor/codeigniter4/framework/system/Filters/Filters.php(184): App\Filters\MainFilter->before()
#7 /var/www/wappbuzz/vendor/codeigniter4/framework/system/CodeIgniter.php(475): CodeIgniter\Filters\Filters->run()
#8 /var/www/wappbuzz/vendor/codeigniter4/framework/system/CodeIgniter.php(361): CodeIgniter\CodeIgniter->handleRequest()
#9 /var/www/wappbuzz/index.php(34): CodeIgniter\CodeIgniter->run()
#10 {main}

Next CodeIgniter\Database\Exceptions\DatabaseException: Too many connections in /var/www/wappbuzz/vendor/codeigniter4/framework/system/Database/MySQLi/Connection.php:229
Stack trace:
#0 /var/www/wappbuzz/vendor/codeigniter4/framework/system/Database/BaseConnection.php(392): CodeIgniter\Database\MySQLi\Connection->connect()
#1 /var/www/wappbuzz/vendor/codeigniter4/framework/system/Database/BaseConnection.php(575): CodeIgniter\Database\BaseConnection->initialize()
#2 /var/www/wappbuzz/vendor/codeigniter4/framework/system/Database/BaseBuilder.php(1616): CodeIgniter\Database\BaseConnection->query()
#3 /var/www/wappbuzz/app/Helpers/Common_helper.php(1444): CodeIgniter\Database\BaseBuilder->get()
#4 /var/www/wappbuzz/app/Filters/MainFilter.php(57): db_get()
#5 /var/www/wappbuzz/vendor/codeigniter4/framework/system/Filters/Filters.php(184): App\Filters\MainFilter->before()
#6 /var/www/wappbuzz/vendor/codeigniter4/framework/system/CodeIgniter.php(475): CodeIgniter\Filters\Filters->run()
#7 /var/www/wappbuzz/vendor/codeigniter4/framework/system/CodeIgniter.php(361): CodeIgniter\CodeIgniter->handleRequest()
#8 /var/www/wappbuzz/index.php(34): CodeIgniter\CodeIgniter->run()
#9 {main}
CRITICAL - 2026-05-19 00:39:04 --> CodeIgniter\Database\Exceptions\DatabaseException: Unable to connect to the database.
Main connection [MySQLi]: Too many connections
in SYSTEMPATH/Database/BaseConnection.php on line 428.
 1 SYSTEMPATH/Database/BaseConnection.php(575): CodeIgniter\Database\BaseConnection->initialize()
 2 SYSTEMPATH/Database/BaseBuilder.php(1616): CodeIgniter\Database\BaseConnection->query()
 3 APPPATH/Helpers/Common_helper.php(1444): CodeIgniter\Database\BaseBuilder->get()
 4 APPPATH/Filters/MainFilter.php(57): db_get()
 5 SYSTEMPATH/Filters/Filters.php(184): App\Filters\MainFilter->before()
 6 SYSTEMPATH/CodeIgniter.php(475): CodeIgniter\Filters\Filters->run()
 7 SYSTEMPATH/CodeIgniter.php(361): CodeIgniter\CodeIgniter->handleRequest()
 8 FCPATH/index.php(34): CodeIgniter\CodeIgniter->run()
ERROR - 2026-05-19 00:41:43 --> Error connecting to the database: mysqli_sql_exception: Too many connections in /var/www/wappbuzz/vendor/codeigniter4/framework/system/Database/MySQLi/Connection.php:185
Stack trace:
#0 /var/www/wappbuzz/vendor/codeigniter4/framework/system/Database/MySQLi/Connection.php(185): mysqli->real_connect()
#1 /var/www/wappbuzz/vendor/codeigniter4/framework/system/Database/BaseConnection.php(392): CodeIgniter\Database\MySQLi\Connection->connect()
#2 /var/www/wappbuzz/vendor/codeigniter4/framework/system/Database/BaseConnection.php(575): CodeIgniter\Database\BaseConnection->initialize()
#3 /var/www/wappbuzz/vendor/codeigniter4/framework/system/Database/BaseBuilder.php(1616): CodeIgniter\Database\BaseConnection->query()
#4 /var/www/wappbuzz/app/Helpers/Common_helper.php(1444): CodeIgniter\Database\BaseBuilder->get()
#5 /var/www/wappbuzz/app/Filters/MainFilter.php(57): db_get()
#6 /var/www/wappbuzz/vendor/codeigniter4/framework/system/Filters/Filters.php(184): App\Filters\MainFilter->before()
#7 /var/www/wappbuzz/vendor/codeigniter4/framework/system/CodeIgniter.php(475): CodeIgniter\Filters\Filters->run()
#8 /var/www/wappbuzz/vendor/codeigniter4/framework/system/CodeIgniter.php(361): CodeIgniter\CodeIgniter->handleRequest()
#9 /var/www/wappbuzz/index.php(34): CodeIgniter\CodeIgniter->run()
#10 {main}

Next CodeIgniter\Database\Exceptions\DatabaseException: Too many connections in /var/www/wappbuzz/vendor/codeigniter4/framework/system/Database/MySQLi/Connection.php:229
Stack trace:
#0 /var/www/wappbuzz/vendor/codeigniter4/framework/system/Database/BaseConnection.php(392): CodeIgniter\Database\MySQLi\Connection->connect()
#1 /var/www/wappbuzz/vendor/codeigniter4/framework/system/Database/BaseConnection.php(575): CodeIgniter\Database\BaseConnection->initialize()
#2 /var/www/wappbuzz/vendor/codeigniter4/framework/system/Database/BaseBuilder.php(1616): CodeIgniter\Database\BaseConnection->query()
#3 /var/www/wappbuzz/app/Helpers/Common_helper.php(1444): CodeIgniter\Database\BaseBuilder->get()
#4 /var/www/wappbuzz/app/Filters/MainFilter.php(57): db_get()
#5 /var/www/wappbuzz/vendor/codeigniter4/framework/system/Filters/Filters.php(184): App\Filters\MainFilter->before()
#6 /var/www/wappbuzz/vendor/codeigniter4/framework/system/CodeIgniter.php(475): CodeIgniter\Filters\Filters->run()
#7 /var/www/wappbuzz/vendor/codeigniter4/framework/system/CodeIgniter.php(361): CodeIgniter\CodeIgniter->handleRequest()
#8 /var/www/wappbuzz/index.php(34): CodeIgniter\CodeIgniter->run()
#9 {main}
CRITICAL - 2026-05-19 00:41:43 --> CodeIgniter\Database\Exceptions\DatabaseException: Unable to connect to the database.
Main connection [MySQLi]: Too many connections
in SYSTEMPATH/Database/BaseConnection.php on line 428.
 1 SYSTEMPATH/Database/BaseConnection.php(575): CodeIgniter\Database\BaseConnection->initialize()
 2 SYSTEMPATH/Database/BaseBuilder.php(1616): CodeIgniter\Database\BaseConnection->query()
 3 APPPATH/Helpers/Common_helper.php(1444): CodeIgniter\Database\BaseBuilder->get()
 4 APPPATH/Filters/MainFilter.php(57): db_get()
 5 SYSTEMPATH/Filters/Filters.php(184): App\Filters\MainFilter->before()
 6 SYSTEMPATH/CodeIgniter.php(475): CodeIgniter\Filters\Filters->run()
 7 SYSTEMPATH/CodeIgniter.php(361): CodeIgniter\CodeIgniter->handleRequest()
 8 FCPATH/index.php(34): CodeIgniter\CodeIgniter->run()
ERROR - 2026-05-19 00:48:49 --> Error connecting to the database: mysqli_sql_exception: Too many connections in /var/www/wappbuzz/vendor/codeigniter4/framework/system/Database/MySQLi/Connection.php:185
Stack trace:
#0 /var/www/wappbuzz/vendor/codeigniter4/framework/system/Database/MySQLi/Connection.php(185): mysqli->real_connect()
#1 /var/www/wappbuzz/vendor/codeigniter4/framework/system/Database/BaseConnection.php(392): CodeIgniter\Database\MySQLi\Connection->connect()
#2 /var/www/wappbuzz/vendor/codeigniter4/framework/system/Database/BaseConnection.php(575): CodeIgniter\Database\BaseConnection->initialize()
#3 /var/www/wappbuzz/vendor/codeigniter4/framework/system/Database/BaseBuilder.php(1616): CodeIgniter\Database\BaseConnection->query()
#4 /var/www/wappbuzz/app/Helpers/Common_helper.php(1444): CodeIgniter\Database\BaseBuilder->get()
#5 /var/www/wappbuzz/app/Filters/MainFilter.php(57): db_get()
#6 /var/www/wappbuzz/vendor/codeigniter4/framework/system/Filters/Filters.php(184): App\Filters\MainFilter->before()
#7 /var/www/wappbuzz/vendor/codeigniter4/framework/system/CodeIgniter.php(475): CodeIgniter\Filters\Filters->run()
#8 /var/www/wappbuzz/vendor/codeigniter4/framework/system/CodeIgniter.php(361): CodeIgniter\CodeIgniter->handleRequest()
#9 /var/www/wappbuzz/index.php(34): CodeIgniter\CodeIgniter->run()
#10 {main}

Next CodeIgniter\Database\Exceptions\DatabaseException: Too many connections in /var/www/wappbuzz/vendor/codeigniter4/framework/system/Database/MySQLi/Connection.php:229
Stack trace:
#0 /var/www/wappbuzz/vendor/codeigniter4/framework/system/Database/BaseConnection.php(392): CodeIgniter\Database\MySQLi\Connection->connect()
#1 /var/www/wappbuzz/vendor/codeigniter4/framework/system/Database/BaseConnection.php(575): CodeIgniter\Database\BaseConnection->initialize()
#2 /var/www/wappbuzz/vendor/codeigniter4/framework/system/Database/BaseBuilder.php(1616): CodeIgniter\Database\BaseConnection->query()
#3 /var/www/wappbuzz/app/Helpers/Common_helper.php(1444): CodeIgniter\Database\BaseBuilder->get()
#4 /var/www/wappbuzz/app/Filters/MainFilter.php(57): db_get()
#5 /var/www/wappbuzz/vendor/codeigniter4/framework/system/Filters/Filters.php(184): App\Filters\MainFilter->before()
#6 /var/www/wappbuzz/vendor/codeigniter4/framework/system/CodeIgniter.php(475): CodeIgniter\Filters\Filters->run()
#7 /var/www/wappbuzz/vendor/codeigniter4/framework/system/CodeIgniter.php(361): CodeIgniter\CodeIgniter->handleRequest()
#8 /var/www/wappbuzz/index.php(34): CodeIgniter\CodeIgniter->run()
#9 {main}
CRITICAL - 2026-05-19 00:48:49 --> CodeIgniter\Database\Exceptions\DatabaseException: Unable to connect to the database.
Main connection [MySQLi]: Too many connections
in SYSTEMPATH/Database/BaseConnection.php on line 428.
 1 SYSTEMPATH/Database/BaseConnection.php(575): CodeIgniter\Database\BaseConnection->initialize()
 2 SYSTEMPATH/Database/BaseBuilder.php(1616): CodeIgniter\Database\BaseConnection->query()
 3 APPPATH/Helpers/Common_helper.php(1444): CodeIgniter\Database\BaseBuilder->get()
 4 APPPATH/Filters/MainFilter.php(57): db_get()
 5 SYSTEMPATH/Filters/Filters.php(184): App\Filters\MainFilter->before()
 6 SYSTEMPATH/CodeIgniter.php(475): CodeIgniter\Filters\Filters->run()
 7 SYSTEMPATH/CodeIgniter.php(361): CodeIgniter\CodeIgniter->handleRequest()
 8 FCPATH/index.php(34): CodeIgniter\CodeIgniter->run()
ERROR - 2026-05-19 00:54:00 --> Error connecting to the database: mysqli_sql_exception: Too many connections in /var/www/wappbuzz/vendor/codeigniter4/framework/system/Database/MySQLi/Connection.php:185
Stack trace:
#0 /var/www/wappbuzz/vendor/codeigniter4/framework/system/Database/MySQLi/Connection.php(185): mysqli->real_connect()
#1 /var/www/wappbuzz/vendor/codeigniter4/framework/system/Database/BaseConnection.php(392): CodeIgniter\Database\MySQLi\Connection->connect()
#2 /var/www/wappbuzz/vendor/codeigniter4/framework/system/Database/BaseConnection.php(575): CodeIgniter\Database\BaseConnection->initialize()
#3 /var/www/wappbuzz/vendor/codeigniter4/framework/system/Database/BaseBuilder.php(1616): CodeIgniter\Database\BaseConnection->query()
#4 /var/www/wappbuzz/app/Helpers/Common_helper.php(1444): CodeIgniter\Database\BaseBuilder->get()
#5 /var/www/wappbuzz/app/Filters/MainFilter.php(57): db_get()
#6 /var/www/wappbuzz/vendor/codeigniter4/framework/system/Filters/Filters.php(184): App\Filters\MainFilter->before()
#7 /var/www/wappbuzz/vendor/codeigniter4/framework/system/CodeIgniter.php(475): CodeIgniter\Filters\Filters->run()
#8 /var/www/wappbuzz/vendor/codeigniter4/framework/system/CodeIgniter.php(361): CodeIgniter\CodeIgniter->handleRequest()
#9 /var/www/wappbuzz/index.php(34): CodeIgniter\CodeIgniter->run()
#10 {main}

Next CodeIgniter\Database\Exceptions\DatabaseException: Too many connections in /var/www/wappbuzz/vendor/codeigniter4/framework/system/Database/MySQLi/Connection.php:229
Stack trace:
#0 /var/www/wappbuzz/vendor/codeigniter4/framework/system/Database/BaseConnection.php(392): CodeIgniter\Database\MySQLi\Connection->connect()
#1 /var/www/wappbuzz/vendor/codeigniter4/framework/system/Database/BaseConnection.php(575): CodeIgniter\Database\BaseConnection->initialize()
#2 /var/www/wappbuzz/vendor/codeigniter4/framework/system/Database/BaseBuilder.php(1616): CodeIgniter\Database\BaseConnection->query()
#3 /var/www/wappbuzz/app/Helpers/Common_helper.php(1444): CodeIgniter\Database\BaseBuilder->get()
#4 /var/www/wappbuzz/app/Filters/MainFilter.php(57): db_get()
#5 /var/www/wappbuzz/vendor/codeigniter4/framework/system/Filters/Filters.php(184): App\Filters\MainFilter->before()
#6 /var/www/wappbuzz/vendor/codeigniter4/framework/system/CodeIgniter.php(475): CodeIgniter\Filters\Filters->run()
#7 /var/www/wappbuzz/vendor/codeigniter4/framework/system/CodeIgniter.php(361): CodeIgniter\CodeIgniter->handleRequest()
#8 /var/www/wappbuzz/index.php(34): CodeIgniter\CodeIgniter->run()
#9 {main}
CRITICAL - 2026-05-19 00:54:00 --> CodeIgniter\Database\Exceptions\DatabaseException: Unable to connect to the database.
Main connection [MySQLi]: Too many connections
in SYSTEMPATH/Database/BaseConnection.php on line 428.
 1 SYSTEMPATH/Database/BaseConnection.php(575): CodeIgniter\Database\BaseConnection->initialize()
 2 SYSTEMPATH/Database/BaseBuilder.php(1616): CodeIgniter\Database\BaseConnection->query()
 3 APPPATH/Helpers/Common_helper.php(1444): CodeIgniter\Database\BaseBuilder->get()
 4 APPPATH/Filters/MainFilter.php(57): db_get()
 5 SYSTEMPATH/Filters/Filters.php(184): App\Filters\MainFilter->before()
 6 SYSTEMPATH/CodeIgniter.php(475): CodeIgniter\Filters\Filters->run()
 7 SYSTEMPATH/CodeIgniter.php(361): CodeIgniter\CodeIgniter->handleRequest()
 8 FCPATH/index.php(34): CodeIgniter\CodeIgniter->run()
ERROR - 2026-05-19 00:57:07 --> Error connecting to the database: mysqli_sql_exception: Too many connections in /var/www/wappbuzz/vendor/codeigniter4/framework/system/Database/MySQLi/Connection.php:185
Stack trace:
#0 /var/www/wappbuzz/vendor/codeigniter4/framework/system/Database/MySQLi/Connection.php(185): mysqli->real_connect()
#1 /var/www/wappbuzz/vendor/codeigniter4/framework/system/Database/BaseConnection.php(392): CodeIgniter\Database\MySQLi\Connection->connect()
#2 /var/www/wappbuzz/vendor/codeigniter4/framework/system/Database/BaseConnection.php(575): CodeIgniter\Database\BaseConnection->initialize()
#3 /var/www/wappbuzz/vendor/codeigniter4/framework/system/Database/BaseBuilder.php(1616): CodeIgniter\Database\BaseConnection->query()
#4 /var/www/wappbuzz/app/Helpers/Common_helper.php(1444): CodeIgniter\Database\BaseBuilder->get()
#5 /var/www/wappbuzz/app/Filters/MainFilter.php(57): db_get()
#6 /var/www/wappbuzz/vendor/codeigniter4/framework/system/Filters/Filters.php(184): App\Filters\MainFilter->before()
#7 /var/www/wappbuzz/vendor/codeigniter4/framework/system/CodeIgniter.php(475): CodeIgniter\Filters\Filters->run()
#8 /var/www/wappbuzz/vendor/codeigniter4/framework/system/CodeIgniter.php(361): CodeIgniter\CodeIgniter->handleRequest()
#9 /var/www/wappbuzz/index.php(34): CodeIgniter\CodeIgniter->run()
#10 {main}

Next CodeIgniter\Database\Exceptions\DatabaseException: Too many connections in /var/www/wappbuzz/vendor/codeigniter4/framework/system/Database/MySQLi/Connection.php:229
Stack trace:
#0 /var/www/wappbuzz/vendor/codeigniter4/framework/system/Database/BaseConnection.php(392): CodeIgniter\Database\MySQLi\Connection->connect()
#1 /var/www/wappbuzz/vendor/codeigniter4/framework/system/Database/BaseConnection.php(575): CodeIgniter\Database\BaseConnection->initialize()
#2 /var/www/wappbuzz/vendor/codeigniter4/framework/system/Database/BaseBuilder.php(1616): CodeIgniter\Database\BaseConnection->query()
#3 /var/www/wappbuzz/app/Helpers/Common_helper.php(1444): CodeIgniter\Database\BaseBuilder->get()
#4 /var/www/wappbuzz/app/Filters/MainFilter.php(57): db_get()
#5 /var/www/wappbuzz/vendor/codeigniter4/framework/system/Filters/Filters.php(184): App\Filters\MainFilter->before()
#6 /var/www/wappbuzz/vendor/codeigniter4/framework/system/CodeIgniter.php(475): CodeIgniter\Filters\Filters->run()
#7 /var/www/wappbuzz/vendor/codeigniter4/framework/system/CodeIgniter.php(361): CodeIgniter\CodeIgniter->handleRequest()
#8 /var/www/wappbuzz/index.php(34): CodeIgniter\CodeIgniter->run()
#9 {main}
CRITICAL - 2026-05-19 00:57:07 --> CodeIgniter\Database\Exceptions\DatabaseException: Unable to connect to the database.
Main connection [MySQLi]: Too many connections
in SYSTEMPATH/Database/BaseConnection.php on line 428.
 1 SYSTEMPATH/Database/BaseConnection.php(575): CodeIgniter\Database\BaseConnection->initialize()
 2 SYSTEMPATH/Database/BaseBuilder.php(1616): CodeIgniter\Database\BaseConnection->query()
 3 APPPATH/Helpers/Common_helper.php(1444): CodeIgniter\Database\BaseBuilder->get()
 4 APPPATH/Filters/MainFilter.php(57): db_get()
 5 SYSTEMPATH/Filters/Filters.php(184): App\Filters\MainFilter->before()
 6 SYSTEMPATH/CodeIgniter.php(475): CodeIgniter\Filters\Filters->run()
 7 SYSTEMPATH/CodeIgniter.php(361): CodeIgniter\CodeIgniter->handleRequest()
 8 FCPATH/index.php(34): CodeIgniter\CodeIgniter->run()
ERROR - 2026-05-19 00:57:38 --> Error connecting to the database: mysqli_sql_exception: Too many connections in /var/www/wappbuzz/vendor/codeigniter4/framework/system/Database/MySQLi/Connection.php:185
Stack trace:
#0 /var/www/wappbuzz/vendor/codeigniter4/framework/system/Database/MySQLi/Connection.php(185): mysqli->real_connect()
#1 /var/www/wappbuzz/vendor/codeigniter4/framework/system/Database/BaseConnection.php(392): CodeIgniter\Database\MySQLi\Connection->connect()
#2 /var/www/wappbuzz/vendor/codeigniter4/framework/system/Database/BaseConnection.php(575): CodeIgniter\Database\BaseConnection->initialize()
#3 /var/www/wappbuzz/vendor/codeigniter4/framework/system/Database/BaseBuilder.php(1616): CodeIgniter\Database\BaseConnection->query()
#4 /var/www/wappbuzz/app/Helpers/Common_helper.php(1444): CodeIgniter\Database\BaseBuilder->get()
#5 /var/www/wappbuzz/app/Filters/MainFilter.php(57): db_get()
#6 /var/www/wappbuzz/vendor/codeigniter4/framework/system/Filters/Filters.php(184): App\Filters\MainFilter->before()
#7 /var/www/wappbuzz/vendor/codeigniter4/framework/system/CodeIgniter.php(475): CodeIgniter\Filters\Filters->run()
#8 /var/www/wappbuzz/vendor/codeigniter4/framework/system/CodeIgniter.php(361): CodeIgniter\CodeIgniter->handleRequest()
#9 /var/www/wappbuzz/index.php(34): CodeIgniter\CodeIgniter->run()
#10 {main}

Next CodeIgniter\Database\Exceptions\DatabaseException: Too many connections in /var/www/wappbuzz/vendor/codeigniter4/framework/system/Database/MySQLi/Connection.php:229
Stack trace:
#0 /var/www/wappbuzz/vendor/codeigniter4/framework/system/Database/BaseConnection.php(392): CodeIgniter\Database\MySQLi\Connection->connect()
#1 /var/www/wappbuzz/vendor/codeigniter4/framework/system/Database/BaseConnection.php(575): CodeIgniter\Database\BaseConnection->initialize()
#2 /var/www/wappbuzz/vendor/codeigniter4/framework/system/Database/BaseBuilder.php(1616): CodeIgniter\Database\BaseConnection->query()
#3 /var/www/wappbuzz/app/Helpers/Common_helper.php(1444): CodeIgniter\Database\BaseBuilder->get()
#4 /var/www/wappbuzz/app/Filters/MainFilter.php(57): db_get()
#5 /var/www/wappbuzz/vendor/codeigniter4/framework/system/Filters/Filters.php(184): App\Filters\MainFilter->before()
#6 /var/www/wappbuzz/vendor/codeigniter4/framework/system/CodeIgniter.php(475): CodeIgniter\Filters\Filters->run()
#7 /var/www/wappbuzz/vendor/codeigniter4/framework/system/CodeIgniter.php(361): CodeIgniter\CodeIgniter->handleRequest()
#8 /var/www/wappbuzz/index.php(34): CodeIgniter\CodeIgniter->run()
#9 {main}
CRITICAL - 2026-05-19 00:57:38 --> CodeIgniter\Database\Exceptions\DatabaseException: Unable to connect to the database.
Main connection [MySQLi]: Too many connections
in SYSTEMPATH/Database/BaseConnection.php on line 428.
 1 SYSTEMPATH/Database/BaseConnection.php(575): CodeIgniter\Database\BaseConnection->initialize()
 2 SYSTEMPATH/Database/BaseBuilder.php(1616): CodeIgniter\Database\BaseConnection->query()
 3 APPPATH/Helpers/Common_helper.php(1444): CodeIgniter\Database\BaseBuilder->get()
 4 APPPATH/Filters/MainFilter.php(57): db_get()
 5 SYSTEMPATH/Filters/Filters.php(184): App\Filters\MainFilter->before()
 6 SYSTEMPATH/CodeIgniter.php(475): CodeIgniter\Filters\Filters->run()
 7 SYSTEMPATH/CodeIgniter.php(361): CodeIgniter\CodeIgniter->handleRequest()
 8 FCPATH/index.php(34): CodeIgniter\CodeIgniter->run()
ERROR - 2026-05-19 00:58:09 --> Error connecting to the database: mysqli_sql_exception: Too many connections in /var/www/wappbuzz/vendor/codeigniter4/framework/system/Database/MySQLi/Connection.php:185
Stack trace:
#0 /var/www/wappbuzz/vendor/codeigniter4/framework/system/Database/MySQLi/Connection.php(185): mysqli->real_connect()
#1 /var/www/wappbuzz/vendor/codeigniter4/framework/system/Database/BaseConnection.php(392): CodeIgniter\Database\MySQLi\Connection->connect()
#2 /var/www/wappbuzz/vendor/codeigniter4/framework/system/Database/BaseConnection.php(575): CodeIgniter\Database\BaseConnection->initialize()
#3 /var/www/wappbuzz/vendor/codeigniter4/framework/system/Database/BaseBuilder.php(1616): CodeIgniter\Database\BaseConnection->query()
#4 /var/www/wappbuzz/app/Helpers/Common_helper.php(1444): CodeIgniter\Database\BaseBuilder->get()
#5 /var/www/wappbuzz/app/Filters/MainFilter.php(57): db_get()
#6 /var/www/wappbuzz/vendor/codeigniter4/framework/system/Filters/Filters.php(184): App\Filters\MainFilter->before()
#7 /var/www/wappbuzz/vendor/codeigniter4/framework/system/CodeIgniter.php(475): CodeIgniter\Filters\Filters->run()
#8 /var/www/wappbuzz/vendor/codeigniter4/framework/system/CodeIgniter.php(361): CodeIgniter\CodeIgniter->handleRequest()
#9 /var/www/wappbuzz/index.php(34): CodeIgniter\CodeIgniter->run()
#10 {main}

Next CodeIgniter\Database\Exceptions\DatabaseException: Too many connections in /var/www/wappbuzz/vendor/codeigniter4/framework/system/Database/MySQLi/Connection.php:229
Stack trace:
#0 /var/www/wappbuzz/vendor/codeigniter4/framework/system/Database/BaseConnection.php(392): CodeIgniter\Database\MySQLi\Connection->connect()
#1 /var/www/wappbuzz/vendor/codeigniter4/framework/system/Database/BaseConnection.php(575): CodeIgniter\Database\BaseConnection->initialize()
#2 /var/www/wappbuzz/vendor/codeigniter4/framework/system/Database/BaseBuilder.php(1616): CodeIgniter\Database\BaseConnection->query()
#3 /var/www/wappbuzz/app/Helpers/Common_helper.php(1444): CodeIgniter\Database\BaseBuilder->get()
#4 /var/www/wappbuzz/app/Filters/MainFilter.php(57): db_get()
#5 /var/www/wappbuzz/vendor/codeigniter4/framework/system/Filters/Filters.php(184): App\Filters\MainFilter->before()
#6 /var/www/wappbuzz/vendor/codeigniter4/framework/system/CodeIgniter.php(475): CodeIgniter\Filters\Filters->run()
#7 /var/www/wappbuzz/vendor/codeigniter4/framework/system/CodeIgniter.php(361): CodeIgniter\CodeIgniter->handleRequest()
#8 /var/www/wappbuzz/index.php(34): CodeIgniter\CodeIgniter->run()
#9 {main}
CRITICAL - 2026-05-19 00:58:09 --> CodeIgniter\Database\Exceptions\DatabaseException: Unable to connect to the database.
Main connection [MySQLi]: Too many connections
in SYSTEMPATH/Database/BaseConnection.php on line 428.
 1 SYSTEMPATH/Database/BaseConnection.php(575): CodeIgniter\Database\BaseConnection->initialize()
 2 SYSTEMPATH/Database/BaseBuilder.php(1616): CodeIgniter\Database\BaseConnection->query()
 3 APPPATH/Helpers/Common_helper.php(1444): CodeIgniter\Database\BaseBuilder->get()
 4 APPPATH/Filters/MainFilter.php(57): db_get()
 5 SYSTEMPATH/Filters/Filters.php(184): App\Filters\MainFilter->before()
 6 SYSTEMPATH/CodeIgniter.php(475): CodeIgniter\Filters\Filters->run()
 7 SYSTEMPATH/CodeIgniter.php(361): CodeIgniter\CodeIgniter->handleRequest()
 8 FCPATH/index.php(34): CodeIgniter\CodeIgniter->run()
ERROR - 2026-05-19 00:58:14 --> Error connecting to the database: mysqli_sql_exception: Too many connections in /var/www/wappbuzz/vendor/codeigniter4/framework/system/Database/MySQLi/Connection.php:185
Stack trace:
#0 /var/www/wappbuzz/vendor/codeigniter4/framework/system/Database/MySQLi/Connection.php(185): mysqli->real_connect()
#1 /var/www/wappbuzz/vendor/codeigniter4/framework/system/Database/BaseConnection.php(392): CodeIgniter\Database\MySQLi\Connection->connect()
#2 /var/www/wappbuzz/vendor/codeigniter4/framework/system/Database/BaseConnection.php(575): CodeIgniter\Database\BaseConnection->initialize()
#3 /var/www/wappbuzz/vendor/codeigniter4/framework/system/Database/BaseBuilder.php(1616): CodeIgniter\Database\BaseConnection->query()
#4 /var/www/wappbuzz/app/Helpers/Common_helper.php(1444): CodeIgniter\Database\BaseBuilder->get()
#5 /var/www/wappbuzz/app/Filters/MainFilter.php(57): db_get()
#6 /var/www/wappbuzz/vendor/codeigniter4/framework/system/Filters/Filters.php(184): App\Filters\MainFilter->before()
#7 /var/www/wappbuzz/vendor/codeigniter4/framework/system/CodeIgniter.php(475): CodeIgniter\Filters\Filters->run()
#8 /var/www/wappbuzz/vendor/codeigniter4/framework/system/CodeIgniter.php(361): CodeIgniter\CodeIgniter->handleRequest()
#9 /var/www/wappbuzz/index.php(34): CodeIgniter\CodeIgniter->run()
#10 {main}

Next CodeIgniter\Database\Exceptions\DatabaseException: Too many connections in /var/www/wappbuzz/vendor/codeigniter4/framework/system/Database/MySQLi/Connection.php:229
Stack trace:
#0 /var/www/wappbuzz/vendor/codeigniter4/framework/system/Database/BaseConnection.php(392): CodeIgniter\Database\MySQLi\Connection->connect()
#1 /var/www/wappbuzz/vendor/codeigniter4/framework/system/Database/BaseConnection.php(575): CodeIgniter\Database\BaseConnection->initialize()
#2 /var/www/wappbuzz/vendor/codeigniter4/framework/system/Database/BaseBuilder.php(1616): CodeIgniter\Database\BaseConnection->query()
#3 /var/www/wappbuzz/app/Helpers/Common_helper.php(1444): CodeIgniter\Database\BaseBuilder->get()
#4 /var/www/wappbuzz/app/Filters/MainFilter.php(57): db_get()
#5 /var/www/wappbuzz/vendor/codeigniter4/framework/system/Filters/Filters.php(184): App\Filters\MainFilter->before()
#6 /var/www/wappbuzz/vendor/codeigniter4/framework/system/CodeIgniter.php(475): CodeIgniter\Filters\Filters->run()
#7 /var/www/wappbuzz/vendor/codeigniter4/framework/system/CodeIgniter.php(361): CodeIgniter\CodeIgniter->handleRequest()
#8 /var/www/wappbuzz/index.php(34): CodeIgniter\CodeIgniter->run()
#9 {main}
CRITICAL - 2026-05-19 00:58:14 --> CodeIgniter\Database\Exceptions\DatabaseException: Unable to connect to the database.
Main connection [MySQLi]: Too many connections
in SYSTEMPATH/Database/BaseConnection.php on line 428.
 1 SYSTEMPATH/Database/BaseConnection.php(575): CodeIgniter\Database\BaseConnection->initialize()
 2 SYSTEMPATH/Database/BaseBuilder.php(1616): CodeIgniter\Database\BaseConnection->query()
 3 APPPATH/Helpers/Common_helper.php(1444): CodeIgniter\Database\BaseBuilder->get()
 4 APPPATH/Filters/MainFilter.php(57): db_get()
 5 SYSTEMPATH/Filters/Filters.php(184): App\Filters\MainFilter->before()
 6 SYSTEMPATH/CodeIgniter.php(475): CodeIgniter\Filters\Filters->run()
 7 SYSTEMPATH/CodeIgniter.php(361): CodeIgniter\CodeIgniter->handleRequest()
 8 FCPATH/index.php(34): CodeIgniter\CodeIgniter->run()
ERROR - 2026-05-19 00:58:17 --> Error connecting to the database: mysqli_sql_exception: Too many connections in /var/www/wappbuzz/vendor/codeigniter4/framework/system/Database/MySQLi/Connection.php:185
Stack trace:
#0 /var/www/wappbuzz/vendor/codeigniter4/framework/system/Database/MySQLi/Connection.php(185): mysqli->real_connect()
#1 /var/www/wappbuzz/vendor/codeigniter4/framework/system/Database/BaseConnection.php(392): CodeIgniter\Database\MySQLi\Connection->connect()
#2 /var/www/wappbuzz/vendor/codeigniter4/framework/system/Database/BaseConnection.php(575): CodeIgniter\Database\BaseConnection->initialize()
#3 /var/www/wappbuzz/vendor/codeigniter4/framework/system/Database/BaseBuilder.php(1616): CodeIgniter\Database\BaseConnection->query()
#4 /var/www/wappbuzz/app/Helpers/Common_helper.php(1444): CodeIgniter\Database\BaseBuilder->get()
#5 /var/www/wappbuzz/app/Filters/MainFilter.php(57): db_get()
#6 /var/www/wappbuzz/vendor/codeigniter4/framework/system/Filters/Filters.php(184): App\Filters\MainFilter->before()
#7 /var/www/wappbuzz/vendor/codeigniter4/framework/system/CodeIgniter.php(475): CodeIgniter\Filters\Filters->run()
#8 /var/www/wappbuzz/vendor/codeigniter4/framework/system/CodeIgniter.php(361): CodeIgniter\CodeIgniter->handleRequest()
#9 /var/www/wappbuzz/index.php(34): CodeIgniter\CodeIgniter->run()
#10 {main}

Next CodeIgniter\Database\Exceptions\DatabaseException: Too many connections in /var/www/wappbuzz/vendor/codeigniter4/framework/system/Database/MySQLi/Connection.php:229
Stack trace:
#0 /var/www/wappbuzz/vendor/codeigniter4/framework/system/Database/BaseConnection.php(392): CodeIgniter\Database\MySQLi\Connection->connect()
#1 /var/www/wappbuzz/vendor/codeigniter4/framework/system/Database/BaseConnection.php(575): CodeIgniter\Database\BaseConnection->initialize()
#2 /var/www/wappbuzz/vendor/codeigniter4/framework/system/Database/BaseBuilder.php(1616): CodeIgniter\Database\BaseConnection->query()
#3 /var/www/wappbuzz/app/Helpers/Common_helper.php(1444): CodeIgniter\Database\BaseBuilder->get()
#4 /var/www/wappbuzz/app/Filters/MainFilter.php(57): db_get()
#5 /var/www/wappbuzz/vendor/codeigniter4/framework/system/Filters/Filters.php(184): App\Filters\MainFilter->before()
#6 /var/www/wappbuzz/vendor/codeigniter4/framework/system/CodeIgniter.php(475): CodeIgniter\Filters\Filters->run()
#7 /var/www/wappbuzz/vendor/codeigniter4/framework/system/CodeIgniter.php(361): CodeIgniter\CodeIgniter->handleRequest()
#8 /var/www/wappbuzz/index.php(34): CodeIgniter\CodeIgniter->run()
#9 {main}
CRITICAL - 2026-05-19 00:58:17 --> CodeIgniter\Database\Exceptions\DatabaseException: Unable to connect to the database.
Main connection [MySQLi]: Too many connections
in SYSTEMPATH/Database/BaseConnection.php on line 428.
 1 SYSTEMPATH/Database/BaseConnection.php(575): CodeIgniter\Database\BaseConnection->initialize()
 2 SYSTEMPATH/Database/BaseBuilder.php(1616): CodeIgniter\Database\BaseConnection->query()
 3 APPPATH/Helpers/Common_helper.php(1444): CodeIgniter\Database\BaseBuilder->get()
 4 APPPATH/Filters/MainFilter.php(57): db_get()
 5 SYSTEMPATH/Filters/Filters.php(184): App\Filters\MainFilter->before()
 6 SYSTEMPATH/CodeIgniter.php(475): CodeIgniter\Filters\Filters->run()
 7 SYSTEMPATH/CodeIgniter.php(361): CodeIgniter\CodeIgniter->handleRequest()
 8 FCPATH/index.php(34): CodeIgniter\CodeIgniter->run()
ERROR - 2026-05-19 00:58:36 --> Error connecting to the database: mysqli_sql_exception: Too many connections in /var/www/wappbuzz/vendor/codeigniter4/framework/system/Database/MySQLi/Connection.php:185
Stack trace:
#0 /var/www/wappbuzz/vendor/codeigniter4/framework/system/Database/MySQLi/Connection.php(185): mysqli->real_connect()
#1 /var/www/wappbuzz/vendor/codeigniter4/framework/system/Database/BaseConnection.php(392): CodeIgniter\Database\MySQLi\Connection->connect()
#2 /var/www/wappbuzz/vendor/codeigniter4/framework/system/Database/BaseConnection.php(575): CodeIgniter\Database\BaseConnection->initialize()
#3 /var/www/wappbuzz/vendor/codeigniter4/framework/system/Database/BaseBuilder.php(1616): CodeIgniter\Database\BaseConnection->query()
#4 /var/www/wappbuzz/app/Helpers/Common_helper.php(1444): CodeIgniter\Database\BaseBuilder->get()
#5 /var/www/wappbuzz/app/Filters/MainFilter.php(57): db_get()
#6 /var/www/wappbuzz/vendor/codeigniter4/framework/system/Filters/Filters.php(184): App\Filters\MainFilter->before()
#7 /var/www/wappbuzz/vendor/codeigniter4/framework/system/CodeIgniter.php(475): CodeIgniter\Filters\Filters->run()
#8 /var/www/wappbuzz/vendor/codeigniter4/framework/system/CodeIgniter.php(361): CodeIgniter\CodeIgniter->handleRequest()
#9 /var/www/wappbuzz/index.php(34): CodeIgniter\CodeIgniter->run()
#10 {main}

Next CodeIgniter\Database\Exceptions\DatabaseException: Too many connections in /var/www/wappbuzz/vendor/codeigniter4/framework/system/Database/MySQLi/Connection.php:229
Stack trace:
#0 /var/www/wappbuzz/vendor/codeigniter4/framework/system/Database/BaseConnection.php(392): CodeIgniter\Database\MySQLi\Connection->connect()
#1 /var/www/wappbuzz/vendor/codeigniter4/framework/system/Database/BaseConnection.php(575): CodeIgniter\Database\BaseConnection->initialize()
#2 /var/www/wappbuzz/vendor/codeigniter4/framework/system/Database/BaseBuilder.php(1616): CodeIgniter\Database\BaseConnection->query()
#3 /var/www/wappbuzz/app/Helpers/Common_helper.php(1444): CodeIgniter\Database\BaseBuilder->get()
#4 /var/www/wappbuzz/app/Filters/MainFilter.php(57): db_get()
#5 /var/www/wappbuzz/vendor/codeigniter4/framework/system/Filters/Filters.php(184): App\Filters\MainFilter->before()
#6 /var/www/wappbuzz/vendor/codeigniter4/framework/system/CodeIgniter.php(475): CodeIgniter\Filters\Filters->run()
#7 /var/www/wappbuzz/vendor/codeigniter4/framework/system/CodeIgniter.php(361): CodeIgniter\CodeIgniter->handleRequest()
#8 /var/www/wappbuzz/index.php(34): CodeIgniter\CodeIgniter->run()
#9 {main}
CRITICAL - 2026-05-19 00:58:36 --> CodeIgniter\Database\Exceptions\DatabaseException: Unable to connect to the database.
Main connection [MySQLi]: Too many connections
in SYSTEMPATH/Database/BaseConnection.php on line 428.
 1 SYSTEMPATH/Database/BaseConnection.php(575): CodeIgniter\Database\BaseConnection->initialize()
 2 SYSTEMPATH/Database/BaseBuilder.php(1616): CodeIgniter\Database\BaseConnection->query()
 3 APPPATH/Helpers/Common_helper.php(1444): CodeIgniter\Database\BaseBuilder->get()
 4 APPPATH/Filters/MainFilter.php(57): db_get()
 5 SYSTEMPATH/Filters/Filters.php(184): App\Filters\MainFilter->before()
 6 SYSTEMPATH/CodeIgniter.php(475): CodeIgniter\Filters\Filters->run()
 7 SYSTEMPATH/CodeIgniter.php(361): CodeIgniter\CodeIgniter->handleRequest()
 8 FCPATH/index.php(34): CodeIgniter\CodeIgniter->run()
ERROR - 2026-05-19 01:02:33 --> Error connecting to the database: mysqli_sql_exception: Too many connections in /var/www/wappbuzz/vendor/codeigniter4/framework/system/Database/MySQLi/Connection.php:185
Stack trace:
#0 /var/www/wappbuzz/vendor/codeigniter4/framework/system/Database/MySQLi/Connection.php(185): mysqli->real_connect()
#1 /var/www/wappbuzz/vendor/codeigniter4/framework/system/Database/BaseConnection.php(392): CodeIgniter\Database\MySQLi\Connection->connect()
#2 /var/www/wappbuzz/vendor/codeigniter4/framework/system/Database/BaseConnection.php(575): CodeIgniter\Database\BaseConnection->initialize()
#3 /var/www/wappbuzz/vendor/codeigniter4/framework/system/Database/BaseBuilder.php(1616): CodeIgniter\Database\BaseConnection->query()
#4 /var/www/wappbuzz/app/Helpers/Common_helper.php(1444): CodeIgniter\Database\BaseBuilder->get()
#5 /var/www/wappbuzz/app/Filters/MainFilter.php(57): db_get()
#6 /var/www/wappbuzz/vendor/codeigniter4/framework/system/Filters/Filters.php(184): App\Filters\MainFilter->before()
#7 /var/www/wappbuzz/vendor/codeigniter4/framework/system/CodeIgniter.php(475): CodeIgniter\Filters\Filters->run()
#8 /var/www/wappbuzz/vendor/codeigniter4/framework/system/CodeIgniter.php(361): CodeIgniter\CodeIgniter->handleRequest()
#9 /var/www/wappbuzz/index.php(34): CodeIgniter\CodeIgniter->run()
#10 {main}

Next CodeIgniter\Database\Exceptions\DatabaseException: Too many connections in /var/www/wappbuzz/vendor/codeigniter4/framework/system/Database/MySQLi/Connection.php:229
Stack trace:
#0 /var/www/wappbuzz/vendor/codeigniter4/framework/system/Database/BaseConnection.php(392): CodeIgniter\Database\MySQLi\Connection->connect()
#1 /var/www/wappbuzz/vendor/codeigniter4/framework/system/Database/BaseConnection.php(575): CodeIgniter\Database\BaseConnection->initialize()
#2 /var/www/wappbuzz/vendor/codeigniter4/framework/system/Database/BaseBuilder.php(1616): CodeIgniter\Database\BaseConnection->query()
#3 /var/www/wappbuzz/app/Helpers/Common_helper.php(1444): CodeIgniter\Database\BaseBuilder->get()
#4 /var/www/wappbuzz/app/Filters/MainFilter.php(57): db_get()
#5 /var/www/wappbuzz/vendor/codeigniter4/framework/system/Filters/Filters.php(184): App\Filters\MainFilter->before()
#6 /var/www/wappbuzz/vendor/codeigniter4/framework/system/CodeIgniter.php(475): CodeIgniter\Filters\Filters->run()
#7 /var/www/wappbuzz/vendor/codeigniter4/framework/system/CodeIgniter.php(361): CodeIgniter\CodeIgniter->handleRequest()
#8 /var/www/wappbuzz/index.php(34): CodeIgniter\CodeIgniter->run()
#9 {main}
CRITICAL - 2026-05-19 01:02:33 --> CodeIgniter\Database\Exceptions\DatabaseException: Unable to connect to the database.
Main connection [MySQLi]: Too many connections
in SYSTEMPATH/Database/BaseConnection.php on line 428.
 1 SYSTEMPATH/Database/BaseConnection.php(575): CodeIgniter\Database\BaseConnection->initialize()
 2 SYSTEMPATH/Database/BaseBuilder.php(1616): CodeIgniter\Database\BaseConnection->query()
 3 APPPATH/Helpers/Common_helper.php(1444): CodeIgniter\Database\BaseBuilder->get()
 4 APPPATH/Filters/MainFilter.php(57): db_get()
 5 SYSTEMPATH/Filters/Filters.php(184): App\Filters\MainFilter->before()
 6 SYSTEMPATH/CodeIgniter.php(475): CodeIgniter\Filters\Filters->run()
 7 SYSTEMPATH/CodeIgniter.php(361): CodeIgniter\CodeIgniter->handleRequest()
 8 FCPATH/index.php(34): CodeIgniter\CodeIgniter->run()
ERROR - 2026-05-19 01:07:17 --> Error connecting to the database: mysqli_sql_exception: Too many connections in /var/www/wappbuzz/vendor/codeigniter4/framework/system/Database/MySQLi/Connection.php:185
Stack trace:
#0 /var/www/wappbuzz/vendor/codeigniter4/framework/system/Database/MySQLi/Connection.php(185): mysqli->real_connect()
#1 /var/www/wappbuzz/vendor/codeigniter4/framework/system/Database/BaseConnection.php(392): CodeIgniter\Database\MySQLi\Connection->connect()
#2 /var/www/wappbuzz/vendor/codeigniter4/framework/system/Database/BaseConnection.php(575): CodeIgniter\Database\BaseConnection->initialize()
#3 /var/www/wappbuzz/vendor/codeigniter4/framework/system/Database/BaseBuilder.php(1616): CodeIgniter\Database\BaseConnection->query()
#4 /var/www/wappbuzz/app/Helpers/Common_helper.php(1444): CodeIgniter\Database\BaseBuilder->get()
#5 /var/www/wappbuzz/app/Filters/MainFilter.php(57): db_get()
#6 /var/www/wappbuzz/vendor/codeigniter4/framework/system/Filters/Filters.php(184): App\Filters\MainFilter->before()
#7 /var/www/wappbuzz/vendor/codeigniter4/framework/system/CodeIgniter.php(475): CodeIgniter\Filters\Filters->run()
#8 /var/www/wappbuzz/vendor/codeigniter4/framework/system/CodeIgniter.php(361): CodeIgniter\CodeIgniter->handleRequest()
#9 /var/www/wappbuzz/index.php(34): CodeIgniter\CodeIgniter->run()
#10 {main}

Next CodeIgniter\Database\Exceptions\DatabaseException: Too many connections in /var/www/wappbuzz/vendor/codeigniter4/framework/system/Database/MySQLi/Connection.php:229
Stack trace:
#0 /var/www/wappbuzz/vendor/codeigniter4/framework/system/Database/BaseConnection.php(392): CodeIgniter\Database\MySQLi\Connection->connect()
#1 /var/www/wappbuzz/vendor/codeigniter4/framework/system/Database/BaseConnection.php(575): CodeIgniter\Database\BaseConnection->initialize()
#2 /var/www/wappbuzz/vendor/codeigniter4/framework/system/Database/BaseBuilder.php(1616): CodeIgniter\Database\BaseConnection->query()
#3 /var/www/wappbuzz/app/Helpers/Common_helper.php(1444): CodeIgniter\Database\BaseBuilder->get()
#4 /var/www/wappbuzz/app/Filters/MainFilter.php(57): db_get()
#5 /var/www/wappbuzz/vendor/codeigniter4/framework/system/Filters/Filters.php(184): App\Filters\MainFilter->before()
#6 /var/www/wappbuzz/vendor/codeigniter4/framework/system/CodeIgniter.php(475): CodeIgniter\Filters\Filters->run()
#7 /var/www/wappbuzz/vendor/codeigniter4/framework/system/CodeIgniter.php(361): CodeIgniter\CodeIgniter->handleRequest()
#8 /var/www/wappbuzz/index.php(34): CodeIgniter\CodeIgniter->run()
#9 {main}
CRITICAL - 2026-05-19 01:07:17 --> CodeIgniter\Database\Exceptions\DatabaseException: Unable to connect to the database.
Main connection [MySQLi]: Too many connections
in SYSTEMPATH/Database/BaseConnection.php on line 428.
 1 SYSTEMPATH/Database/BaseConnection.php(575): CodeIgniter\Database\BaseConnection->initialize()
 2 SYSTEMPATH/Database/BaseBuilder.php(1616): CodeIgniter\Database\BaseConnection->query()
 3 APPPATH/Helpers/Common_helper.php(1444): CodeIgniter\Database\BaseBuilder->get()
 4 APPPATH/Filters/MainFilter.php(57): db_get()
 5 SYSTEMPATH/Filters/Filters.php(184): App\Filters\MainFilter->before()
 6 SYSTEMPATH/CodeIgniter.php(475): CodeIgniter\Filters\Filters->run()
 7 SYSTEMPATH/CodeIgniter.php(361): CodeIgniter\CodeIgniter->handleRequest()
 8 FCPATH/index.php(34): CodeIgniter\CodeIgniter->run()
ERROR - 2026-05-19 01:27:16 --> Error connecting to the database: mysqli_sql_exception: Too many connections in /var/www/wappbuzz/vendor/codeigniter4/framework/system/Database/MySQLi/Connection.php:185
Stack trace:
#0 /var/www/wappbuzz/vendor/codeigniter4/framework/system/Database/MySQLi/Connection.php(185): mysqli->real_connect()
#1 /var/www/wappbuzz/vendor/codeigniter4/framework/system/Database/BaseConnection.php(392): CodeIgniter\Database\MySQLi\Connection->connect()
#2 /var/www/wappbuzz/vendor/codeigniter4/framework/system/Database/BaseConnection.php(575): CodeIgniter\Database\BaseConnection->initialize()
#3 /var/www/wappbuzz/vendor/codeigniter4/framework/system/Database/BaseBuilder.php(1616): CodeIgniter\Database\BaseConnection->query()
#4 /var/www/wappbuzz/app/Helpers/Common_helper.php(1444): CodeIgniter\Database\BaseBuilder->get()
#5 /var/www/wappbuzz/app/Filters/MainFilter.php(57): db_get()
#6 /var/www/wappbuzz/vendor/codeigniter4/framework/system/Filters/Filters.php(184): App\Filters\MainFilter->before()
#7 /var/www/wappbuzz/vendor/codeigniter4/framework/system/CodeIgniter.php(475): CodeIgniter\Filters\Filters->run()
#8 /var/www/wappbuzz/vendor/codeigniter4/framework/system/CodeIgniter.php(361): CodeIgniter\CodeIgniter->handleRequest()
#9 /var/www/wappbuzz/index.php(34): CodeIgniter\CodeIgniter->run()
#10 {main}

Next CodeIgniter\Database\Exceptions\DatabaseException: Too many connections in /var/www/wappbuzz/vendor/codeigniter4/framework/system/Database/MySQLi/Connection.php:229
Stack trace:
#0 /var/www/wappbuzz/vendor/codeigniter4/framework/system/Database/BaseConnection.php(392): CodeIgniter\Database\MySQLi\Connection->connect()
#1 /var/www/wappbuzz/vendor/codeigniter4/framework/system/Database/BaseConnection.php(575): CodeIgniter\Database\BaseConnection->initialize()
#2 /var/www/wappbuzz/vendor/codeigniter4/framework/system/Database/BaseBuilder.php(1616): CodeIgniter\Database\BaseConnection->query()
#3 /var/www/wappbuzz/app/Helpers/Common_helper.php(1444): CodeIgniter\Database\BaseBuilder->get()
#4 /var/www/wappbuzz/app/Filters/MainFilter.php(57): db_get()
#5 /var/www/wappbuzz/vendor/codeigniter4/framework/system/Filters/Filters.php(184): App\Filters\MainFilter->before()
#6 /var/www/wappbuzz/vendor/codeigniter4/framework/system/CodeIgniter.php(475): CodeIgniter\Filters\Filters->run()
#7 /var/www/wappbuzz/vendor/codeigniter4/framework/system/CodeIgniter.php(361): CodeIgniter\CodeIgniter->handleRequest()
#8 /var/www/wappbuzz/index.php(34): CodeIgniter\CodeIgniter->run()
#9 {main}
CRITICAL - 2026-05-19 01:27:16 --> CodeIgniter\Database\Exceptions\DatabaseException: Unable to connect to the database.
Main connection [MySQLi]: Too many connections
in SYSTEMPATH/Database/BaseConnection.php on line 428.
 1 SYSTEMPATH/Database/BaseConnection.php(575): CodeIgniter\Database\BaseConnection->initialize()
 2 SYSTEMPATH/Database/BaseBuilder.php(1616): CodeIgniter\Database\BaseConnection->query()
 3 APPPATH/Helpers/Common_helper.php(1444): CodeIgniter\Database\BaseBuilder->get()
 4 APPPATH/Filters/MainFilter.php(57): db_get()
 5 SYSTEMPATH/Filters/Filters.php(184): App\Filters\MainFilter->before()
 6 SYSTEMPATH/CodeIgniter.php(475): CodeIgniter\Filters\Filters->run()
 7 SYSTEMPATH/CodeIgniter.php(361): CodeIgniter\CodeIgniter->handleRequest()
 8 FCPATH/index.php(34): CodeIgniter\CodeIgniter->run()
ERROR - 2026-05-19 01:32:45 --> Error connecting to the database: mysqli_sql_exception: Too many connections in /var/www/wappbuzz/vendor/codeigniter4/framework/system/Database/MySQLi/Connection.php:185
Stack trace:
#0 /var/www/wappbuzz/vendor/codeigniter4/framework/system/Database/MySQLi/Connection.php(185): mysqli->real_connect()
#1 /var/www/wappbuzz/vendor/codeigniter4/framework/system/Database/BaseConnection.php(392): CodeIgniter\Database\MySQLi\Connection->connect()
#2 /var/www/wappbuzz/vendor/codeigniter4/framework/system/Database/BaseConnection.php(575): CodeIgniter\Database\BaseConnection->initialize()
#3 /var/www/wappbuzz/vendor/codeigniter4/framework/system/Database/BaseBuilder.php(1616): CodeIgniter\Database\BaseConnection->query()
#4 /var/www/wappbuzz/app/Helpers/Common_helper.php(1444): CodeIgniter\Database\BaseBuilder->get()
#5 /var/www/wappbuzz/app/Filters/MainFilter.php(57): db_get()
#6 /var/www/wappbuzz/vendor/codeigniter4/framework/system/Filters/Filters.php(184): App\Filters\MainFilter->before()
#7 /var/www/wappbuzz/vendor/codeigniter4/framework/system/CodeIgniter.php(475): CodeIgniter\Filters\Filters->run()
#8 /var/www/wappbuzz/vendor/codeigniter4/framework/system/CodeIgniter.php(361): CodeIgniter\CodeIgniter->handleRequest()
#9 /var/www/wappbuzz/index.php(34): CodeIgniter\CodeIgniter->run()
#10 {main}

Next CodeIgniter\Database\Exceptions\DatabaseException: Too many connections in /var/www/wappbuzz/vendor/codeigniter4/framework/system/Database/MySQLi/Connection.php:229
Stack trace:
#0 /var/www/wappbuzz/vendor/codeigniter4/framework/system/Database/BaseConnection.php(392): CodeIgniter\Database\MySQLi\Connection->connect()
#1 /var/www/wappbuzz/vendor/codeigniter4/framework/system/Database/BaseConnection.php(575): CodeIgniter\Database\BaseConnection->initialize()
#2 /var/www/wappbuzz/vendor/codeigniter4/framework/system/Database/BaseBuilder.php(1616): CodeIgniter\Database\BaseConnection->query()
#3 /var/www/wappbuzz/app/Helpers/Common_helper.php(1444): CodeIgniter\Database\BaseBuilder->get()
#4 /var/www/wappbuzz/app/Filters/MainFilter.php(57): db_get()
#5 /var/www/wappbuzz/vendor/codeigniter4/framework/system/Filters/Filters.php(184): App\Filters\MainFilter->before()
#6 /var/www/wappbuzz/vendor/codeigniter4/framework/system/CodeIgniter.php(475): CodeIgniter\Filters\Filters->run()
#7 /var/www/wappbuzz/vendor/codeigniter4/framework/system/CodeIgniter.php(361): CodeIgniter\CodeIgniter->handleRequest()
#8 /var/www/wappbuzz/index.php(34): CodeIgniter\CodeIgniter->run()
#9 {main}
CRITICAL - 2026-05-19 01:32:45 --> CodeIgniter\Database\Exceptions\DatabaseException: Unable to connect to the database.
Main connection [MySQLi]: Too many connections
in SYSTEMPATH/Database/BaseConnection.php on line 428.
 1 SYSTEMPATH/Database/BaseConnection.php(575): CodeIgniter\Database\BaseConnection->initialize()
 2 SYSTEMPATH/Database/BaseBuilder.php(1616): CodeIgniter\Database\BaseConnection->query()
 3 APPPATH/Helpers/Common_helper.php(1444): CodeIgniter\Database\BaseBuilder->get()
 4 APPPATH/Filters/MainFilter.php(57): db_get()
 5 SYSTEMPATH/Filters/Filters.php(184): App\Filters\MainFilter->before()
 6 SYSTEMPATH/CodeIgniter.php(475): CodeIgniter\Filters\Filters->run()
 7 SYSTEMPATH/CodeIgniter.php(361): CodeIgniter\CodeIgniter->handleRequest()
 8 FCPATH/index.php(34): CodeIgniter\CodeIgniter->run()
ERROR - 2026-05-19 01:32:45 --> Error connecting to the database: mysqli_sql_exception: Too many connections in /var/www/wappbuzz/vendor/codeigniter4/framework/system/Database/MySQLi/Connection.php:185
Stack trace:
#0 /var/www/wappbuzz/vendor/codeigniter4/framework/system/Database/MySQLi/Connection.php(185): mysqli->real_connect()
#1 /var/www/wappbuzz/vendor/codeigniter4/framework/system/Database/BaseConnection.php(392): CodeIgniter\Database\MySQLi\Connection->connect()
#2 /var/www/wappbuzz/vendor/codeigniter4/framework/system/Database/BaseConnection.php(575): CodeIgniter\Database\BaseConnection->initialize()
#3 /var/www/wappbuzz/vendor/codeigniter4/framework/system/Database/BaseBuilder.php(1616): CodeIgniter\Database\BaseConnection->query()
#4 /var/www/wappbuzz/app/Helpers/Common_helper.php(1444): CodeIgniter\Database\BaseBuilder->get()
#5 /var/www/wappbuzz/app/Filters/MainFilter.php(57): db_get()
#6 /var/www/wappbuzz/vendor/codeigniter4/framework/system/Filters/Filters.php(184): App\Filters\MainFilter->before()
#7 /var/www/wappbuzz/vendor/codeigniter4/framework/system/CodeIgniter.php(475): CodeIgniter\Filters\Filters->run()
#8 /var/www/wappbuzz/vendor/codeigniter4/framework/system/CodeIgniter.php(361): CodeIgniter\CodeIgniter->handleRequest()
#9 /var/www/wappbuzz/index.php(34): CodeIgniter\CodeIgniter->run()
#10 {main}

Next CodeIgniter\Database\Exceptions\DatabaseException: Too many connections in /var/www/wappbuzz/vendor/codeigniter4/framework/system/Database/MySQLi/Connection.php:229
Stack trace:
#0 /var/www/wappbuzz/vendor/codeigniter4/framework/system/Database/BaseConnection.php(392): CodeIgniter\Database\MySQLi\Connection->connect()
#1 /var/www/wappbuzz/vendor/codeigniter4/framework/system/Database/BaseConnection.php(575): CodeIgniter\Database\BaseConnection->initialize()
#2 /var/www/wappbuzz/vendor/codeigniter4/framework/system/Database/BaseBuilder.php(1616): CodeIgniter\Database\BaseConnection->query()
#3 /var/www/wappbuzz/app/Helpers/Common_helper.php(1444): CodeIgniter\Database\BaseBuilder->get()
#4 /var/www/wappbuzz/app/Filters/MainFilter.php(57): db_get()
#5 /var/www/wappbuzz/vendor/codeigniter4/framework/system/Filters/Filters.php(184): App\Filters\MainFilter->before()
#6 /var/www/wappbuzz/vendor/codeigniter4/framework/system/CodeIgniter.php(475): CodeIgniter\Filters\Filters->run()
#7 /var/www/wappbuzz/vendor/codeigniter4/framework/system/CodeIgniter.php(361): CodeIgniter\CodeIgniter->handleRequest()
#8 /var/www/wappbuzz/index.php(34): CodeIgniter\CodeIgniter->run()
#9 {main}
CRITICAL - 2026-05-19 01:32:45 --> CodeIgniter\Database\Exceptions\DatabaseException: Unable to connect to the database.
Main connection [MySQLi]: Too many connections
in SYSTEMPATH/Database/BaseConnection.php on line 428.
 1 SYSTEMPATH/Database/BaseConnection.php(575): CodeIgniter\Database\BaseConnection->initialize()
 2 SYSTEMPATH/Database/BaseBuilder.php(1616): CodeIgniter\Database\BaseConnection->query()
 3 APPPATH/Helpers/Common_helper.php(1444): CodeIgniter\Database\BaseBuilder->get()
 4 APPPATH/Filters/MainFilter.php(57): db_get()
 5 SYSTEMPATH/Filters/Filters.php(184): App\Filters\MainFilter->before()
 6 SYSTEMPATH/CodeIgniter.php(475): CodeIgniter\Filters\Filters->run()
 7 SYSTEMPATH/CodeIgniter.php(361): CodeIgniter\CodeIgniter->handleRequest()
 8 FCPATH/index.php(34): CodeIgniter\CodeIgniter->run()
ERROR - 2026-05-19 01:33:01 --> Error connecting to the database: mysqli_sql_exception: Too many connections in /var/www/wappbuzz/vendor/codeigniter4/framework/system/Database/MySQLi/Connection.php:185
Stack trace:
#0 /var/www/wappbuzz/vendor/codeigniter4/framework/system/Database/MySQLi/Connection.php(185): mysqli->real_connect()
#1 /var/www/wappbuzz/vendor/codeigniter4/framework/system/Database/BaseConnection.php(392): CodeIgniter\Database\MySQLi\Connection->connect()
#2 /var/www/wappbuzz/vendor/codeigniter4/framework/system/Database/BaseConnection.php(575): CodeIgniter\Database\BaseConnection->initialize()
#3 /var/www/wappbuzz/vendor/codeigniter4/framework/system/Database/BaseBuilder.php(1616): CodeIgniter\Database\BaseConnection->query()
#4 /var/www/wappbuzz/app/Helpers/Common_helper.php(1444): CodeIgniter\Database\BaseBuilder->get()
#5 /var/www/wappbuzz/app/Filters/MainFilter.php(57): db_get()
#6 /var/www/wappbuzz/vendor/codeigniter4/framework/system/Filters/Filters.php(184): App\Filters\MainFilter->before()
#7 /var/www/wappbuzz/vendor/codeigniter4/framework/system/CodeIgniter.php(475): CodeIgniter\Filters\Filters->run()
#8 /var/www/wappbuzz/vendor/codeigniter4/framework/system/CodeIgniter.php(361): CodeIgniter\CodeIgniter->handleRequest()
#9 /var/www/wappbuzz/index.php(34): CodeIgniter\CodeIgniter->run()
#10 {main}

Next CodeIgniter\Database\Exceptions\DatabaseException: Too many connections in /var/www/wappbuzz/vendor/codeigniter4/framework/system/Database/MySQLi/Connection.php:229
Stack trace:
#0 /var/www/wappbuzz/vendor/codeigniter4/framework/system/Database/BaseConnection.php(392): CodeIgniter\Database\MySQLi\Connection->connect()
#1 /var/www/wappbuzz/vendor/codeigniter4/framework/system/Database/BaseConnection.php(575): CodeIgniter\Database\BaseConnection->initialize()
#2 /var/www/wappbuzz/vendor/codeigniter4/framework/system/Database/BaseBuilder.php(1616): CodeIgniter\Database\BaseConnection->query()
#3 /var/www/wappbuzz/app/Helpers/Common_helper.php(1444): CodeIgniter\Database\BaseBuilder->get()
#4 /var/www/wappbuzz/app/Filters/MainFilter.php(57): db_get()
#5 /var/www/wappbuzz/vendor/codeigniter4/framework/system/Filters/Filters.php(184): App\Filters\MainFilter->before()
#6 /var/www/wappbuzz/vendor/codeigniter4/framework/system/CodeIgniter.php(475): CodeIgniter\Filters\Filters->run()
#7 /var/www/wappbuzz/vendor/codeigniter4/framework/system/CodeIgniter.php(361): CodeIgniter\CodeIgniter->handleRequest()
#8 /var/www/wappbuzz/index.php(34): CodeIgniter\CodeIgniter->run()
#9 {main}
CRITICAL - 2026-05-19 01:33:01 --> CodeIgniter\Database\Exceptions\DatabaseException: Unable to connect to the database.
Main connection [MySQLi]: Too many connections
in SYSTEMPATH/Database/BaseConnection.php on line 428.
 1 SYSTEMPATH/Database/BaseConnection.php(575): CodeIgniter\Database\BaseConnection->initialize()
 2 SYSTEMPATH/Database/BaseBuilder.php(1616): CodeIgniter\Database\BaseConnection->query()
 3 APPPATH/Helpers/Common_helper.php(1444): CodeIgniter\Database\BaseBuilder->get()
 4 APPPATH/Filters/MainFilter.php(57): db_get()
 5 SYSTEMPATH/Filters/Filters.php(184): App\Filters\MainFilter->before()
 6 SYSTEMPATH/CodeIgniter.php(475): CodeIgniter\Filters\Filters->run()
 7 SYSTEMPATH/CodeIgniter.php(361): CodeIgniter\CodeIgniter->handleRequest()
 8 FCPATH/index.php(34): CodeIgniter\CodeIgniter->run()
ERROR - 2026-05-19 01:33:06 --> Error connecting to the database: mysqli_sql_exception: Too many connections in /var/www/wappbuzz/vendor/codeigniter4/framework/system/Database/MySQLi/Connection.php:185
Stack trace:
#0 /var/www/wappbuzz/vendor/codeigniter4/framework/system/Database/MySQLi/Connection.php(185): mysqli->real_connect()
#1 /var/www/wappbuzz/vendor/codeigniter4/framework/system/Database/BaseConnection.php(392): CodeIgniter\Database\MySQLi\Connection->connect()
#2 /var/www/wappbuzz/vendor/codeigniter4/framework/system/Database/BaseConnection.php(575): CodeIgniter\Database\BaseConnection->initialize()
#3 /var/www/wappbuzz/vendor/codeigniter4/framework/system/Database/BaseBuilder.php(1616): CodeIgniter\Database\BaseConnection->query()
#4 /var/www/wappbuzz/app/Helpers/Common_helper.php(1444): CodeIgniter\Database\BaseBuilder->get()
#5 /var/www/wappbuzz/app/Filters/MainFilter.php(57): db_get()
#6 /var/www/wappbuzz/vendor/codeigniter4/framework/system/Filters/Filters.php(184): App\Filters\MainFilter->before()
#7 /var/www/wappbuzz/vendor/codeigniter4/framework/system/CodeIgniter.php(475): CodeIgniter\Filters\Filters->run()
#8 /var/www/wappbuzz/vendor/codeigniter4/framework/system/CodeIgniter.php(361): CodeIgniter\CodeIgniter->handleRequest()
#9 /var/www/wappbuzz/index.php(34): CodeIgniter\CodeIgniter->run()
#10 {main}

Next CodeIgniter\Database\Exceptions\DatabaseException: Too many connections in /var/www/wappbuzz/vendor/codeigniter4/framework/system/Database/MySQLi/Connection.php:229
Stack trace:
#0 /var/www/wappbuzz/vendor/codeigniter4/framework/system/Database/BaseConnection.php(392): CodeIgniter\Database\MySQLi\Connection->connect()
#1 /var/www/wappbuzz/vendor/codeigniter4/framework/system/Database/BaseConnection.php(575): CodeIgniter\Database\BaseConnection->initialize()
#2 /var/www/wappbuzz/vendor/codeigniter4/framework/system/Database/BaseBuilder.php(1616): CodeIgniter\Database\BaseConnection->query()
#3 /var/www/wappbuzz/app/Helpers/Common_helper.php(1444): CodeIgniter\Database\BaseBuilder->get()
#4 /var/www/wappbuzz/app/Filters/MainFilter.php(57): db_get()
#5 /var/www/wappbuzz/vendor/codeigniter4/framework/system/Filters/Filters.php(184): App\Filters\MainFilter->before()
#6 /var/www/wappbuzz/vendor/codeigniter4/framework/system/CodeIgniter.php(475): CodeIgniter\Filters\Filters->run()
#7 /var/www/wappbuzz/vendor/codeigniter4/framework/system/CodeIgniter.php(361): CodeIgniter\CodeIgniter->handleRequest()
#8 /var/www/wappbuzz/index.php(34): CodeIgniter\CodeIgniter->run()
#9 {main}
CRITICAL - 2026-05-19 01:33:06 --> CodeIgniter\Database\Exceptions\DatabaseException: Unable to connect to the database.
Main connection [MySQLi]: Too many connections
in SYSTEMPATH/Database/BaseConnection.php on line 428.
 1 SYSTEMPATH/Database/BaseConnection.php(575): CodeIgniter\Database\BaseConnection->initialize()
 2 SYSTEMPATH/Database/BaseBuilder.php(1616): CodeIgniter\Database\BaseConnection->query()
 3 APPPATH/Helpers/Common_helper.php(1444): CodeIgniter\Database\BaseBuilder->get()
 4 APPPATH/Filters/MainFilter.php(57): db_get()
 5 SYSTEMPATH/Filters/Filters.php(184): App\Filters\MainFilter->before()
 6 SYSTEMPATH/CodeIgniter.php(475): CodeIgniter\Filters\Filters->run()
 7 SYSTEMPATH/CodeIgniter.php(361): CodeIgniter\CodeIgniter->handleRequest()
 8 FCPATH/index.php(34): CodeIgniter\CodeIgniter->run()
ERROR - 2026-05-19 01:33:11 --> Error connecting to the database: mysqli_sql_exception: Too many connections in /var/www/wappbuzz/vendor/codeigniter4/framework/system/Database/MySQLi/Connection.php:185
Stack trace:
#0 /var/www/wappbuzz/vendor/codeigniter4/framework/system/Database/MySQLi/Connection.php(185): mysqli->real_connect()
#1 /var/www/wappbuzz/vendor/codeigniter4/framework/system/Database/BaseConnection.php(392): CodeIgniter\Database\MySQLi\Connection->connect()
#2 /var/www/wappbuzz/vendor/codeigniter4/framework/system/Database/BaseConnection.php(575): CodeIgniter\Database\BaseConnection->initialize()
#3 /var/www/wappbuzz/vendor/codeigniter4/framework/system/Database/BaseBuilder.php(1616): CodeIgniter\Database\BaseConnection->query()
#4 /var/www/wappbuzz/app/Helpers/Common_helper.php(1444): CodeIgniter\Database\BaseBuilder->get()
#5 /var/www/wappbuzz/app/Filters/MainFilter.php(57): db_get()
#6 /var/www/wappbuzz/vendor/codeigniter4/framework/system/Filters/Filters.php(184): App\Filters\MainFilter->before()
#7 /var/www/wappbuzz/vendor/codeigniter4/framework/system/CodeIgniter.php(475): CodeIgniter\Filters\Filters->run()
#8 /var/www/wappbuzz/vendor/codeigniter4/framework/system/CodeIgniter.php(361): CodeIgniter\CodeIgniter->handleRequest()
#9 /var/www/wappbuzz/index.php(34): CodeIgniter\CodeIgniter->run()
#10 {main}

Next CodeIgniter\Database\Exceptions\DatabaseException: Too many connections in /var/www/wappbuzz/vendor/codeigniter4/framework/system/Database/MySQLi/Connection.php:229
Stack trace:
#0 /var/www/wappbuzz/vendor/codeigniter4/framework/system/Database/BaseConnection.php(392): CodeIgniter\Database\MySQLi\Connection->connect()
#1 /var/www/wappbuzz/vendor/codeigniter4/framework/system/Database/BaseConnection.php(575): CodeIgniter\Database\BaseConnection->initialize()
#2 /var/www/wappbuzz/vendor/codeigniter4/framework/system/Database/BaseBuilder.php(1616): CodeIgniter\Database\BaseConnection->query()
#3 /var/www/wappbuzz/app/Helpers/Common_helper.php(1444): CodeIgniter\Database\BaseBuilder->get()
#4 /var/www/wappbuzz/app/Filters/MainFilter.php(57): db_get()
#5 /var/www/wappbuzz/vendor/codeigniter4/framework/system/Filters/Filters.php(184): App\Filters\MainFilter->before()
#6 /var/www/wappbuzz/vendor/codeigniter4/framework/system/CodeIgniter.php(475): CodeIgniter\Filters\Filters->run()
#7 /var/www/wappbuzz/vendor/codeigniter4/framework/system/CodeIgniter.php(361): CodeIgniter\CodeIgniter->handleRequest()
#8 /var/www/wappbuzz/index.php(34): CodeIgniter\CodeIgniter->run()
#9 {main}
CRITICAL - 2026-05-19 01:33:11 --> CodeIgniter\Database\Exceptions\DatabaseException: Unable to connect to the database.
Main connection [MySQLi]: Too many connections
in SYSTEMPATH/Database/BaseConnection.php on line 428.
 1 SYSTEMPATH/Database/BaseConnection.php(575): CodeIgniter\Database\BaseConnection->initialize()
 2 SYSTEMPATH/Database/BaseBuilder.php(1616): CodeIgniter\Database\BaseConnection->query()
 3 APPPATH/Helpers/Common_helper.php(1444): CodeIgniter\Database\BaseBuilder->get()
 4 APPPATH/Filters/MainFilter.php(57): db_get()
 5 SYSTEMPATH/Filters/Filters.php(184): App\Filters\MainFilter->before()
 6 SYSTEMPATH/CodeIgniter.php(475): CodeIgniter\Filters\Filters->run()
 7 SYSTEMPATH/CodeIgniter.php(361): CodeIgniter\CodeIgniter->handleRequest()
 8 FCPATH/index.php(34): CodeIgniter\CodeIgniter->run()
ERROR - 2026-05-19 01:33:16 --> Error connecting to the database: mysqli_sql_exception: Too many connections in /var/www/wappbuzz/vendor/codeigniter4/framework/system/Database/MySQLi/Connection.php:185
Stack trace:
#0 /var/www/wappbuzz/vendor/codeigniter4/framework/system/Database/MySQLi/Connection.php(185): mysqli->real_connect()
#1 /var/www/wappbuzz/vendor/codeigniter4/framework/system/Database/BaseConnection.php(392): CodeIgniter\Database\MySQLi\Connection->connect()
#2 /var/www/wappbuzz/vendor/codeigniter4/framework/system/Database/BaseConnection.php(575): CodeIgniter\Database\BaseConnection->initialize()
#3 /var/www/wappbuzz/vendor/codeigniter4/framework/system/Database/BaseBuilder.php(1616): CodeIgniter\Database\BaseConnection->query()
#4 /var/www/wappbuzz/app/Helpers/Common_helper.php(1444): CodeIgniter\Database\BaseBuilder->get()
#5 /var/www/wappbuzz/app/Filters/MainFilter.php(57): db_get()
#6 /var/www/wappbuzz/vendor/codeigniter4/framework/system/Filters/Filters.php(184): App\Filters\MainFilter->before()
#7 /var/www/wappbuzz/vendor/codeigniter4/framework/system/CodeIgniter.php(475): CodeIgniter\Filters\Filters->run()
#8 /var/www/wappbuzz/vendor/codeigniter4/framework/system/CodeIgniter.php(361): CodeIgniter\CodeIgniter->handleRequest()
#9 /var/www/wappbuzz/index.php(34): CodeIgniter\CodeIgniter->run()
#10 {main}

Next CodeIgniter\Database\Exceptions\DatabaseException: Too many connections in /var/www/wappbuzz/vendor/codeigniter4/framework/system/Database/MySQLi/Connection.php:229
Stack trace:
#0 /var/www/wappbuzz/vendor/codeigniter4/framework/system/Database/BaseConnection.php(392): CodeIgniter\Database\MySQLi\Connection->connect()
#1 /var/www/wappbuzz/vendor/codeigniter4/framework/system/Database/BaseConnection.php(575): CodeIgniter\Database\BaseConnection->initialize()
#2 /var/www/wappbuzz/vendor/codeigniter4/framework/system/Database/BaseBuilder.php(1616): CodeIgniter\Database\BaseConnection->query()
#3 /var/www/wappbuzz/app/Helpers/Common_helper.php(1444): CodeIgniter\Database\BaseBuilder->get()
#4 /var/www/wappbuzz/app/Filters/MainFilter.php(57): db_get()
#5 /var/www/wappbuzz/vendor/codeigniter4/framework/system/Filters/Filters.php(184): App\Filters\MainFilter->before()
#6 /var/www/wappbuzz/vendor/codeigniter4/framework/system/CodeIgniter.php(475): CodeIgniter\Filters\Filters->run()
#7 /var/www/wappbuzz/vendor/codeigniter4/framework/system/CodeIgniter.php(361): CodeIgniter\CodeIgniter->handleRequest()
#8 /var/www/wappbuzz/index.php(34): CodeIgniter\CodeIgniter->run()
#9 {main}
CRITICAL - 2026-05-19 01:33:16 --> CodeIgniter\Database\Exceptions\DatabaseException: Unable to connect to the database.
Main connection [MySQLi]: Too many connections
in SYSTEMPATH/Database/BaseConnection.php on line 428.
 1 SYSTEMPATH/Database/BaseConnection.php(575): CodeIgniter\Database\BaseConnection->initialize()
 2 SYSTEMPATH/Database/BaseBuilder.php(1616): CodeIgniter\Database\BaseConnection->query()
 3 APPPATH/Helpers/Common_helper.php(1444): CodeIgniter\Database\BaseBuilder->get()
 4 APPPATH/Filters/MainFilter.php(57): db_get()
 5 SYSTEMPATH/Filters/Filters.php(184): App\Filters\MainFilter->before()
 6 SYSTEMPATH/CodeIgniter.php(475): CodeIgniter\Filters\Filters->run()
 7 SYSTEMPATH/CodeIgniter.php(361): CodeIgniter\CodeIgniter->handleRequest()
 8 FCPATH/index.php(34): CodeIgniter\CodeIgniter->run()
ERROR - 2026-05-19 01:34:54 --> Error connecting to the database: mysqli_sql_exception: Too many connections in /var/www/wappbuzz/vendor/codeigniter4/framework/system/Database/MySQLi/Connection.php:185
Stack trace:
#0 /var/www/wappbuzz/vendor/codeigniter4/framework/system/Database/MySQLi/Connection.php(185): mysqli->real_connect()
#1 /var/www/wappbuzz/vendor/codeigniter4/framework/system/Database/BaseConnection.php(392): CodeIgniter\Database\MySQLi\Connection->connect()
#2 /var/www/wappbuzz/vendor/codeigniter4/framework/system/Database/BaseConnection.php(575): CodeIgniter\Database\BaseConnection->initialize()
#3 /var/www/wappbuzz/vendor/codeigniter4/framework/system/Database/BaseBuilder.php(1616): CodeIgniter\Database\BaseConnection->query()
#4 /var/www/wappbuzz/app/Helpers/Common_helper.php(1444): CodeIgniter\Database\BaseBuilder->get()
#5 /var/www/wappbuzz/app/Filters/MainFilter.php(57): db_get()
#6 /var/www/wappbuzz/vendor/codeigniter4/framework/system/Filters/Filters.php(184): App\Filters\MainFilter->before()
#7 /var/www/wappbuzz/vendor/codeigniter4/framework/system/CodeIgniter.php(475): CodeIgniter\Filters\Filters->run()
#8 /var/www/wappbuzz/vendor/codeigniter4/framework/system/CodeIgniter.php(361): CodeIgniter\CodeIgniter->handleRequest()
#9 /var/www/wappbuzz/index.php(34): CodeIgniter\CodeIgniter->run()
#10 {main}

Next CodeIgniter\Database\Exceptions\DatabaseException: Too many connections in /var/www/wappbuzz/vendor/codeigniter4/framework/system/Database/MySQLi/Connection.php:229
Stack trace:
#0 /var/www/wappbuzz/vendor/codeigniter4/framework/system/Database/BaseConnection.php(392): CodeIgniter\Database\MySQLi\Connection->connect()
#1 /var/www/wappbuzz/vendor/codeigniter4/framework/system/Database/BaseConnection.php(575): CodeIgniter\Database\BaseConnection->initialize()
#2 /var/www/wappbuzz/vendor/codeigniter4/framework/system/Database/BaseBuilder.php(1616): CodeIgniter\Database\BaseConnection->query()
#3 /var/www/wappbuzz/app/Helpers/Common_helper.php(1444): CodeIgniter\Database\BaseBuilder->get()
#4 /var/www/wappbuzz/app/Filters/MainFilter.php(57): db_get()
#5 /var/www/wappbuzz/vendor/codeigniter4/framework/system/Filters/Filters.php(184): App\Filters\MainFilter->before()
#6 /var/www/wappbuzz/vendor/codeigniter4/framework/system/CodeIgniter.php(475): CodeIgniter\Filters\Filters->run()
#7 /var/www/wappbuzz/vendor/codeigniter4/framework/system/CodeIgniter.php(361): CodeIgniter\CodeIgniter->handleRequest()
#8 /var/www/wappbuzz/index.php(34): CodeIgniter\CodeIgniter->run()
#9 {main}
CRITICAL - 2026-05-19 01:34:54 --> CodeIgniter\Database\Exceptions\DatabaseException: Unable to connect to the database.
Main connection [MySQLi]: Too many connections
in SYSTEMPATH/Database/BaseConnection.php on line 428.
 1 SYSTEMPATH/Database/BaseConnection.php(575): CodeIgniter\Database\BaseConnection->initialize()
 2 SYSTEMPATH/Database/BaseBuilder.php(1616): CodeIgniter\Database\BaseConnection->query()
 3 APPPATH/Helpers/Common_helper.php(1444): CodeIgniter\Database\BaseBuilder->get()
 4 APPPATH/Filters/MainFilter.php(57): db_get()
 5 SYSTEMPATH/Filters/Filters.php(184): App\Filters\MainFilter->before()
 6 SYSTEMPATH/CodeIgniter.php(475): CodeIgniter\Filters\Filters->run()
 7 SYSTEMPATH/CodeIgniter.php(361): CodeIgniter\CodeIgniter->handleRequest()
 8 FCPATH/index.php(34): CodeIgniter\CodeIgniter->run()
ERROR - 2026-05-19 01:35:01 --> Error connecting to the database: mysqli_sql_exception: Too many connections in /var/www/wappbuzz/vendor/codeigniter4/framework/system/Database/MySQLi/Connection.php:185
Stack trace:
#0 /var/www/wappbuzz/vendor/codeigniter4/framework/system/Database/MySQLi/Connection.php(185): mysqli->real_connect()
#1 /var/www/wappbuzz/vendor/codeigniter4/framework/system/Database/BaseConnection.php(392): CodeIgniter\Database\MySQLi\Connection->connect()
#2 /var/www/wappbuzz/vendor/codeigniter4/framework/system/Database/BaseConnection.php(575): CodeIgniter\Database\BaseConnection->initialize()
#3 /var/www/wappbuzz/vendor/codeigniter4/framework/system/Database/BaseBuilder.php(1616): CodeIgniter\Database\BaseConnection->query()
#4 /var/www/wappbuzz/app/Helpers/Common_helper.php(1444): CodeIgniter\Database\BaseBuilder->get()
#5 /var/www/wappbuzz/app/Helpers/Common_helper.php(1348): db_get()
#6 /var/www/wappbuzz/app/Helpers/Common_helper.php(1793): get_option()
#7 /var/www/wappbuzz/inc/core/Home/Controllers/Home.php(7): parse_config()
#8 /var/www/wappbuzz/vendor/codeigniter4/framework/system/CodeIgniter.php(915): Core\Home\Controllers\Home->__construct()
#9 /var/www/wappbuzz/vendor/codeigniter4/framework/system/CodeIgniter.php(971): CodeIgniter\CodeIgniter->createController()
#10 /var/www/wappbuzz/vendor/codeigniter4/framework/system/CodeIgniter.php(370): CodeIgniter\CodeIgniter->display404errors()
#11 /var/www/wappbuzz/index.php(34): CodeIgniter\CodeIgniter->run()
#12 {main}

Next CodeIgniter\Database\Exceptions\DatabaseException: Too many connections in /var/www/wappbuzz/vendor/codeigniter4/framework/system/Database/MySQLi/Connection.php:229
Stack trace:
#0 /var/www/wappbuzz/vendor/codeigniter4/framework/system/Database/BaseConnection.php(392): CodeIgniter\Database\MySQLi\Connection->connect()
#1 /var/www/wappbuzz/vendor/codeigniter4/framework/system/Database/BaseConnection.php(575): CodeIgniter\Database\BaseConnection->initialize()
#2 /var/www/wappbuzz/vendor/codeigniter4/framework/system/Database/BaseBuilder.php(1616): CodeIgniter\Database\BaseConnection->query()
#3 /var/www/wappbuzz/app/Helpers/Common_helper.php(1444): CodeIgniter\Database\BaseBuilder->get()
#4 /var/www/wappbuzz/app/Helpers/Common_helper.php(1348): db_get()
#5 /var/www/wappbuzz/app/Helpers/Common_helper.php(1793): get_option()
#6 /var/www/wappbuzz/inc/core/Home/Controllers/Home.php(7): parse_config()
#7 /var/www/wappbuzz/vendor/codeigniter4/framework/system/CodeIgniter.php(915): Core\Home\Controllers\Home->__construct()
#8 /var/www/wappbuzz/vendor/codeigniter4/framework/system/CodeIgniter.php(971): CodeIgniter\CodeIgniter->createController()
#9 /var/www/wappbuzz/vendor/codeigniter4/framework/system/CodeIgniter.php(370): CodeIgniter\CodeIgniter->display404errors()
#10 /var/www/wappbuzz/index.php(34): CodeIgniter\CodeIgniter->run()
#11 {main}
CRITICAL - 2026-05-19 01:35:01 --> CodeIgniter\Database\Exceptions\DatabaseException: Unable to connect to the database.
Main connection [MySQLi]: Too many connections
in SYSTEMPATH/Database/BaseConnection.php on line 428.
 1 SYSTEMPATH/Database/BaseConnection.php(575): CodeIgniter\Database\BaseConnection->initialize()
 2 SYSTEMPATH/Database/BaseBuilder.php(1616): CodeIgniter\Database\BaseConnection->query()
 3 APPPATH/Helpers/Common_helper.php(1444): CodeIgniter\Database\BaseBuilder->get()
 4 APPPATH/Helpers/Common_helper.php(1348): db_get()
 5 APPPATH/Helpers/Common_helper.php(1793): get_option()
 6 FCPATH/inc/core/Home/Controllers/Home.php(7): parse_config()
 7 SYSTEMPATH/CodeIgniter.php(915): Core\Home\Controllers\Home->__construct()
 8 SYSTEMPATH/CodeIgniter.php(971): CodeIgniter\CodeIgniter->createController()
 9 SYSTEMPATH/CodeIgniter.php(370): CodeIgniter\CodeIgniter->display404errors()
10 FCPATH/index.php(34): CodeIgniter\CodeIgniter->run()
ERROR - 2026-05-19 01:35:19 --> Error connecting to the database: mysqli_sql_exception: Too many connections in /var/www/wappbuzz/vendor/codeigniter4/framework/system/Database/MySQLi/Connection.php:185
Stack trace:
#0 /var/www/wappbuzz/vendor/codeigniter4/framework/system/Database/MySQLi/Connection.php(185): mysqli->real_connect()
#1 /var/www/wappbuzz/vendor/codeigniter4/framework/system/Database/BaseConnection.php(392): CodeIgniter\Database\MySQLi\Connection->connect()
#2 /var/www/wappbuzz/vendor/codeigniter4/framework/system/Database/BaseConnection.php(575): CodeIgniter\Database\BaseConnection->initialize()
#3 /var/www/wappbuzz/vendor/codeigniter4/framework/system/Database/BaseBuilder.php(1616): CodeIgniter\Database\BaseConnection->query()
#4 /var/www/wappbuzz/app/Helpers/Common_helper.php(1444): CodeIgniter\Database\BaseBuilder->get()
#5 /var/www/wappbuzz/app/Filters/MainFilter.php(57): db_get()
#6 /var/www/wappbuzz/vendor/codeigniter4/framework/system/Filters/Filters.php(184): App\Filters\MainFilter->before()
#7 /var/www/wappbuzz/vendor/codeigniter4/framework/system/CodeIgniter.php(475): CodeIgniter\Filters\Filters->run()
#8 /var/www/wappbuzz/vendor/codeigniter4/framework/system/CodeIgniter.php(361): CodeIgniter\CodeIgniter->handleRequest()
#9 /var/www/wappbuzz/index.php(34): CodeIgniter\CodeIgniter->run()
#10 {main}

Next CodeIgniter\Database\Exceptions\DatabaseException: Too many connections in /var/www/wappbuzz/vendor/codeigniter4/framework/system/Database/MySQLi/Connection.php:229
Stack trace:
#0 /var/www/wappbuzz/vendor/codeigniter4/framework/system/Database/BaseConnection.php(392): CodeIgniter\Database\MySQLi\Connection->connect()
#1 /var/www/wappbuzz/vendor/codeigniter4/framework/system/Database/BaseConnection.php(575): CodeIgniter\Database\BaseConnection->initialize()
#2 /var/www/wappbuzz/vendor/codeigniter4/framework/system/Database/BaseBuilder.php(1616): CodeIgniter\Database\BaseConnection->query()
#3 /var/www/wappbuzz/app/Helpers/Common_helper.php(1444): CodeIgniter\Database\BaseBuilder->get()
#4 /var/www/wappbuzz/app/Filters/MainFilter.php(57): db_get()
#5 /var/www/wappbuzz/vendor/codeigniter4/framework/system/Filters/Filters.php(184): App\Filters\MainFilter->before()
#6 /var/www/wappbuzz/vendor/codeigniter4/framework/system/CodeIgniter.php(475): CodeIgniter\Filters\Filters->run()
#7 /var/www/wappbuzz/vendor/codeigniter4/framework/system/CodeIgniter.php(361): CodeIgniter\CodeIgniter->handleRequest()
#8 /var/www/wappbuzz/index.php(34): CodeIgniter\CodeIgniter->run()
#9 {main}
CRITICAL - 2026-05-19 01:35:19 --> CodeIgniter\Database\Exceptions\DatabaseException: Unable to connect to the database.
Main connection [MySQLi]: Too many connections
in SYSTEMPATH/Database/BaseConnection.php on line 428.
 1 SYSTEMPATH/Database/BaseConnection.php(575): CodeIgniter\Database\BaseConnection->initialize()
 2 SYSTEMPATH/Database/BaseBuilder.php(1616): CodeIgniter\Database\BaseConnection->query()
 3 APPPATH/Helpers/Common_helper.php(1444): CodeIgniter\Database\BaseBuilder->get()
 4 APPPATH/Filters/MainFilter.php(57): db_get()
 5 SYSTEMPATH/Filters/Filters.php(184): App\Filters\MainFilter->before()
 6 SYSTEMPATH/CodeIgniter.php(475): CodeIgniter\Filters\Filters->run()
 7 SYSTEMPATH/CodeIgniter.php(361): CodeIgniter\CodeIgniter->handleRequest()
 8 FCPATH/index.php(34): CodeIgniter\CodeIgniter->run()
ERROR - 2026-05-19 01:36:25 --> Error connecting to the database: mysqli_sql_exception: Too many connections in /var/www/wappbuzz/vendor/codeigniter4/framework/system/Database/MySQLi/Connection.php:185
Stack trace:
#0 /var/www/wappbuzz/vendor/codeigniter4/framework/system/Database/MySQLi/Connection.php(185): mysqli->real_connect()
#1 /var/www/wappbuzz/vendor/codeigniter4/framework/system/Database/BaseConnection.php(392): CodeIgniter\Database\MySQLi\Connection->connect()
#2 /var/www/wappbuzz/vendor/codeigniter4/framework/system/Database/BaseConnection.php(575): CodeIgniter\Database\BaseConnection->initialize()
#3 /var/www/wappbuzz/vendor/codeigniter4/framework/system/Database/BaseBuilder.php(1616): CodeIgniter\Database\BaseConnection->query()
#4 /var/www/wappbuzz/app/Helpers/Common_helper.php(1444): CodeIgniter\Database\BaseBuilder->get()
#5 /var/www/wappbuzz/app/Filters/MainFilter.php(57): db_get()
#6 /var/www/wappbuzz/vendor/codeigniter4/framework/system/Filters/Filters.php(184): App\Filters\MainFilter->before()
#7 /var/www/wappbuzz/vendor/codeigniter4/framework/system/CodeIgniter.php(475): CodeIgniter\Filters\Filters->run()
#8 /var/www/wappbuzz/vendor/codeigniter4/framework/system/CodeIgniter.php(361): CodeIgniter\CodeIgniter->handleRequest()
#9 /var/www/wappbuzz/index.php(34): CodeIgniter\CodeIgniter->run()
#10 {main}

Next CodeIgniter\Database\Exceptions\DatabaseException: Too many connections in /var/www/wappbuzz/vendor/codeigniter4/framework/system/Database/MySQLi/Connection.php:229
Stack trace:
#0 /var/www/wappbuzz/vendor/codeigniter4/framework/system/Database/BaseConnection.php(392): CodeIgniter\Database\MySQLi\Connection->connect()
#1 /var/www/wappbuzz/vendor/codeigniter4/framework/system/Database/BaseConnection.php(575): CodeIgniter\Database\BaseConnection->initialize()
#2 /var/www/wappbuzz/vendor/codeigniter4/framework/system/Database/BaseBuilder.php(1616): CodeIgniter\Database\BaseConnection->query()
#3 /var/www/wappbuzz/app/Helpers/Common_helper.php(1444): CodeIgniter\Database\BaseBuilder->get()
#4 /var/www/wappbuzz/app/Filters/MainFilter.php(57): db_get()
#5 /var/www/wappbuzz/vendor/codeigniter4/framework/system/Filters/Filters.php(184): App\Filters\MainFilter->before()
#6 /var/www/wappbuzz/vendor/codeigniter4/framework/system/CodeIgniter.php(475): CodeIgniter\Filters\Filters->run()
#7 /var/www/wappbuzz/vendor/codeigniter4/framework/system/CodeIgniter.php(361): CodeIgniter\CodeIgniter->handleRequest()
#8 /var/www/wappbuzz/index.php(34): CodeIgniter\CodeIgniter->run()
#9 {main}
CRITICAL - 2026-05-19 01:36:25 --> CodeIgniter\Database\Exceptions\DatabaseException: Unable to connect to the database.
Main connection [MySQLi]: Too many connections
in SYSTEMPATH/Database/BaseConnection.php on line 428.
 1 SYSTEMPATH/Database/BaseConnection.php(575): CodeIgniter\Database\BaseConnection->initialize()
 2 SYSTEMPATH/Database/BaseBuilder.php(1616): CodeIgniter\Database\BaseConnection->query()
 3 APPPATH/Helpers/Common_helper.php(1444): CodeIgniter\Database\BaseBuilder->get()
 4 APPPATH/Filters/MainFilter.php(57): db_get()
 5 SYSTEMPATH/Filters/Filters.php(184): App\Filters\MainFilter->before()
 6 SYSTEMPATH/CodeIgniter.php(475): CodeIgniter\Filters\Filters->run()
 7 SYSTEMPATH/CodeIgniter.php(361): CodeIgniter\CodeIgniter->handleRequest()
 8 FCPATH/index.php(34): CodeIgniter\CodeIgniter->run()
ERROR - 2026-05-19 01:40:52 --> Error connecting to the database: mysqli_sql_exception: Too many connections in /var/www/wappbuzz/vendor/codeigniter4/framework/system/Database/MySQLi/Connection.php:185
Stack trace:
#0 /var/www/wappbuzz/vendor/codeigniter4/framework/system/Database/MySQLi/Connection.php(185): mysqli->real_connect()
#1 /var/www/wappbuzz/vendor/codeigniter4/framework/system/Database/BaseConnection.php(392): CodeIgniter\Database\MySQLi\Connection->connect()
#2 /var/www/wappbuzz/vendor/codeigniter4/framework/system/Database/BaseConnection.php(575): CodeIgniter\Database\BaseConnection->initialize()
#3 /var/www/wappbuzz/vendor/codeigniter4/framework/system/Database/BaseBuilder.php(1616): CodeIgniter\Database\BaseConnection->query()
#4 /var/www/wappbuzz/app/Helpers/Common_helper.php(1444): CodeIgniter\Database\BaseBuilder->get()
#5 /var/www/wappbuzz/app/Filters/MainFilter.php(57): db_get()
#6 /var/www/wappbuzz/vendor/codeigniter4/framework/system/Filters/Filters.php(184): App\Filters\MainFilter->before()
#7 /var/www/wappbuzz/vendor/codeigniter4/framework/system/CodeIgniter.php(475): CodeIgniter\Filters\Filters->run()
#8 /var/www/wappbuzz/vendor/codeigniter4/framework/system/CodeIgniter.php(361): CodeIgniter\CodeIgniter->handleRequest()
#9 /var/www/wappbuzz/index.php(34): CodeIgniter\CodeIgniter->run()
#10 {main}

Next CodeIgniter\Database\Exceptions\DatabaseException: Too many connections in /var/www/wappbuzz/vendor/codeigniter4/framework/system/Database/MySQLi/Connection.php:229
Stack trace:
#0 /var/www/wappbuzz/vendor/codeigniter4/framework/system/Database/BaseConnection.php(392): CodeIgniter\Database\MySQLi\Connection->connect()
#1 /var/www/wappbuzz/vendor/codeigniter4/framework/system/Database/BaseConnection.php(575): CodeIgniter\Database\BaseConnection->initialize()
#2 /var/www/wappbuzz/vendor/codeigniter4/framework/system/Database/BaseBuilder.php(1616): CodeIgniter\Database\BaseConnection->query()
#3 /var/www/wappbuzz/app/Helpers/Common_helper.php(1444): CodeIgniter\Database\BaseBuilder->get()
#4 /var/www/wappbuzz/app/Filters/MainFilter.php(57): db_get()
#5 /var/www/wappbuzz/vendor/codeigniter4/framework/system/Filters/Filters.php(184): App\Filters\MainFilter->before()
#6 /var/www/wappbuzz/vendor/codeigniter4/framework/system/CodeIgniter.php(475): CodeIgniter\Filters\Filters->run()
#7 /var/www/wappbuzz/vendor/codeigniter4/framework/system/CodeIgniter.php(361): CodeIgniter\CodeIgniter->handleRequest()
#8 /var/www/wappbuzz/index.php(34): CodeIgniter\CodeIgniter->run()
#9 {main}
CRITICAL - 2026-05-19 01:40:52 --> CodeIgniter\Database\Exceptions\DatabaseException: Unable to connect to the database.
Main connection [MySQLi]: Too many connections
in SYSTEMPATH/Database/BaseConnection.php on line 428.
 1 SYSTEMPATH/Database/BaseConnection.php(575): CodeIgniter\Database\BaseConnection->initialize()
 2 SYSTEMPATH/Database/BaseBuilder.php(1616): CodeIgniter\Database\BaseConnection->query()
 3 APPPATH/Helpers/Common_helper.php(1444): CodeIgniter\Database\BaseBuilder->get()
 4 APPPATH/Filters/MainFilter.php(57): db_get()
 5 SYSTEMPATH/Filters/Filters.php(184): App\Filters\MainFilter->before()
 6 SYSTEMPATH/CodeIgniter.php(475): CodeIgniter\Filters\Filters->run()
 7 SYSTEMPATH/CodeIgniter.php(361): CodeIgniter\CodeIgniter->handleRequest()
 8 FCPATH/index.php(34): CodeIgniter\CodeIgniter->run()
ERROR - 2026-05-19 02:15:05 --> Error connecting to the database: mysqli_sql_exception: Too many connections in /var/www/wappbuzz/vendor/codeigniter4/framework/system/Database/MySQLi/Connection.php:185
Stack trace:
#0 /var/www/wappbuzz/vendor/codeigniter4/framework/system/Database/MySQLi/Connection.php(185): mysqli->real_connect()
#1 /var/www/wappbuzz/vendor/codeigniter4/framework/system/Database/BaseConnection.php(392): CodeIgniter\Database\MySQLi\Connection->connect()
#2 /var/www/wappbuzz/vendor/codeigniter4/framework/system/Database/BaseConnection.php(575): CodeIgniter\Database\BaseConnection->initialize()
#3 /var/www/wappbuzz/vendor/codeigniter4/framework/system/Database/BaseBuilder.php(1616): CodeIgniter\Database\BaseConnection->query()
#4 /var/www/wappbuzz/app/Helpers/Common_helper.php(1444): CodeIgniter\Database\BaseBuilder->get()
#5 /var/www/wappbuzz/app/Filters/MainFilter.php(57): db_get()
#6 /var/www/wappbuzz/vendor/codeigniter4/framework/system/Filters/Filters.php(184): App\Filters\MainFilter->before()
#7 /var/www/wappbuzz/vendor/codeigniter4/framework/system/CodeIgniter.php(475): CodeIgniter\Filters\Filters->run()
#8 /var/www/wappbuzz/vendor/codeigniter4/framework/system/CodeIgniter.php(361): CodeIgniter\CodeIgniter->handleRequest()
#9 /var/www/wappbuzz/index.php(34): CodeIgniter\CodeIgniter->run()
#10 {main}

Next CodeIgniter\Database\Exceptions\DatabaseException: Too many connections in /var/www/wappbuzz/vendor/codeigniter4/framework/system/Database/MySQLi/Connection.php:229
Stack trace:
#0 /var/www/wappbuzz/vendor/codeigniter4/framework/system/Database/BaseConnection.php(392): CodeIgniter\Database\MySQLi\Connection->connect()
#1 /var/www/wappbuzz/vendor/codeigniter4/framework/system/Database/BaseConnection.php(575): CodeIgniter\Database\BaseConnection->initialize()
#2 /var/www/wappbuzz/vendor/codeigniter4/framework/system/Database/BaseBuilder.php(1616): CodeIgniter\Database\BaseConnection->query()
#3 /var/www/wappbuzz/app/Helpers/Common_helper.php(1444): CodeIgniter\Database\BaseBuilder->get()
#4 /var/www/wappbuzz/app/Filters/MainFilter.php(57): db_get()
#5 /var/www/wappbuzz/vendor/codeigniter4/framework/system/Filters/Filters.php(184): App\Filters\MainFilter->before()
#6 /var/www/wappbuzz/vendor/codeigniter4/framework/system/CodeIgniter.php(475): CodeIgniter\Filters\Filters->run()
#7 /var/www/wappbuzz/vendor/codeigniter4/framework/system/CodeIgniter.php(361): CodeIgniter\CodeIgniter->handleRequest()
#8 /var/www/wappbuzz/index.php(34): CodeIgniter\CodeIgniter->run()
#9 {main}
CRITICAL - 2026-05-19 02:15:05 --> CodeIgniter\Database\Exceptions\DatabaseException: Unable to connect to the database.
Main connection [MySQLi]: Too many connections
in SYSTEMPATH/Database/BaseConnection.php on line 428.
 1 SYSTEMPATH/Database/BaseConnection.php(575): CodeIgniter\Database\BaseConnection->initialize()
 2 SYSTEMPATH/Database/BaseBuilder.php(1616): CodeIgniter\Database\BaseConnection->query()
 3 APPPATH/Helpers/Common_helper.php(1444): CodeIgniter\Database\BaseBuilder->get()
 4 APPPATH/Filters/MainFilter.php(57): db_get()
 5 SYSTEMPATH/Filters/Filters.php(184): App\Filters\MainFilter->before()
 6 SYSTEMPATH/CodeIgniter.php(475): CodeIgniter\Filters\Filters->run()
 7 SYSTEMPATH/CodeIgniter.php(361): CodeIgniter\CodeIgniter->handleRequest()
 8 FCPATH/index.php(34): CodeIgniter\CodeIgniter->run()
ERROR - 2026-05-19 02:16:30 --> Error connecting to the database: mysqli_sql_exception: Too many connections in /var/www/wappbuzz/vendor/codeigniter4/framework/system/Database/MySQLi/Connection.php:185
Stack trace:
#0 /var/www/wappbuzz/vendor/codeigniter4/framework/system/Database/MySQLi/Connection.php(185): mysqli->real_connect()
#1 /var/www/wappbuzz/vendor/codeigniter4/framework/system/Database/BaseConnection.php(392): CodeIgniter\Database\MySQLi\Connection->connect()
#2 /var/www/wappbuzz/vendor/codeigniter4/framework/system/Database/BaseConnection.php(575): CodeIgniter\Database\BaseConnection->initialize()
#3 /var/www/wappbuzz/vendor/codeigniter4/framework/system/Database/BaseBuilder.php(1616): CodeIgniter\Database\BaseConnection->query()
#4 /var/www/wappbuzz/app/Helpers/Common_helper.php(1444): CodeIgniter\Database\BaseBuilder->get()
#5 /var/www/wappbuzz/app/Filters/MainFilter.php(57): db_get()
#6 /var/www/wappbuzz/vendor/codeigniter4/framework/system/Filters/Filters.php(184): App\Filters\MainFilter->before()
#7 /var/www/wappbuzz/vendor/codeigniter4/framework/system/CodeIgniter.php(475): CodeIgniter\Filters\Filters->run()
#8 /var/www/wappbuzz/vendor/codeigniter4/framework/system/CodeIgniter.php(361): CodeIgniter\CodeIgniter->handleRequest()
#9 /var/www/wappbuzz/index.php(34): CodeIgniter\CodeIgniter->run()
#10 {main}

Next CodeIgniter\Database\Exceptions\DatabaseException: Too many connections in /var/www/wappbuzz/vendor/codeigniter4/framework/system/Database/MySQLi/Connection.php:229
Stack trace:
#0 /var/www/wappbuzz/vendor/codeigniter4/framework/system/Database/BaseConnection.php(392): CodeIgniter\Database\MySQLi\Connection->connect()
#1 /var/www/wappbuzz/vendor/codeigniter4/framework/system/Database/BaseConnection.php(575): CodeIgniter\Database\BaseConnection->initialize()
#2 /var/www/wappbuzz/vendor/codeigniter4/framework/system/Database/BaseBuilder.php(1616): CodeIgniter\Database\BaseConnection->query()
#3 /var/www/wappbuzz/app/Helpers/Common_helper.php(1444): CodeIgniter\Database\BaseBuilder->get()
#4 /var/www/wappbuzz/app/Filters/MainFilter.php(57): db_get()
#5 /var/www/wappbuzz/vendor/codeigniter4/framework/system/Filters/Filters.php(184): App\Filters\MainFilter->before()
#6 /var/www/wappbuzz/vendor/codeigniter4/framework/system/CodeIgniter.php(475): CodeIgniter\Filters\Filters->run()
#7 /var/www/wappbuzz/vendor/codeigniter4/framework/system/CodeIgniter.php(361): CodeIgniter\CodeIgniter->handleRequest()
#8 /var/www/wappbuzz/index.php(34): CodeIgniter\CodeIgniter->run()
#9 {main}
CRITICAL - 2026-05-19 02:16:30 --> CodeIgniter\Database\Exceptions\DatabaseException: Unable to connect to the database.
Main connection [MySQLi]: Too many connections
in SYSTEMPATH/Database/BaseConnection.php on line 428.
 1 SYSTEMPATH/Database/BaseConnection.php(575): CodeIgniter\Database\BaseConnection->initialize()
 2 SYSTEMPATH/Database/BaseBuilder.php(1616): CodeIgniter\Database\BaseConnection->query()
 3 APPPATH/Helpers/Common_helper.php(1444): CodeIgniter\Database\BaseBuilder->get()
 4 APPPATH/Filters/MainFilter.php(57): db_get()
 5 SYSTEMPATH/Filters/Filters.php(184): App\Filters\MainFilter->before()
 6 SYSTEMPATH/CodeIgniter.php(475): CodeIgniter\Filters\Filters->run()
 7 SYSTEMPATH/CodeIgniter.php(361): CodeIgniter\CodeIgniter->handleRequest()
 8 FCPATH/index.php(34): CodeIgniter\CodeIgniter->run()
ERROR - 2026-05-19 02:16:33 --> Error connecting to the database: mysqli_sql_exception: Too many connections in /var/www/wappbuzz/vendor/codeigniter4/framework/system/Database/MySQLi/Connection.php:185
Stack trace:
#0 /var/www/wappbuzz/vendor/codeigniter4/framework/system/Database/MySQLi/Connection.php(185): mysqli->real_connect()
#1 /var/www/wappbuzz/vendor/codeigniter4/framework/system/Database/BaseConnection.php(392): CodeIgniter\Database\MySQLi\Connection->connect()
#2 /var/www/wappbuzz/vendor/codeigniter4/framework/system/Database/BaseConnection.php(575): CodeIgniter\Database\BaseConnection->initialize()
#3 /var/www/wappbuzz/vendor/codeigniter4/framework/system/Database/BaseBuilder.php(1616): CodeIgniter\Database\BaseConnection->query()
#4 /var/www/wappbuzz/app/Helpers/Common_helper.php(1444): CodeIgniter\Database\BaseBuilder->get()
#5 /var/www/wappbuzz/app/Filters/MainFilter.php(57): db_get()
#6 /var/www/wappbuzz/vendor/codeigniter4/framework/system/Filters/Filters.php(184): App\Filters\MainFilter->before()
#7 /var/www/wappbuzz/vendor/codeigniter4/framework/system/CodeIgniter.php(475): CodeIgniter\Filters\Filters->run()
#8 /var/www/wappbuzz/vendor/codeigniter4/framework/system/CodeIgniter.php(361): CodeIgniter\CodeIgniter->handleRequest()
#9 /var/www/wappbuzz/index.php(34): CodeIgniter\CodeIgniter->run()
#10 {main}

Next CodeIgniter\Database\Exceptions\DatabaseException: Too many connections in /var/www/wappbuzz/vendor/codeigniter4/framework/system/Database/MySQLi/Connection.php:229
Stack trace:
#0 /var/www/wappbuzz/vendor/codeigniter4/framework/system/Database/BaseConnection.php(392): CodeIgniter\Database\MySQLi\Connection->connect()
#1 /var/www/wappbuzz/vendor/codeigniter4/framework/system/Database/BaseConnection.php(575): CodeIgniter\Database\BaseConnection->initialize()
#2 /var/www/wappbuzz/vendor/codeigniter4/framework/system/Database/BaseBuilder.php(1616): CodeIgniter\Database\BaseConnection->query()
#3 /var/www/wappbuzz/app/Helpers/Common_helper.php(1444): CodeIgniter\Database\BaseBuilder->get()
#4 /var/www/wappbuzz/app/Filters/MainFilter.php(57): db_get()
#5 /var/www/wappbuzz/vendor/codeigniter4/framework/system/Filters/Filters.php(184): App\Filters\MainFilter->before()
#6 /var/www/wappbuzz/vendor/codeigniter4/framework/system/CodeIgniter.php(475): CodeIgniter\Filters\Filters->run()
#7 /var/www/wappbuzz/vendor/codeigniter4/framework/system/CodeIgniter.php(361): CodeIgniter\CodeIgniter->handleRequest()
#8 /var/www/wappbuzz/index.php(34): CodeIgniter\CodeIgniter->run()
#9 {main}
CRITICAL - 2026-05-19 02:16:33 --> CodeIgniter\Database\Exceptions\DatabaseException: Unable to connect to the database.
Main connection [MySQLi]: Too many connections
in SYSTEMPATH/Database/BaseConnection.php on line 428.
 1 SYSTEMPATH/Database/BaseConnection.php(575): CodeIgniter\Database\BaseConnection->initialize()
 2 SYSTEMPATH/Database/BaseBuilder.php(1616): CodeIgniter\Database\BaseConnection->query()
 3 APPPATH/Helpers/Common_helper.php(1444): CodeIgniter\Database\BaseBuilder->get()
 4 APPPATH/Filters/MainFilter.php(57): db_get()
 5 SYSTEMPATH/Filters/Filters.php(184): App\Filters\MainFilter->before()
 6 SYSTEMPATH/CodeIgniter.php(475): CodeIgniter\Filters\Filters->run()
 7 SYSTEMPATH/CodeIgniter.php(361): CodeIgniter\CodeIgniter->handleRequest()
 8 FCPATH/index.php(34): CodeIgniter\CodeIgniter->run()
ERROR - 2026-05-19 02:16:34 --> Error connecting to the database: mysqli_sql_exception: Too many connections in /var/www/wappbuzz/vendor/codeigniter4/framework/system/Database/MySQLi/Connection.php:185
Stack trace:
#0 /var/www/wappbuzz/vendor/codeigniter4/framework/system/Database/MySQLi/Connection.php(185): mysqli->real_connect()
#1 /var/www/wappbuzz/vendor/codeigniter4/framework/system/Database/BaseConnection.php(392): CodeIgniter\Database\MySQLi\Connection->connect()
#2 /var/www/wappbuzz/vendor/codeigniter4/framework/system/Database/BaseConnection.php(575): CodeIgniter\Database\BaseConnection->initialize()
#3 /var/www/wappbuzz/vendor/codeigniter4/framework/system/Database/BaseBuilder.php(1616): CodeIgniter\Database\BaseConnection->query()
#4 /var/www/wappbuzz/app/Helpers/Common_helper.php(1444): CodeIgniter\Database\BaseBuilder->get()
#5 /var/www/wappbuzz/app/Filters/MainFilter.php(57): db_get()
#6 /var/www/wappbuzz/vendor/codeigniter4/framework/system/Filters/Filters.php(184): App\Filters\MainFilter->before()
#7 /var/www/wappbuzz/vendor/codeigniter4/framework/system/CodeIgniter.php(475): CodeIgniter\Filters\Filters->run()
#8 /var/www/wappbuzz/vendor/codeigniter4/framework/system/CodeIgniter.php(361): CodeIgniter\CodeIgniter->handleRequest()
#9 /var/www/wappbuzz/index.php(34): CodeIgniter\CodeIgniter->run()
#10 {main}

Next CodeIgniter\Database\Exceptions\DatabaseException: Too many connections in /var/www/wappbuzz/vendor/codeigniter4/framework/system/Database/MySQLi/Connection.php:229
Stack trace:
#0 /var/www/wappbuzz/vendor/codeigniter4/framework/system/Database/BaseConnection.php(392): CodeIgniter\Database\MySQLi\Connection->connect()
#1 /var/www/wappbuzz/vendor/codeigniter4/framework/system/Database/BaseConnection.php(575): CodeIgniter\Database\BaseConnection->initialize()
#2 /var/www/wappbuzz/vendor/codeigniter4/framework/system/Database/BaseBuilder.php(1616): CodeIgniter\Database\BaseConnection->query()
#3 /var/www/wappbuzz/app/Helpers/Common_helper.php(1444): CodeIgniter\Database\BaseBuilder->get()
#4 /var/www/wappbuzz/app/Filters/MainFilter.php(57): db_get()
#5 /var/www/wappbuzz/vendor/codeigniter4/framework/system/Filters/Filters.php(184): App\Filters\MainFilter->before()
#6 /var/www/wappbuzz/vendor/codeigniter4/framework/system/CodeIgniter.php(475): CodeIgniter\Filters\Filters->run()
#7 /var/www/wappbuzz/vendor/codeigniter4/framework/system/CodeIgniter.php(361): CodeIgniter\CodeIgniter->handleRequest()
#8 /var/www/wappbuzz/index.php(34): CodeIgniter\CodeIgniter->run()
#9 {main}
CRITICAL - 2026-05-19 02:16:34 --> CodeIgniter\Database\Exceptions\DatabaseException: Unable to connect to the database.
Main connection [MySQLi]: Too many connections
in SYSTEMPATH/Database/BaseConnection.php on line 428.
 1 SYSTEMPATH/Database/BaseConnection.php(575): CodeIgniter\Database\BaseConnection->initialize()
 2 SYSTEMPATH/Database/BaseBuilder.php(1616): CodeIgniter\Database\BaseConnection->query()
 3 APPPATH/Helpers/Common_helper.php(1444): CodeIgniter\Database\BaseBuilder->get()
 4 APPPATH/Filters/MainFilter.php(57): db_get()
 5 SYSTEMPATH/Filters/Filters.php(184): App\Filters\MainFilter->before()
 6 SYSTEMPATH/CodeIgniter.php(475): CodeIgniter\Filters\Filters->run()
 7 SYSTEMPATH/CodeIgniter.php(361): CodeIgniter\CodeIgniter->handleRequest()
 8 FCPATH/index.php(34): CodeIgniter\CodeIgniter->run()
ERROR - 2026-05-19 02:16:38 --> Error connecting to the database: mysqli_sql_exception: Too many connections in /var/www/wappbuzz/vendor/codeigniter4/framework/system/Database/MySQLi/Connection.php:185
Stack trace:
#0 /var/www/wappbuzz/vendor/codeigniter4/framework/system/Database/MySQLi/Connection.php(185): mysqli->real_connect()
#1 /var/www/wappbuzz/vendor/codeigniter4/framework/system/Database/BaseConnection.php(392): CodeIgniter\Database\MySQLi\Connection->connect()
#2 /var/www/wappbuzz/vendor/codeigniter4/framework/system/Database/BaseConnection.php(575): CodeIgniter\Database\BaseConnection->initialize()
#3 /var/www/wappbuzz/vendor/codeigniter4/framework/system/Database/BaseBuilder.php(1616): CodeIgniter\Database\BaseConnection->query()
#4 /var/www/wappbuzz/app/Helpers/Common_helper.php(1444): CodeIgniter\Database\BaseBuilder->get()
#5 /var/www/wappbuzz/app/Filters/MainFilter.php(57): db_get()
#6 /var/www/wappbuzz/vendor/codeigniter4/framework/system/Filters/Filters.php(184): App\Filters\MainFilter->before()
#7 /var/www/wappbuzz/vendor/codeigniter4/framework/system/CodeIgniter.php(475): CodeIgniter\Filters\Filters->run()
#8 /var/www/wappbuzz/vendor/codeigniter4/framework/system/CodeIgniter.php(361): CodeIgniter\CodeIgniter->handleRequest()
#9 /var/www/wappbuzz/index.php(34): CodeIgniter\CodeIgniter->run()
#10 {main}

Next CodeIgniter\Database\Exceptions\DatabaseException: Too many connections in /var/www/wappbuzz/vendor/codeigniter4/framework/system/Database/MySQLi/Connection.php:229
Stack trace:
#0 /var/www/wappbuzz/vendor/codeigniter4/framework/system/Database/BaseConnection.php(392): CodeIgniter\Database\MySQLi\Connection->connect()
#1 /var/www/wappbuzz/vendor/codeigniter4/framework/system/Database/BaseConnection.php(575): CodeIgniter\Database\BaseConnection->initialize()
#2 /var/www/wappbuzz/vendor/codeigniter4/framework/system/Database/BaseBuilder.php(1616): CodeIgniter\Database\BaseConnection->query()
#3 /var/www/wappbuzz/app/Helpers/Common_helper.php(1444): CodeIgniter\Database\BaseBuilder->get()
#4 /var/www/wappbuzz/app/Filters/MainFilter.php(57): db_get()
#5 /var/www/wappbuzz/vendor/codeigniter4/framework/system/Filters/Filters.php(184): App\Filters\MainFilter->before()
#6 /var/www/wappbuzz/vendor/codeigniter4/framework/system/CodeIgniter.php(475): CodeIgniter\Filters\Filters->run()
#7 /var/www/wappbuzz/vendor/codeigniter4/framework/system/CodeIgniter.php(361): CodeIgniter\CodeIgniter->handleRequest()
#8 /var/www/wappbuzz/index.php(34): CodeIgniter\CodeIgniter->run()
#9 {main}
CRITICAL - 2026-05-19 02:16:38 --> CodeIgniter\Database\Exceptions\DatabaseException: Unable to connect to the database.
Main connection [MySQLi]: Too many connections
in SYSTEMPATH/Database/BaseConnection.php on line 428.
 1 SYSTEMPATH/Database/BaseConnection.php(575): CodeIgniter\Database\BaseConnection->initialize()
 2 SYSTEMPATH/Database/BaseBuilder.php(1616): CodeIgniter\Database\BaseConnection->query()
 3 APPPATH/Helpers/Common_helper.php(1444): CodeIgniter\Database\BaseBuilder->get()
 4 APPPATH/Filters/MainFilter.php(57): db_get()
 5 SYSTEMPATH/Filters/Filters.php(184): App\Filters\MainFilter->before()
 6 SYSTEMPATH/CodeIgniter.php(475): CodeIgniter\Filters\Filters->run()
 7 SYSTEMPATH/CodeIgniter.php(361): CodeIgniter\CodeIgniter->handleRequest()
 8 FCPATH/index.php(34): CodeIgniter\CodeIgniter->run()
ERROR - 2026-05-19 02:16:42 --> Error connecting to the database: mysqli_sql_exception: Too many connections in /var/www/wappbuzz/vendor/codeigniter4/framework/system/Database/MySQLi/Connection.php:185
Stack trace:
#0 /var/www/wappbuzz/vendor/codeigniter4/framework/system/Database/MySQLi/Connection.php(185): mysqli->real_connect()
#1 /var/www/wappbuzz/vendor/codeigniter4/framework/system/Database/BaseConnection.php(392): CodeIgniter\Database\MySQLi\Connection->connect()
#2 /var/www/wappbuzz/vendor/codeigniter4/framework/system/Database/BaseConnection.php(575): CodeIgniter\Database\BaseConnection->initialize()
#3 /var/www/wappbuzz/vendor/codeigniter4/framework/system/Database/BaseBuilder.php(1616): CodeIgniter\Database\BaseConnection->query()
#4 /var/www/wappbuzz/app/Helpers/Common_helper.php(1444): CodeIgniter\Database\BaseBuilder->get()
#5 /var/www/wappbuzz/app/Filters/MainFilter.php(57): db_get()
#6 /var/www/wappbuzz/vendor/codeigniter4/framework/system/Filters/Filters.php(184): App\Filters\MainFilter->before()
#7 /var/www/wappbuzz/vendor/codeigniter4/framework/system/CodeIgniter.php(475): CodeIgniter\Filters\Filters->run()
#8 /var/www/wappbuzz/vendor/codeigniter4/framework/system/CodeIgniter.php(361): CodeIgniter\CodeIgniter->handleRequest()
#9 /var/www/wappbuzz/index.php(34): CodeIgniter\CodeIgniter->run()
#10 {main}

Next CodeIgniter\Database\Exceptions\DatabaseException: Too many connections in /var/www/wappbuzz/vendor/codeigniter4/framework/system/Database/MySQLi/Connection.php:229
Stack trace:
#0 /var/www/wappbuzz/vendor/codeigniter4/framework/system/Database/BaseConnection.php(392): CodeIgniter\Database\MySQLi\Connection->connect()
#1 /var/www/wappbuzz/vendor/codeigniter4/framework/system/Database/BaseConnection.php(575): CodeIgniter\Database\BaseConnection->initialize()
#2 /var/www/wappbuzz/vendor/codeigniter4/framework/system/Database/BaseBuilder.php(1616): CodeIgniter\Database\BaseConnection->query()
#3 /var/www/wappbuzz/app/Helpers/Common_helper.php(1444): CodeIgniter\Database\BaseBuilder->get()
#4 /var/www/wappbuzz/app/Filters/MainFilter.php(57): db_get()
#5 /var/www/wappbuzz/vendor/codeigniter4/framework/system/Filters/Filters.php(184): App\Filters\MainFilter->before()
#6 /var/www/wappbuzz/vendor/codeigniter4/framework/system/CodeIgniter.php(475): CodeIgniter\Filters\Filters->run()
#7 /var/www/wappbuzz/vendor/codeigniter4/framework/system/CodeIgniter.php(361): CodeIgniter\CodeIgniter->handleRequest()
#8 /var/www/wappbuzz/index.php(34): CodeIgniter\CodeIgniter->run()
#9 {main}
CRITICAL - 2026-05-19 02:16:42 --> CodeIgniter\Database\Exceptions\DatabaseException: Unable to connect to the database.
Main connection [MySQLi]: Too many connections
in SYSTEMPATH/Database/BaseConnection.php on line 428.
 1 SYSTEMPATH/Database/BaseConnection.php(575): CodeIgniter\Database\BaseConnection->initialize()
 2 SYSTEMPATH/Database/BaseBuilder.php(1616): CodeIgniter\Database\BaseConnection->query()
 3 APPPATH/Helpers/Common_helper.php(1444): CodeIgniter\Database\BaseBuilder->get()
 4 APPPATH/Filters/MainFilter.php(57): db_get()
 5 SYSTEMPATH/Filters/Filters.php(184): App\Filters\MainFilter->before()
 6 SYSTEMPATH/CodeIgniter.php(475): CodeIgniter\Filters\Filters->run()
 7 SYSTEMPATH/CodeIgniter.php(361): CodeIgniter\CodeIgniter->handleRequest()
 8 FCPATH/index.php(34): CodeIgniter\CodeIgniter->run()
ERROR - 2026-05-19 02:16:46 --> Error connecting to the database: mysqli_sql_exception: Too many connections in /var/www/wappbuzz/vendor/codeigniter4/framework/system/Database/MySQLi/Connection.php:185
Stack trace:
#0 /var/www/wappbuzz/vendor/codeigniter4/framework/system/Database/MySQLi/Connection.php(185): mysqli->real_connect()
#1 /var/www/wappbuzz/vendor/codeigniter4/framework/system/Database/BaseConnection.php(392): CodeIgniter\Database\MySQLi\Connection->connect()
#2 /var/www/wappbuzz/vendor/codeigniter4/framework/system/Database/BaseConnection.php(575): CodeIgniter\Database\BaseConnection->initialize()
#3 /var/www/wappbuzz/vendor/codeigniter4/framework/system/Database/BaseBuilder.php(1616): CodeIgniter\Database\BaseConnection->query()
#4 /var/www/wappbuzz/app/Helpers/Common_helper.php(1444): CodeIgniter\Database\BaseBuilder->get()
#5 /var/www/wappbuzz/app/Filters/MainFilter.php(57): db_get()
#6 /var/www/wappbuzz/vendor/codeigniter4/framework/system/Filters/Filters.php(184): App\Filters\MainFilter->before()
#7 /var/www/wappbuzz/vendor/codeigniter4/framework/system/CodeIgniter.php(475): CodeIgniter\Filters\Filters->run()
#8 /var/www/wappbuzz/vendor/codeigniter4/framework/system/CodeIgniter.php(361): CodeIgniter\CodeIgniter->handleRequest()
#9 /var/www/wappbuzz/index.php(34): CodeIgniter\CodeIgniter->run()
#10 {main}

Next CodeIgniter\Database\Exceptions\DatabaseException: Too many connections in /var/www/wappbuzz/vendor/codeigniter4/framework/system/Database/MySQLi/Connection.php:229
Stack trace:
#0 /var/www/wappbuzz/vendor/codeigniter4/framework/system/Database/BaseConnection.php(392): CodeIgniter\Database\MySQLi\Connection->connect()
#1 /var/www/wappbuzz/vendor/codeigniter4/framework/system/Database/BaseConnection.php(575): CodeIgniter\Database\BaseConnection->initialize()
#2 /var/www/wappbuzz/vendor/codeigniter4/framework/system/Database/BaseBuilder.php(1616): CodeIgniter\Database\BaseConnection->query()
#3 /var/www/wappbuzz/app/Helpers/Common_helper.php(1444): CodeIgniter\Database\BaseBuilder->get()
#4 /var/www/wappbuzz/app/Filters/MainFilter.php(57): db_get()
#5 /var/www/wappbuzz/vendor/codeigniter4/framework/system/Filters/Filters.php(184): App\Filters\MainFilter->before()
#6 /var/www/wappbuzz/vendor/codeigniter4/framework/system/CodeIgniter.php(475): CodeIgniter\Filters\Filters->run()
#7 /var/www/wappbuzz/vendor/codeigniter4/framework/system/CodeIgniter.php(361): CodeIgniter\CodeIgniter->handleRequest()
#8 /var/www/wappbuzz/index.php(34): CodeIgniter\CodeIgniter->run()
#9 {main}
CRITICAL - 2026-05-19 02:16:46 --> CodeIgniter\Database\Exceptions\DatabaseException: Unable to connect to the database.
Main connection [MySQLi]: Too many connections
in SYSTEMPATH/Database/BaseConnection.php on line 428.
 1 SYSTEMPATH/Database/BaseConnection.php(575): CodeIgniter\Database\BaseConnection->initialize()
 2 SYSTEMPATH/Database/BaseBuilder.php(1616): CodeIgniter\Database\BaseConnection->query()
 3 APPPATH/Helpers/Common_helper.php(1444): CodeIgniter\Database\BaseBuilder->get()
 4 APPPATH/Filters/MainFilter.php(57): db_get()
 5 SYSTEMPATH/Filters/Filters.php(184): App\Filters\MainFilter->before()
 6 SYSTEMPATH/CodeIgniter.php(475): CodeIgniter\Filters\Filters->run()
 7 SYSTEMPATH/CodeIgniter.php(361): CodeIgniter\CodeIgniter->handleRequest()
 8 FCPATH/index.php(34): CodeIgniter\CodeIgniter->run()
ERROR - 2026-05-19 02:16:51 --> Error connecting to the database: mysqli_sql_exception: Too many connections in /var/www/wappbuzz/vendor/codeigniter4/framework/system/Database/MySQLi/Connection.php:185
Stack trace:
#0 /var/www/wappbuzz/vendor/codeigniter4/framework/system/Database/MySQLi/Connection.php(185): mysqli->real_connect()
#1 /var/www/wappbuzz/vendor/codeigniter4/framework/system/Database/BaseConnection.php(392): CodeIgniter\Database\MySQLi\Connection->connect()
#2 /var/www/wappbuzz/vendor/codeigniter4/framework/system/Database/BaseConnection.php(575): CodeIgniter\Database\BaseConnection->initialize()
#3 /var/www/wappbuzz/vendor/codeigniter4/framework/system/Database/BaseBuilder.php(1616): CodeIgniter\Database\BaseConnection->query()
#4 /var/www/wappbuzz/app/Helpers/Common_helper.php(1444): CodeIgniter\Database\BaseBuilder->get()
#5 /var/www/wappbuzz/app/Filters/MainFilter.php(57): db_get()
#6 /var/www/wappbuzz/vendor/codeigniter4/framework/system/Filters/Filters.php(184): App\Filters\MainFilter->before()
#7 /var/www/wappbuzz/vendor/codeigniter4/framework/system/CodeIgniter.php(475): CodeIgniter\Filters\Filters->run()
#8 /var/www/wappbuzz/vendor/codeigniter4/framework/system/CodeIgniter.php(361): CodeIgniter\CodeIgniter->handleRequest()
#9 /var/www/wappbuzz/index.php(34): CodeIgniter\CodeIgniter->run()
#10 {main}

Next CodeIgniter\Database\Exceptions\DatabaseException: Too many connections in /var/www/wappbuzz/vendor/codeigniter4/framework/system/Database/MySQLi/Connection.php:229
Stack trace:
#0 /var/www/wappbuzz/vendor/codeigniter4/framework/system/Database/BaseConnection.php(392): CodeIgniter\Database\MySQLi\Connection->connect()
#1 /var/www/wappbuzz/vendor/codeigniter4/framework/system/Database/BaseConnection.php(575): CodeIgniter\Database\BaseConnection->initialize()
#2 /var/www/wappbuzz/vendor/codeigniter4/framework/system/Database/BaseBuilder.php(1616): CodeIgniter\Database\BaseConnection->query()
#3 /var/www/wappbuzz/app/Helpers/Common_helper.php(1444): CodeIgniter\Database\BaseBuilder->get()
#4 /var/www/wappbuzz/app/Filters/MainFilter.php(57): db_get()
#5 /var/www/wappbuzz/vendor/codeigniter4/framework/system/Filters/Filters.php(184): App\Filters\MainFilter->before()
#6 /var/www/wappbuzz/vendor/codeigniter4/framework/system/CodeIgniter.php(475): CodeIgniter\Filters\Filters->run()
#7 /var/www/wappbuzz/vendor/codeigniter4/framework/system/CodeIgniter.php(361): CodeIgniter\CodeIgniter->handleRequest()
#8 /var/www/wappbuzz/index.php(34): CodeIgniter\CodeIgniter->run()
#9 {main}
CRITICAL - 2026-05-19 02:16:51 --> CodeIgniter\Database\Exceptions\DatabaseException: Unable to connect to the database.
Main connection [MySQLi]: Too many connections
in SYSTEMPATH/Database/BaseConnection.php on line 428.
 1 SYSTEMPATH/Database/BaseConnection.php(575): CodeIgniter\Database\BaseConnection->initialize()
 2 SYSTEMPATH/Database/BaseBuilder.php(1616): CodeIgniter\Database\BaseConnection->query()
 3 APPPATH/Helpers/Common_helper.php(1444): CodeIgniter\Database\BaseBuilder->get()
 4 APPPATH/Filters/MainFilter.php(57): db_get()
 5 SYSTEMPATH/Filters/Filters.php(184): App\Filters\MainFilter->before()
 6 SYSTEMPATH/CodeIgniter.php(475): CodeIgniter\Filters\Filters->run()
 7 SYSTEMPATH/CodeIgniter.php(361): CodeIgniter\CodeIgniter->handleRequest()
 8 FCPATH/index.php(34): CodeIgniter\CodeIgniter->run()
ERROR - 2026-05-19 02:16:54 --> Error connecting to the database: mysqli_sql_exception: Too many connections in /var/www/wappbuzz/vendor/codeigniter4/framework/system/Database/MySQLi/Connection.php:185
Stack trace:
#0 /var/www/wappbuzz/vendor/codeigniter4/framework/system/Database/MySQLi/Connection.php(185): mysqli->real_connect()
#1 /var/www/wappbuzz/vendor/codeigniter4/framework/system/Database/BaseConnection.php(392): CodeIgniter\Database\MySQLi\Connection->connect()
#2 /var/www/wappbuzz/vendor/codeigniter4/framework/system/Database/BaseConnection.php(575): CodeIgniter\Database\BaseConnection->initialize()
#3 /var/www/wappbuzz/vendor/codeigniter4/framework/system/Database/BaseBuilder.php(1616): CodeIgniter\Database\BaseConnection->query()
#4 /var/www/wappbuzz/app/Helpers/Common_helper.php(1444): CodeIgniter\Database\BaseBuilder->get()
#5 /var/www/wappbuzz/app/Filters/MainFilter.php(57): db_get()
#6 /var/www/wappbuzz/vendor/codeigniter4/framework/system/Filters/Filters.php(184): App\Filters\MainFilter->before()
#7 /var/www/wappbuzz/vendor/codeigniter4/framework/system/CodeIgniter.php(475): CodeIgniter\Filters\Filters->run()
#8 /var/www/wappbuzz/vendor/codeigniter4/framework/system/CodeIgniter.php(361): CodeIgniter\CodeIgniter->handleRequest()
#9 /var/www/wappbuzz/index.php(34): CodeIgniter\CodeIgniter->run()
#10 {main}

Next CodeIgniter\Database\Exceptions\DatabaseException: Too many connections in /var/www/wappbuzz/vendor/codeigniter4/framework/system/Database/MySQLi/Connection.php:229
Stack trace:
#0 /var/www/wappbuzz/vendor/codeigniter4/framework/system/Database/BaseConnection.php(392): CodeIgniter\Database\MySQLi\Connection->connect()
#1 /var/www/wappbuzz/vendor/codeigniter4/framework/system/Database/BaseConnection.php(575): CodeIgniter\Database\BaseConnection->initialize()
#2 /var/www/wappbuzz/vendor/codeigniter4/framework/system/Database/BaseBuilder.php(1616): CodeIgniter\Database\BaseConnection->query()
#3 /var/www/wappbuzz/app/Helpers/Common_helper.php(1444): CodeIgniter\Database\BaseBuilder->get()
#4 /var/www/wappbuzz/app/Filters/MainFilter.php(57): db_get()
#5 /var/www/wappbuzz/vendor/codeigniter4/framework/system/Filters/Filters.php(184): App\Filters\MainFilter->before()
#6 /var/www/wappbuzz/vendor/codeigniter4/framework/system/CodeIgniter.php(475): CodeIgniter\Filters\Filters->run()
#7 /var/www/wappbuzz/vendor/codeigniter4/framework/system/CodeIgniter.php(361): CodeIgniter\CodeIgniter->handleRequest()
#8 /var/www/wappbuzz/index.php(34): CodeIgniter\CodeIgniter->run()
#9 {main}
CRITICAL - 2026-05-19 02:16:54 --> CodeIgniter\Database\Exceptions\DatabaseException: Unable to connect to the database.
Main connection [MySQLi]: Too many connections
in SYSTEMPATH/Database/BaseConnection.php on line 428.
 1 SYSTEMPATH/Database/BaseConnection.php(575): CodeIgniter\Database\BaseConnection->initialize()
 2 SYSTEMPATH/Database/BaseBuilder.php(1616): CodeIgniter\Database\BaseConnection->query()
 3 APPPATH/Helpers/Common_helper.php(1444): CodeIgniter\Database\BaseBuilder->get()
 4 APPPATH/Filters/MainFilter.php(57): db_get()
 5 SYSTEMPATH/Filters/Filters.php(184): App\Filters\MainFilter->before()
 6 SYSTEMPATH/CodeIgniter.php(475): CodeIgniter\Filters\Filters->run()
 7 SYSTEMPATH/CodeIgniter.php(361): CodeIgniter\CodeIgniter->handleRequest()
 8 FCPATH/index.php(34): CodeIgniter\CodeIgniter->run()
ERROR - 2026-05-19 02:27:48 --> Error connecting to the database: mysqli_sql_exception: Too many connections in /var/www/wappbuzz/vendor/codeigniter4/framework/system/Database/MySQLi/Connection.php:185
Stack trace:
#0 /var/www/wappbuzz/vendor/codeigniter4/framework/system/Database/MySQLi/Connection.php(185): mysqli->real_connect()
#1 /var/www/wappbuzz/vendor/codeigniter4/framework/system/Database/BaseConnection.php(392): CodeIgniter\Database\MySQLi\Connection->connect()
#2 /var/www/wappbuzz/vendor/codeigniter4/framework/system/Database/BaseConnection.php(575): CodeIgniter\Database\BaseConnection->initialize()
#3 /var/www/wappbuzz/vendor/codeigniter4/framework/system/Database/BaseBuilder.php(1616): CodeIgniter\Database\BaseConnection->query()
#4 /var/www/wappbuzz/app/Helpers/Common_helper.php(1444): CodeIgniter\Database\BaseBuilder->get()
#5 /var/www/wappbuzz/app/Filters/MainFilter.php(57): db_get()
#6 /var/www/wappbuzz/vendor/codeigniter4/framework/system/Filters/Filters.php(184): App\Filters\MainFilter->before()
#7 /var/www/wappbuzz/vendor/codeigniter4/framework/system/CodeIgniter.php(475): CodeIgniter\Filters\Filters->run()
#8 /var/www/wappbuzz/vendor/codeigniter4/framework/system/CodeIgniter.php(361): CodeIgniter\CodeIgniter->handleRequest()
#9 /var/www/wappbuzz/index.php(34): CodeIgniter\CodeIgniter->run()
#10 {main}

Next CodeIgniter\Database\Exceptions\DatabaseException: Too many connections in /var/www/wappbuzz/vendor/codeigniter4/framework/system/Database/MySQLi/Connection.php:229
Stack trace:
#0 /var/www/wappbuzz/vendor/codeigniter4/framework/system/Database/BaseConnection.php(392): CodeIgniter\Database\MySQLi\Connection->connect()
#1 /var/www/wappbuzz/vendor/codeigniter4/framework/system/Database/BaseConnection.php(575): CodeIgniter\Database\BaseConnection->initialize()
#2 /var/www/wappbuzz/vendor/codeigniter4/framework/system/Database/BaseBuilder.php(1616): CodeIgniter\Database\BaseConnection->query()
#3 /var/www/wappbuzz/app/Helpers/Common_helper.php(1444): CodeIgniter\Database\BaseBuilder->get()
#4 /var/www/wappbuzz/app/Filters/MainFilter.php(57): db_get()
#5 /var/www/wappbuzz/vendor/codeigniter4/framework/system/Filters/Filters.php(184): App\Filters\MainFilter->before()
#6 /var/www/wappbuzz/vendor/codeigniter4/framework/system/CodeIgniter.php(475): CodeIgniter\Filters\Filters->run()
#7 /var/www/wappbuzz/vendor/codeigniter4/framework/system/CodeIgniter.php(361): CodeIgniter\CodeIgniter->handleRequest()
#8 /var/www/wappbuzz/index.php(34): CodeIgniter\CodeIgniter->run()
#9 {main}
CRITICAL - 2026-05-19 02:27:48 --> CodeIgniter\Database\Exceptions\DatabaseException: Unable to connect to the database.
Main connection [MySQLi]: Too many connections
in SYSTEMPATH/Database/BaseConnection.php on line 428.
 1 SYSTEMPATH/Database/BaseConnection.php(575): CodeIgniter\Database\BaseConnection->initialize()
 2 SYSTEMPATH/Database/BaseBuilder.php(1616): CodeIgniter\Database\BaseConnection->query()
 3 APPPATH/Helpers/Common_helper.php(1444): CodeIgniter\Database\BaseBuilder->get()
 4 APPPATH/Filters/MainFilter.php(57): db_get()
 5 SYSTEMPATH/Filters/Filters.php(184): App\Filters\MainFilter->before()
 6 SYSTEMPATH/CodeIgniter.php(475): CodeIgniter\Filters\Filters->run()
 7 SYSTEMPATH/CodeIgniter.php(361): CodeIgniter\CodeIgniter->handleRequest()
 8 FCPATH/index.php(34): CodeIgniter\CodeIgniter->run()
ERROR - 2026-05-19 02:28:54 --> Error connecting to the database: mysqli_sql_exception: Too many connections in /var/www/wappbuzz/vendor/codeigniter4/framework/system/Database/MySQLi/Connection.php:185
Stack trace:
#0 /var/www/wappbuzz/vendor/codeigniter4/framework/system/Database/MySQLi/Connection.php(185): mysqli->real_connect()
#1 /var/www/wappbuzz/vendor/codeigniter4/framework/system/Database/BaseConnection.php(392): CodeIgniter\Database\MySQLi\Connection->connect()
#2 /var/www/wappbuzz/vendor/codeigniter4/framework/system/Database/BaseConnection.php(575): CodeIgniter\Database\BaseConnection->initialize()
#3 /var/www/wappbuzz/vendor/codeigniter4/framework/system/Database/BaseBuilder.php(1616): CodeIgniter\Database\BaseConnection->query()
#4 /var/www/wappbuzz/app/Helpers/Common_helper.php(1444): CodeIgniter\Database\BaseBuilder->get()
#5 /var/www/wappbuzz/app/Filters/MainFilter.php(57): db_get()
#6 /var/www/wappbuzz/vendor/codeigniter4/framework/system/Filters/Filters.php(184): App\Filters\MainFilter->before()
#7 /var/www/wappbuzz/vendor/codeigniter4/framework/system/CodeIgniter.php(475): CodeIgniter\Filters\Filters->run()
#8 /var/www/wappbuzz/vendor/codeigniter4/framework/system/CodeIgniter.php(361): CodeIgniter\CodeIgniter->handleRequest()
#9 /var/www/wappbuzz/index.php(34): CodeIgniter\CodeIgniter->run()
#10 {main}

Next CodeIgniter\Database\Exceptions\DatabaseException: Too many connections in /var/www/wappbuzz/vendor/codeigniter4/framework/system/Database/MySQLi/Connection.php:229
Stack trace:
#0 /var/www/wappbuzz/vendor/codeigniter4/framework/system/Database/BaseConnection.php(392): CodeIgniter\Database\MySQLi\Connection->connect()
#1 /var/www/wappbuzz/vendor/codeigniter4/framework/system/Database/BaseConnection.php(575): CodeIgniter\Database\BaseConnection->initialize()
#2 /var/www/wappbuzz/vendor/codeigniter4/framework/system/Database/BaseBuilder.php(1616): CodeIgniter\Database\BaseConnection->query()
#3 /var/www/wappbuzz/app/Helpers/Common_helper.php(1444): CodeIgniter\Database\BaseBuilder->get()
#4 /var/www/wappbuzz/app/Filters/MainFilter.php(57): db_get()
#5 /var/www/wappbuzz/vendor/codeigniter4/framework/system/Filters/Filters.php(184): App\Filters\MainFilter->before()
#6 /var/www/wappbuzz/vendor/codeigniter4/framework/system/CodeIgniter.php(475): CodeIgniter\Filters\Filters->run()
#7 /var/www/wappbuzz/vendor/codeigniter4/framework/system/CodeIgniter.php(361): CodeIgniter\CodeIgniter->handleRequest()
#8 /var/www/wappbuzz/index.php(34): CodeIgniter\CodeIgniter->run()
#9 {main}
CRITICAL - 2026-05-19 02:28:54 --> CodeIgniter\Database\Exceptions\DatabaseException: Unable to connect to the database.
Main connection [MySQLi]: Too many connections
in SYSTEMPATH/Database/BaseConnection.php on line 428.
 1 SYSTEMPATH/Database/BaseConnection.php(575): CodeIgniter\Database\BaseConnection->initialize()
 2 SYSTEMPATH/Database/BaseBuilder.php(1616): CodeIgniter\Database\BaseConnection->query()
 3 APPPATH/Helpers/Common_helper.php(1444): CodeIgniter\Database\BaseBuilder->get()
 4 APPPATH/Filters/MainFilter.php(57): db_get()
 5 SYSTEMPATH/Filters/Filters.php(184): App\Filters\MainFilter->before()
 6 SYSTEMPATH/CodeIgniter.php(475): CodeIgniter\Filters\Filters->run()
 7 SYSTEMPATH/CodeIgniter.php(361): CodeIgniter\CodeIgniter->handleRequest()
 8 FCPATH/index.php(34): CodeIgniter\CodeIgniter->run()
ERROR - 2026-05-19 02:30:15 --> Error connecting to the database: mysqli_sql_exception: Too many connections in /var/www/wappbuzz/vendor/codeigniter4/framework/system/Database/MySQLi/Connection.php:185
Stack trace:
#0 /var/www/wappbuzz/vendor/codeigniter4/framework/system/Database/MySQLi/Connection.php(185): mysqli->real_connect()
#1 /var/www/wappbuzz/vendor/codeigniter4/framework/system/Database/BaseConnection.php(392): CodeIgniter\Database\MySQLi\Connection->connect()
#2 /var/www/wappbuzz/vendor/codeigniter4/framework/system/Database/BaseConnection.php(575): CodeIgniter\Database\BaseConnection->initialize()
#3 /var/www/wappbuzz/vendor/codeigniter4/framework/system/Database/BaseBuilder.php(1616): CodeIgniter\Database\BaseConnection->query()
#4 /var/www/wappbuzz/app/Helpers/Common_helper.php(1444): CodeIgniter\Database\BaseBuilder->get()
#5 /var/www/wappbuzz/app/Helpers/Common_helper.php(1348): db_get()
#6 /var/www/wappbuzz/app/Helpers/Common_helper.php(1793): get_option()
#7 /var/www/wappbuzz/inc/core/Home/Controllers/Home.php(7): parse_config()
#8 /var/www/wappbuzz/vendor/codeigniter4/framework/system/CodeIgniter.php(915): Core\Home\Controllers\Home->__construct()
#9 /var/www/wappbuzz/vendor/codeigniter4/framework/system/CodeIgniter.php(971): CodeIgniter\CodeIgniter->createController()
#10 /var/www/wappbuzz/vendor/codeigniter4/framework/system/CodeIgniter.php(370): CodeIgniter\CodeIgniter->display404errors()
#11 /var/www/wappbuzz/index.php(34): CodeIgniter\CodeIgniter->run()
#12 {main}

Next CodeIgniter\Database\Exceptions\DatabaseException: Too many connections in /var/www/wappbuzz/vendor/codeigniter4/framework/system/Database/MySQLi/Connection.php:229
Stack trace:
#0 /var/www/wappbuzz/vendor/codeigniter4/framework/system/Database/BaseConnection.php(392): CodeIgniter\Database\MySQLi\Connection->connect()
#1 /var/www/wappbuzz/vendor/codeigniter4/framework/system/Database/BaseConnection.php(575): CodeIgniter\Database\BaseConnection->initialize()
#2 /var/www/wappbuzz/vendor/codeigniter4/framework/system/Database/BaseBuilder.php(1616): CodeIgniter\Database\BaseConnection->query()
#3 /var/www/wappbuzz/app/Helpers/Common_helper.php(1444): CodeIgniter\Database\BaseBuilder->get()
#4 /var/www/wappbuzz/app/Helpers/Common_helper.php(1348): db_get()
#5 /var/www/wappbuzz/app/Helpers/Common_helper.php(1793): get_option()
#6 /var/www/wappbuzz/inc/core/Home/Controllers/Home.php(7): parse_config()
#7 /var/www/wappbuzz/vendor/codeigniter4/framework/system/CodeIgniter.php(915): Core\Home\Controllers\Home->__construct()
#8 /var/www/wappbuzz/vendor/codeigniter4/framework/system/CodeIgniter.php(971): CodeIgniter\CodeIgniter->createController()
#9 /var/www/wappbuzz/vendor/codeigniter4/framework/system/CodeIgniter.php(370): CodeIgniter\CodeIgniter->display404errors()
#10 /var/www/wappbuzz/index.php(34): CodeIgniter\CodeIgniter->run()
#11 {main}
CRITICAL - 2026-05-19 02:30:15 --> CodeIgniter\Database\Exceptions\DatabaseException: Unable to connect to the database.
Main connection [MySQLi]: Too many connections
in SYSTEMPATH/Database/BaseConnection.php on line 428.
 1 SYSTEMPATH/Database/BaseConnection.php(575): CodeIgniter\Database\BaseConnection->initialize()
 2 SYSTEMPATH/Database/BaseBuilder.php(1616): CodeIgniter\Database\BaseConnection->query()
 3 APPPATH/Helpers/Common_helper.php(1444): CodeIgniter\Database\BaseBuilder->get()
 4 APPPATH/Helpers/Common_helper.php(1348): db_get()
 5 APPPATH/Helpers/Common_helper.php(1793): get_option()
 6 FCPATH/inc/core/Home/Controllers/Home.php(7): parse_config()
 7 SYSTEMPATH/CodeIgniter.php(915): Core\Home\Controllers\Home->__construct()
 8 SYSTEMPATH/CodeIgniter.php(971): CodeIgniter\CodeIgniter->createController()
 9 SYSTEMPATH/CodeIgniter.php(370): CodeIgniter\CodeIgniter->display404errors()
10 FCPATH/index.php(34): CodeIgniter\CodeIgniter->run()
ERROR - 2026-05-19 02:31:32 --> Error connecting to the database: mysqli_sql_exception: Too many connections in /var/www/wappbuzz/vendor/codeigniter4/framework/system/Database/MySQLi/Connection.php:185
Stack trace:
#0 /var/www/wappbuzz/vendor/codeigniter4/framework/system/Database/MySQLi/Connection.php(185): mysqli->real_connect()
#1 /var/www/wappbuzz/vendor/codeigniter4/framework/system/Database/BaseConnection.php(392): CodeIgniter\Database\MySQLi\Connection->connect()
#2 /var/www/wappbuzz/vendor/codeigniter4/framework/system/Database/BaseConnection.php(575): CodeIgniter\Database\BaseConnection->initialize()
#3 /var/www/wappbuzz/vendor/codeigniter4/framework/system/Database/BaseBuilder.php(1616): CodeIgniter\Database\BaseConnection->query()
#4 /var/www/wappbuzz/app/Helpers/Common_helper.php(1444): CodeIgniter\Database\BaseBuilder->get()
#5 /var/www/wappbuzz/app/Filters/MainFilter.php(57): db_get()
#6 /var/www/wappbuzz/vendor/codeigniter4/framework/system/Filters/Filters.php(184): App\Filters\MainFilter->before()
#7 /var/www/wappbuzz/vendor/codeigniter4/framework/system/CodeIgniter.php(475): CodeIgniter\Filters\Filters->run()
#8 /var/www/wappbuzz/vendor/codeigniter4/framework/system/CodeIgniter.php(361): CodeIgniter\CodeIgniter->handleRequest()
#9 /var/www/wappbuzz/index.php(34): CodeIgniter\CodeIgniter->run()
#10 {main}

Next CodeIgniter\Database\Exceptions\DatabaseException: Too many connections in /var/www/wappbuzz/vendor/codeigniter4/framework/system/Database/MySQLi/Connection.php:229
Stack trace:
#0 /var/www/wappbuzz/vendor/codeigniter4/framework/system/Database/BaseConnection.php(392): CodeIgniter\Database\MySQLi\Connection->connect()
#1 /var/www/wappbuzz/vendor/codeigniter4/framework/system/Database/BaseConnection.php(575): CodeIgniter\Database\BaseConnection->initialize()
#2 /var/www/wappbuzz/vendor/codeigniter4/framework/system/Database/BaseBuilder.php(1616): CodeIgniter\Database\BaseConnection->query()
#3 /var/www/wappbuzz/app/Helpers/Common_helper.php(1444): CodeIgniter\Database\BaseBuilder->get()
#4 /var/www/wappbuzz/app/Filters/MainFilter.php(57): db_get()
#5 /var/www/wappbuzz/vendor/codeigniter4/framework/system/Filters/Filters.php(184): App\Filters\MainFilter->before()
#6 /var/www/wappbuzz/vendor/codeigniter4/framework/system/CodeIgniter.php(475): CodeIgniter\Filters\Filters->run()
#7 /var/www/wappbuzz/vendor/codeigniter4/framework/system/CodeIgniter.php(361): CodeIgniter\CodeIgniter->handleRequest()
#8 /var/www/wappbuzz/index.php(34): CodeIgniter\CodeIgniter->run()
#9 {main}
CRITICAL - 2026-05-19 02:31:32 --> CodeIgniter\Database\Exceptions\DatabaseException: Unable to connect to the database.
Main connection [MySQLi]: Too many connections
in SYSTEMPATH/Database/BaseConnection.php on line 428.
 1 SYSTEMPATH/Database/BaseConnection.php(575): CodeIgniter\Database\BaseConnection->initialize()
 2 SYSTEMPATH/Database/BaseBuilder.php(1616): CodeIgniter\Database\BaseConnection->query()
 3 APPPATH/Helpers/Common_helper.php(1444): CodeIgniter\Database\BaseBuilder->get()
 4 APPPATH/Filters/MainFilter.php(57): db_get()
 5 SYSTEMPATH/Filters/Filters.php(184): App\Filters\MainFilter->before()
 6 SYSTEMPATH/CodeIgniter.php(475): CodeIgniter\Filters\Filters->run()
 7 SYSTEMPATH/CodeIgniter.php(361): CodeIgniter\CodeIgniter->handleRequest()
 8 FCPATH/index.php(34): CodeIgniter\CodeIgniter->run()
ERROR - 2026-05-19 02:32:22 --> Error connecting to the database: mysqli_sql_exception: Too many connections in /var/www/wappbuzz/vendor/codeigniter4/framework/system/Database/MySQLi/Connection.php:185
Stack trace:
#0 /var/www/wappbuzz/vendor/codeigniter4/framework/system/Database/MySQLi/Connection.php(185): mysqli->real_connect()
#1 /var/www/wappbuzz/vendor/codeigniter4/framework/system/Database/BaseConnection.php(392): CodeIgniter\Database\MySQLi\Connection->connect()
#2 /var/www/wappbuzz/vendor/codeigniter4/framework/system/Database/BaseConnection.php(575): CodeIgniter\Database\BaseConnection->initialize()
#3 /var/www/wappbuzz/vendor/codeigniter4/framework/system/Database/BaseBuilder.php(1616): CodeIgniter\Database\BaseConnection->query()
#4 /var/www/wappbuzz/app/Helpers/Common_helper.php(1444): CodeIgniter\Database\BaseBuilder->get()
#5 /var/www/wappbuzz/app/Filters/MainFilter.php(57): db_get()
#6 /var/www/wappbuzz/vendor/codeigniter4/framework/system/Filters/Filters.php(184): App\Filters\MainFilter->before()
#7 /var/www/wappbuzz/vendor/codeigniter4/framework/system/CodeIgniter.php(475): CodeIgniter\Filters\Filters->run()
#8 /var/www/wappbuzz/vendor/codeigniter4/framework/system/CodeIgniter.php(361): CodeIgniter\CodeIgniter->handleRequest()
#9 /var/www/wappbuzz/index.php(34): CodeIgniter\CodeIgniter->run()
#10 {main}

Next CodeIgniter\Database\Exceptions\DatabaseException: Too many connections in /var/www/wappbuzz/vendor/codeigniter4/framework/system/Database/MySQLi/Connection.php:229
Stack trace:
#0 /var/www/wappbuzz/vendor/codeigniter4/framework/system/Database/BaseConnection.php(392): CodeIgniter\Database\MySQLi\Connection->connect()
#1 /var/www/wappbuzz/vendor/codeigniter4/framework/system/Database/BaseConnection.php(575): CodeIgniter\Database\BaseConnection->initialize()
#2 /var/www/wappbuzz/vendor/codeigniter4/framework/system/Database/BaseBuilder.php(1616): CodeIgniter\Database\BaseConnection->query()
#3 /var/www/wappbuzz/app/Helpers/Common_helper.php(1444): CodeIgniter\Database\BaseBuilder->get()
#4 /var/www/wappbuzz/app/Filters/MainFilter.php(57): db_get()
#5 /var/www/wappbuzz/vendor/codeigniter4/framework/system/Filters/Filters.php(184): App\Filters\MainFilter->before()
#6 /var/www/wappbuzz/vendor/codeigniter4/framework/system/CodeIgniter.php(475): CodeIgniter\Filters\Filters->run()
#7 /var/www/wappbuzz/vendor/codeigniter4/framework/system/CodeIgniter.php(361): CodeIgniter\CodeIgniter->handleRequest()
#8 /var/www/wappbuzz/index.php(34): CodeIgniter\CodeIgniter->run()
#9 {main}
CRITICAL - 2026-05-19 02:32:22 --> CodeIgniter\Database\Exceptions\DatabaseException: Unable to connect to the database.
Main connection [MySQLi]: Too many connections
in SYSTEMPATH/Database/BaseConnection.php on line 428.
 1 SYSTEMPATH/Database/BaseConnection.php(575): CodeIgniter\Database\BaseConnection->initialize()
 2 SYSTEMPATH/Database/BaseBuilder.php(1616): CodeIgniter\Database\BaseConnection->query()
 3 APPPATH/Helpers/Common_helper.php(1444): CodeIgniter\Database\BaseBuilder->get()
 4 APPPATH/Filters/MainFilter.php(57): db_get()
 5 SYSTEMPATH/Filters/Filters.php(184): App\Filters\MainFilter->before()
 6 SYSTEMPATH/CodeIgniter.php(475): CodeIgniter\Filters\Filters->run()
 7 SYSTEMPATH/CodeIgniter.php(361): CodeIgniter\CodeIgniter->handleRequest()
 8 FCPATH/index.php(34): CodeIgniter\CodeIgniter->run()
ERROR - 2026-05-19 03:02:01 --> Error connecting to the database: mysqli_sql_exception: Too many connections in /var/www/wappbuzz/vendor/codeigniter4/framework/system/Database/MySQLi/Connection.php:185
Stack trace:
#0 /var/www/wappbuzz/vendor/codeigniter4/framework/system/Database/MySQLi/Connection.php(185): mysqli->real_connect()
#1 /var/www/wappbuzz/vendor/codeigniter4/framework/system/Database/BaseConnection.php(392): CodeIgniter\Database\MySQLi\Connection->connect()
#2 /var/www/wappbuzz/vendor/codeigniter4/framework/system/Database/BaseConnection.php(575): CodeIgniter\Database\BaseConnection->initialize()
#3 /var/www/wappbuzz/vendor/codeigniter4/framework/system/Database/BaseBuilder.php(1616): CodeIgniter\Database\BaseConnection->query()
#4 /var/www/wappbuzz/app/Helpers/Common_helper.php(1444): CodeIgniter\Database\BaseBuilder->get()
#5 /var/www/wappbuzz/app/Filters/MainFilter.php(57): db_get()
#6 /var/www/wappbuzz/vendor/codeigniter4/framework/system/Filters/Filters.php(184): App\Filters\MainFilter->before()
#7 /var/www/wappbuzz/vendor/codeigniter4/framework/system/CodeIgniter.php(475): CodeIgniter\Filters\Filters->run()
#8 /var/www/wappbuzz/vendor/codeigniter4/framework/system/CodeIgniter.php(361): CodeIgniter\CodeIgniter->handleRequest()
#9 /var/www/wappbuzz/index.php(34): CodeIgniter\CodeIgniter->run()
#10 {main}

Next CodeIgniter\Database\Exceptions\DatabaseException: Too many connections in /var/www/wappbuzz/vendor/codeigniter4/framework/system/Database/MySQLi/Connection.php:229
Stack trace:
#0 /var/www/wappbuzz/vendor/codeigniter4/framework/system/Database/BaseConnection.php(392): CodeIgniter\Database\MySQLi\Connection->connect()
#1 /var/www/wappbuzz/vendor/codeigniter4/framework/system/Database/BaseConnection.php(575): CodeIgniter\Database\BaseConnection->initialize()
#2 /var/www/wappbuzz/vendor/codeigniter4/framework/system/Database/BaseBuilder.php(1616): CodeIgniter\Database\BaseConnection->query()
#3 /var/www/wappbuzz/app/Helpers/Common_helper.php(1444): CodeIgniter\Database\BaseBuilder->get()
#4 /var/www/wappbuzz/app/Filters/MainFilter.php(57): db_get()
#5 /var/www/wappbuzz/vendor/codeigniter4/framework/system/Filters/Filters.php(184): App\Filters\MainFilter->before()
#6 /var/www/wappbuzz/vendor/codeigniter4/framework/system/CodeIgniter.php(475): CodeIgniter\Filters\Filters->run()
#7 /var/www/wappbuzz/vendor/codeigniter4/framework/system/CodeIgniter.php(361): CodeIgniter\CodeIgniter->handleRequest()
#8 /var/www/wappbuzz/index.php(34): CodeIgniter\CodeIgniter->run()
#9 {main}
CRITICAL - 2026-05-19 03:02:01 --> CodeIgniter\Database\Exceptions\DatabaseException: Unable to connect to the database.
Main connection [MySQLi]: Too many connections
in SYSTEMPATH/Database/BaseConnection.php on line 428.
 1 SYSTEMPATH/Database/BaseConnection.php(575): CodeIgniter\Database\BaseConnection->initialize()
 2 SYSTEMPATH/Database/BaseBuilder.php(1616): CodeIgniter\Database\BaseConnection->query()
 3 APPPATH/Helpers/Common_helper.php(1444): CodeIgniter\Database\BaseBuilder->get()
 4 APPPATH/Filters/MainFilter.php(57): db_get()
 5 SYSTEMPATH/Filters/Filters.php(184): App\Filters\MainFilter->before()
 6 SYSTEMPATH/CodeIgniter.php(475): CodeIgniter\Filters\Filters->run()
 7 SYSTEMPATH/CodeIgniter.php(361): CodeIgniter\CodeIgniter->handleRequest()
 8 FCPATH/index.php(34): CodeIgniter\CodeIgniter->run()
ERROR - 2026-05-19 03:17:00 --> Error connecting to the database: mysqli_sql_exception: Too many connections in /var/www/wappbuzz/vendor/codeigniter4/framework/system/Database/MySQLi/Connection.php:185
Stack trace:
#0 /var/www/wappbuzz/vendor/codeigniter4/framework/system/Database/MySQLi/Connection.php(185): mysqli->real_connect()
#1 /var/www/wappbuzz/vendor/codeigniter4/framework/system/Database/BaseConnection.php(392): CodeIgniter\Database\MySQLi\Connection->connect()
#2 /var/www/wappbuzz/vendor/codeigniter4/framework/system/Database/BaseConnection.php(575): CodeIgniter\Database\BaseConnection->initialize()
#3 /var/www/wappbuzz/vendor/codeigniter4/framework/system/Database/BaseBuilder.php(1616): CodeIgniter\Database\BaseConnection->query()
#4 /var/www/wappbuzz/app/Helpers/Common_helper.php(1444): CodeIgniter\Database\BaseBuilder->get()
#5 /var/www/wappbuzz/app/Filters/MainFilter.php(57): db_get()
#6 /var/www/wappbuzz/vendor/codeigniter4/framework/system/Filters/Filters.php(184): App\Filters\MainFilter->before()
#7 /var/www/wappbuzz/vendor/codeigniter4/framework/system/CodeIgniter.php(475): CodeIgniter\Filters\Filters->run()
#8 /var/www/wappbuzz/vendor/codeigniter4/framework/system/CodeIgniter.php(361): CodeIgniter\CodeIgniter->handleRequest()
#9 /var/www/wappbuzz/index.php(34): CodeIgniter\CodeIgniter->run()
#10 {main}

Next CodeIgniter\Database\Exceptions\DatabaseException: Too many connections in /var/www/wappbuzz/vendor/codeigniter4/framework/system/Database/MySQLi/Connection.php:229
Stack trace:
#0 /var/www/wappbuzz/vendor/codeigniter4/framework/system/Database/BaseConnection.php(392): CodeIgniter\Database\MySQLi\Connection->connect()
#1 /var/www/wappbuzz/vendor/codeigniter4/framework/system/Database/BaseConnection.php(575): CodeIgniter\Database\BaseConnection->initialize()
#2 /var/www/wappbuzz/vendor/codeigniter4/framework/system/Database/BaseBuilder.php(1616): CodeIgniter\Database\BaseConnection->query()
#3 /var/www/wappbuzz/app/Helpers/Common_helper.php(1444): CodeIgniter\Database\BaseBuilder->get()
#4 /var/www/wappbuzz/app/Filters/MainFilter.php(57): db_get()
#5 /var/www/wappbuzz/vendor/codeigniter4/framework/system/Filters/Filters.php(184): App\Filters\MainFilter->before()
#6 /var/www/wappbuzz/vendor/codeigniter4/framework/system/CodeIgniter.php(475): CodeIgniter\Filters\Filters->run()
#7 /var/www/wappbuzz/vendor/codeigniter4/framework/system/CodeIgniter.php(361): CodeIgniter\CodeIgniter->handleRequest()
#8 /var/www/wappbuzz/index.php(34): CodeIgniter\CodeIgniter->run()
#9 {main}
CRITICAL - 2026-05-19 03:17:00 --> CodeIgniter\Database\Exceptions\DatabaseException: Unable to connect to the database.
Main connection [MySQLi]: Too many connections
in SYSTEMPATH/Database/BaseConnection.php on line 428.
 1 SYSTEMPATH/Database/BaseConnection.php(575): CodeIgniter\Database\BaseConnection->initialize()
 2 SYSTEMPATH/Database/BaseBuilder.php(1616): CodeIgniter\Database\BaseConnection->query()
 3 APPPATH/Helpers/Common_helper.php(1444): CodeIgniter\Database\BaseBuilder->get()
 4 APPPATH/Filters/MainFilter.php(57): db_get()
 5 SYSTEMPATH/Filters/Filters.php(184): App\Filters\MainFilter->before()
 6 SYSTEMPATH/CodeIgniter.php(475): CodeIgniter\Filters\Filters->run()
 7 SYSTEMPATH/CodeIgniter.php(361): CodeIgniter\CodeIgniter->handleRequest()
 8 FCPATH/index.php(34): CodeIgniter\CodeIgniter->run()
ERROR - 2026-05-19 03:32:42 --> Error connecting to the database: mysqli_sql_exception: Too many connections in /var/www/wappbuzz/vendor/codeigniter4/framework/system/Database/MySQLi/Connection.php:185
Stack trace:
#0 /var/www/wappbuzz/vendor/codeigniter4/framework/system/Database/MySQLi/Connection.php(185): mysqli->real_connect()
#1 /var/www/wappbuzz/vendor/codeigniter4/framework/system/Database/BaseConnection.php(392): CodeIgniter\Database\MySQLi\Connection->connect()
#2 /var/www/wappbuzz/vendor/codeigniter4/framework/system/Database/BaseConnection.php(575): CodeIgniter\Database\BaseConnection->initialize()
#3 /var/www/wappbuzz/vendor/codeigniter4/framework/system/Database/BaseBuilder.php(1616): CodeIgniter\Database\BaseConnection->query()
#4 /var/www/wappbuzz/app/Helpers/Common_helper.php(1444): CodeIgniter\Database\BaseBuilder->get()
#5 /var/www/wappbuzz/app/Filters/MainFilter.php(57): db_get()
#6 /var/www/wappbuzz/vendor/codeigniter4/framework/system/Filters/Filters.php(184): App\Filters\MainFilter->before()
#7 /var/www/wappbuzz/vendor/codeigniter4/framework/system/CodeIgniter.php(475): CodeIgniter\Filters\Filters->run()
#8 /var/www/wappbuzz/vendor/codeigniter4/framework/system/CodeIgniter.php(361): CodeIgniter\CodeIgniter->handleRequest()
#9 /var/www/wappbuzz/index.php(34): CodeIgniter\CodeIgniter->run()
#10 {main}

Next CodeIgniter\Database\Exceptions\DatabaseException: Too many connections in /var/www/wappbuzz/vendor/codeigniter4/framework/system/Database/MySQLi/Connection.php:229
Stack trace:
#0 /var/www/wappbuzz/vendor/codeigniter4/framework/system/Database/BaseConnection.php(392): CodeIgniter\Database\MySQLi\Connection->connect()
#1 /var/www/wappbuzz/vendor/codeigniter4/framework/system/Database/BaseConnection.php(575): CodeIgniter\Database\BaseConnection->initialize()
#2 /var/www/wappbuzz/vendor/codeigniter4/framework/system/Database/BaseBuilder.php(1616): CodeIgniter\Database\BaseConnection->query()
#3 /var/www/wappbuzz/app/Helpers/Common_helper.php(1444): CodeIgniter\Database\BaseBuilder->get()
#4 /var/www/wappbuzz/app/Filters/MainFilter.php(57): db_get()
#5 /var/www/wappbuzz/vendor/codeigniter4/framework/system/Filters/Filters.php(184): App\Filters\MainFilter->before()
#6 /var/www/wappbuzz/vendor/codeigniter4/framework/system/CodeIgniter.php(475): CodeIgniter\Filters\Filters->run()
#7 /var/www/wappbuzz/vendor/codeigniter4/framework/system/CodeIgniter.php(361): CodeIgniter\CodeIgniter->handleRequest()
#8 /var/www/wappbuzz/index.php(34): CodeIgniter\CodeIgniter->run()
#9 {main}
CRITICAL - 2026-05-19 03:32:42 --> CodeIgniter\Database\Exceptions\DatabaseException: Unable to connect to the database.
Main connection [MySQLi]: Too many connections
in SYSTEMPATH/Database/BaseConnection.php on line 428.
 1 SYSTEMPATH/Database/BaseConnection.php(575): CodeIgniter\Database\BaseConnection->initialize()
 2 SYSTEMPATH/Database/BaseBuilder.php(1616): CodeIgniter\Database\BaseConnection->query()
 3 APPPATH/Helpers/Common_helper.php(1444): CodeIgniter\Database\BaseBuilder->get()
 4 APPPATH/Filters/MainFilter.php(57): db_get()
 5 SYSTEMPATH/Filters/Filters.php(184): App\Filters\MainFilter->before()
 6 SYSTEMPATH/CodeIgniter.php(475): CodeIgniter\Filters\Filters->run()
 7 SYSTEMPATH/CodeIgniter.php(361): CodeIgniter\CodeIgniter->handleRequest()
 8 FCPATH/index.php(34): CodeIgniter\CodeIgniter->run()
ERROR - 2026-05-19 03:37:10 --> Error connecting to the database: mysqli_sql_exception: Too many connections in /var/www/wappbuzz/vendor/codeigniter4/framework/system/Database/MySQLi/Connection.php:185
Stack trace:
#0 /var/www/wappbuzz/vendor/codeigniter4/framework/system/Database/MySQLi/Connection.php(185): mysqli->real_connect()
#1 /var/www/wappbuzz/vendor/codeigniter4/framework/system/Database/BaseConnection.php(392): CodeIgniter\Database\MySQLi\Connection->connect()
#2 /var/www/wappbuzz/vendor/codeigniter4/framework/system/Database/BaseConnection.php(575): CodeIgniter\Database\BaseConnection->initialize()
#3 /var/www/wappbuzz/vendor/codeigniter4/framework/system/Database/BaseBuilder.php(1616): CodeIgniter\Database\BaseConnection->query()
#4 /var/www/wappbuzz/app/Helpers/Common_helper.php(1444): CodeIgniter\Database\BaseBuilder->get()
#5 /var/www/wappbuzz/app/Filters/MainFilter.php(57): db_get()
#6 /var/www/wappbuzz/vendor/codeigniter4/framework/system/Filters/Filters.php(184): App\Filters\MainFilter->before()
#7 /var/www/wappbuzz/vendor/codeigniter4/framework/system/CodeIgniter.php(475): CodeIgniter\Filters\Filters->run()
#8 /var/www/wappbuzz/vendor/codeigniter4/framework/system/CodeIgniter.php(361): CodeIgniter\CodeIgniter->handleRequest()
#9 /var/www/wappbuzz/index.php(34): CodeIgniter\CodeIgniter->run()
#10 {main}

Next CodeIgniter\Database\Exceptions\DatabaseException: Too many connections in /var/www/wappbuzz/vendor/codeigniter4/framework/system/Database/MySQLi/Connection.php:229
Stack trace:
#0 /var/www/wappbuzz/vendor/codeigniter4/framework/system/Database/BaseConnection.php(392): CodeIgniter\Database\MySQLi\Connection->connect()
#1 /var/www/wappbuzz/vendor/codeigniter4/framework/system/Database/BaseConnection.php(575): CodeIgniter\Database\BaseConnection->initialize()
#2 /var/www/wappbuzz/vendor/codeigniter4/framework/system/Database/BaseBuilder.php(1616): CodeIgniter\Database\BaseConnection->query()
#3 /var/www/wappbuzz/app/Helpers/Common_helper.php(1444): CodeIgniter\Database\BaseBuilder->get()
#4 /var/www/wappbuzz/app/Filters/MainFilter.php(57): db_get()
#5 /var/www/wappbuzz/vendor/codeigniter4/framework/system/Filters/Filters.php(184): App\Filters\MainFilter->before()
#6 /var/www/wappbuzz/vendor/codeigniter4/framework/system/CodeIgniter.php(475): CodeIgniter\Filters\Filters->run()
#7 /var/www/wappbuzz/vendor/codeigniter4/framework/system/CodeIgniter.php(361): CodeIgniter\CodeIgniter->handleRequest()
#8 /var/www/wappbuzz/index.php(34): CodeIgniter\CodeIgniter->run()
#9 {main}
CRITICAL - 2026-05-19 03:37:10 --> CodeIgniter\Database\Exceptions\DatabaseException: Unable to connect to the database.
Main connection [MySQLi]: Too many connections
in SYSTEMPATH/Database/BaseConnection.php on line 428.
 1 SYSTEMPATH/Database/BaseConnection.php(575): CodeIgniter\Database\BaseConnection->initialize()
 2 SYSTEMPATH/Database/BaseBuilder.php(1616): CodeIgniter\Database\BaseConnection->query()
 3 APPPATH/Helpers/Common_helper.php(1444): CodeIgniter\Database\BaseBuilder->get()
 4 APPPATH/Filters/MainFilter.php(57): db_get()
 5 SYSTEMPATH/Filters/Filters.php(184): App\Filters\MainFilter->before()
 6 SYSTEMPATH/CodeIgniter.php(475): CodeIgniter\Filters\Filters->run()
 7 SYSTEMPATH/CodeIgniter.php(361): CodeIgniter\CodeIgniter->handleRequest()
 8 FCPATH/index.php(34): CodeIgniter\CodeIgniter->run()
ERROR - 2026-05-19 04:12:58 --> Error connecting to the database: mysqli_sql_exception: Too many connections in /var/www/wappbuzz/vendor/codeigniter4/framework/system/Database/MySQLi/Connection.php:185
Stack trace:
#0 /var/www/wappbuzz/vendor/codeigniter4/framework/system/Database/MySQLi/Connection.php(185): mysqli->real_connect()
#1 /var/www/wappbuzz/vendor/codeigniter4/framework/system/Database/BaseConnection.php(392): CodeIgniter\Database\MySQLi\Connection->connect()
#2 /var/www/wappbuzz/vendor/codeigniter4/framework/system/Database/BaseConnection.php(575): CodeIgniter\Database\BaseConnection->initialize()
#3 /var/www/wappbuzz/vendor/codeigniter4/framework/system/Database/BaseBuilder.php(1616): CodeIgniter\Database\BaseConnection->query()
#4 /var/www/wappbuzz/app/Helpers/Common_helper.php(1444): CodeIgniter\Database\BaseBuilder->get()
#5 /var/www/wappbuzz/app/Filters/MainFilter.php(57): db_get()
#6 /var/www/wappbuzz/vendor/codeigniter4/framework/system/Filters/Filters.php(184): App\Filters\MainFilter->before()
#7 /var/www/wappbuzz/vendor/codeigniter4/framework/system/CodeIgniter.php(475): CodeIgniter\Filters\Filters->run()
#8 /var/www/wappbuzz/vendor/codeigniter4/framework/system/CodeIgniter.php(361): CodeIgniter\CodeIgniter->handleRequest()
#9 /var/www/wappbuzz/index.php(34): CodeIgniter\CodeIgniter->run()
#10 {main}

Next CodeIgniter\Database\Exceptions\DatabaseException: Too many connections in /var/www/wappbuzz/vendor/codeigniter4/framework/system/Database/MySQLi/Connection.php:229
Stack trace:
#0 /var/www/wappbuzz/vendor/codeigniter4/framework/system/Database/BaseConnection.php(392): CodeIgniter\Database\MySQLi\Connection->connect()
#1 /var/www/wappbuzz/vendor/codeigniter4/framework/system/Database/BaseConnection.php(575): CodeIgniter\Database\BaseConnection->initialize()
#2 /var/www/wappbuzz/vendor/codeigniter4/framework/system/Database/BaseBuilder.php(1616): CodeIgniter\Database\BaseConnection->query()
#3 /var/www/wappbuzz/app/Helpers/Common_helper.php(1444): CodeIgniter\Database\BaseBuilder->get()
#4 /var/www/wappbuzz/app/Filters/MainFilter.php(57): db_get()
#5 /var/www/wappbuzz/vendor/codeigniter4/framework/system/Filters/Filters.php(184): App\Filters\MainFilter->before()
#6 /var/www/wappbuzz/vendor/codeigniter4/framework/system/CodeIgniter.php(475): CodeIgniter\Filters\Filters->run()
#7 /var/www/wappbuzz/vendor/codeigniter4/framework/system/CodeIgniter.php(361): CodeIgniter\CodeIgniter->handleRequest()
#8 /var/www/wappbuzz/index.php(34): CodeIgniter\CodeIgniter->run()
#9 {main}
CRITICAL - 2026-05-19 04:12:58 --> CodeIgniter\Database\Exceptions\DatabaseException: Unable to connect to the database.
Main connection [MySQLi]: Too many connections
in SYSTEMPATH/Database/BaseConnection.php on line 428.
 1 SYSTEMPATH/Database/BaseConnection.php(575): CodeIgniter\Database\BaseConnection->initialize()
 2 SYSTEMPATH/Database/BaseBuilder.php(1616): CodeIgniter\Database\BaseConnection->query()
 3 APPPATH/Helpers/Common_helper.php(1444): CodeIgniter\Database\BaseBuilder->get()
 4 APPPATH/Filters/MainFilter.php(57): db_get()
 5 SYSTEMPATH/Filters/Filters.php(184): App\Filters\MainFilter->before()
 6 SYSTEMPATH/CodeIgniter.php(475): CodeIgniter\Filters\Filters->run()
 7 SYSTEMPATH/CodeIgniter.php(361): CodeIgniter\CodeIgniter->handleRequest()
 8 FCPATH/index.php(34): CodeIgniter\CodeIgniter->run()
ERROR - 2026-05-19 04:13:00 --> Error connecting to the database: mysqli_sql_exception: Too many connections in /var/www/wappbuzz/vendor/codeigniter4/framework/system/Database/MySQLi/Connection.php:185
Stack trace:
#0 /var/www/wappbuzz/vendor/codeigniter4/framework/system/Database/MySQLi/Connection.php(185): mysqli->real_connect()
#1 /var/www/wappbuzz/vendor/codeigniter4/framework/system/Database/BaseConnection.php(392): CodeIgniter\Database\MySQLi\Connection->connect()
#2 /var/www/wappbuzz/vendor/codeigniter4/framework/system/Database/BaseConnection.php(575): CodeIgniter\Database\BaseConnection->initialize()
#3 /var/www/wappbuzz/vendor/codeigniter4/framework/system/Database/BaseBuilder.php(1616): CodeIgniter\Database\BaseConnection->query()
#4 /var/www/wappbuzz/app/Helpers/Common_helper.php(1444): CodeIgniter\Database\BaseBuilder->get()
#5 /var/www/wappbuzz/app/Helpers/Common_helper.php(1348): db_get()
#6 /var/www/wappbuzz/app/Helpers/Common_helper.php(1793): get_option()
#7 /var/www/wappbuzz/inc/core/Home/Controllers/Home.php(7): parse_config()
#8 /var/www/wappbuzz/vendor/codeigniter4/framework/system/CodeIgniter.php(915): Core\Home\Controllers\Home->__construct()
#9 /var/www/wappbuzz/vendor/codeigniter4/framework/system/CodeIgniter.php(971): CodeIgniter\CodeIgniter->createController()
#10 /var/www/wappbuzz/vendor/codeigniter4/framework/system/CodeIgniter.php(370): CodeIgniter\CodeIgniter->display404errors()
#11 /var/www/wappbuzz/index.php(34): CodeIgniter\CodeIgniter->run()
#12 {main}

Next CodeIgniter\Database\Exceptions\DatabaseException: Too many connections in /var/www/wappbuzz/vendor/codeigniter4/framework/system/Database/MySQLi/Connection.php:229
Stack trace:
#0 /var/www/wappbuzz/vendor/codeigniter4/framework/system/Database/BaseConnection.php(392): CodeIgniter\Database\MySQLi\Connection->connect()
#1 /var/www/wappbuzz/vendor/codeigniter4/framework/system/Database/BaseConnection.php(575): CodeIgniter\Database\BaseConnection->initialize()
#2 /var/www/wappbuzz/vendor/codeigniter4/framework/system/Database/BaseBuilder.php(1616): CodeIgniter\Database\BaseConnection->query()
#3 /var/www/wappbuzz/app/Helpers/Common_helper.php(1444): CodeIgniter\Database\BaseBuilder->get()
#4 /var/www/wappbuzz/app/Helpers/Common_helper.php(1348): db_get()
#5 /var/www/wappbuzz/app/Helpers/Common_helper.php(1793): get_option()
#6 /var/www/wappbuzz/inc/core/Home/Controllers/Home.php(7): parse_config()
#7 /var/www/wappbuzz/vendor/codeigniter4/framework/system/CodeIgniter.php(915): Core\Home\Controllers\Home->__construct()
#8 /var/www/wappbuzz/vendor/codeigniter4/framework/system/CodeIgniter.php(971): CodeIgniter\CodeIgniter->createController()
#9 /var/www/wappbuzz/vendor/codeigniter4/framework/system/CodeIgniter.php(370): CodeIgniter\CodeIgniter->display404errors()
#10 /var/www/wappbuzz/index.php(34): CodeIgniter\CodeIgniter->run()
#11 {main}
CRITICAL - 2026-05-19 04:13:00 --> CodeIgniter\Database\Exceptions\DatabaseException: Unable to connect to the database.
Main connection [MySQLi]: Too many connections
in SYSTEMPATH/Database/BaseConnection.php on line 428.
 1 SYSTEMPATH/Database/BaseConnection.php(575): CodeIgniter\Database\BaseConnection->initialize()
 2 SYSTEMPATH/Database/BaseBuilder.php(1616): CodeIgniter\Database\BaseConnection->query()
 3 APPPATH/Helpers/Common_helper.php(1444): CodeIgniter\Database\BaseBuilder->get()
 4 APPPATH/Helpers/Common_helper.php(1348): db_get()
 5 APPPATH/Helpers/Common_helper.php(1793): get_option()
 6 FCPATH/inc/core/Home/Controllers/Home.php(7): parse_config()
 7 SYSTEMPATH/CodeIgniter.php(915): Core\Home\Controllers\Home->__construct()
 8 SYSTEMPATH/CodeIgniter.php(971): CodeIgniter\CodeIgniter->createController()
 9 SYSTEMPATH/CodeIgniter.php(370): CodeIgniter\CodeIgniter->display404errors()
10 FCPATH/index.php(34): CodeIgniter\CodeIgniter->run()
ERROR - 2026-05-19 04:13:02 --> Error connecting to the database: mysqli_sql_exception: Too many connections in /var/www/wappbuzz/vendor/codeigniter4/framework/system/Database/MySQLi/Connection.php:185
Stack trace:
#0 /var/www/wappbuzz/vendor/codeigniter4/framework/system/Database/MySQLi/Connection.php(185): mysqli->real_connect()
#1 /var/www/wappbuzz/vendor/codeigniter4/framework/system/Database/BaseConnection.php(392): CodeIgniter\Database\MySQLi\Connection->connect()
#2 /var/www/wappbuzz/vendor/codeigniter4/framework/system/Database/BaseConnection.php(575): CodeIgniter\Database\BaseConnection->initialize()
#3 /var/www/wappbuzz/vendor/codeigniter4/framework/system/Database/BaseBuilder.php(1616): CodeIgniter\Database\BaseConnection->query()
#4 /var/www/wappbuzz/app/Helpers/Common_helper.php(1444): CodeIgniter\Database\BaseBuilder->get()
#5 /var/www/wappbuzz/app/Filters/MainFilter.php(57): db_get()
#6 /var/www/wappbuzz/vendor/codeigniter4/framework/system/Filters/Filters.php(184): App\Filters\MainFilter->before()
#7 /var/www/wappbuzz/vendor/codeigniter4/framework/system/CodeIgniter.php(475): CodeIgniter\Filters\Filters->run()
#8 /var/www/wappbuzz/vendor/codeigniter4/framework/system/CodeIgniter.php(361): CodeIgniter\CodeIgniter->handleRequest()
#9 /var/www/wappbuzz/index.php(34): CodeIgniter\CodeIgniter->run()
#10 {main}

Next CodeIgniter\Database\Exceptions\DatabaseException: Too many connections in /var/www/wappbuzz/vendor/codeigniter4/framework/system/Database/MySQLi/Connection.php:229
Stack trace:
#0 /var/www/wappbuzz/vendor/codeigniter4/framework/system/Database/BaseConnection.php(392): CodeIgniter\Database\MySQLi\Connection->connect()
#1 /var/www/wappbuzz/vendor/codeigniter4/framework/system/Database/BaseConnection.php(575): CodeIgniter\Database\BaseConnection->initialize()
#2 /var/www/wappbuzz/vendor/codeigniter4/framework/system/Database/BaseBuilder.php(1616): CodeIgniter\Database\BaseConnection->query()
#3 /var/www/wappbuzz/app/Helpers/Common_helper.php(1444): CodeIgniter\Database\BaseBuilder->get()
#4 /var/www/wappbuzz/app/Filters/MainFilter.php(57): db_get()
#5 /var/www/wappbuzz/vendor/codeigniter4/framework/system/Filters/Filters.php(184): App\Filters\MainFilter->before()
#6 /var/www/wappbuzz/vendor/codeigniter4/framework/system/CodeIgniter.php(475): CodeIgniter\Filters\Filters->run()
#7 /var/www/wappbuzz/vendor/codeigniter4/framework/system/CodeIgniter.php(361): CodeIgniter\CodeIgniter->handleRequest()
#8 /var/www/wappbuzz/index.php(34): CodeIgniter\CodeIgniter->run()
#9 {main}
CRITICAL - 2026-05-19 04:13:02 --> CodeIgniter\Database\Exceptions\DatabaseException: Unable to connect to the database.
Main connection [MySQLi]: Too many connections
in SYSTEMPATH/Database/BaseConnection.php on line 428.
 1 SYSTEMPATH/Database/BaseConnection.php(575): CodeIgniter\Database\BaseConnection->initialize()
 2 SYSTEMPATH/Database/BaseBuilder.php(1616): CodeIgniter\Database\BaseConnection->query()
 3 APPPATH/Helpers/Common_helper.php(1444): CodeIgniter\Database\BaseBuilder->get()
 4 APPPATH/Filters/MainFilter.php(57): db_get()
 5 SYSTEMPATH/Filters/Filters.php(184): App\Filters\MainFilter->before()
 6 SYSTEMPATH/CodeIgniter.php(475): CodeIgniter\Filters\Filters->run()
 7 SYSTEMPATH/CodeIgniter.php(361): CodeIgniter\CodeIgniter->handleRequest()
 8 FCPATH/index.php(34): CodeIgniter\CodeIgniter->run()
ERROR - 2026-05-19 04:13:03 --> Error connecting to the database: mysqli_sql_exception: Too many connections in /var/www/wappbuzz/vendor/codeigniter4/framework/system/Database/MySQLi/Connection.php:185
Stack trace:
#0 /var/www/wappbuzz/vendor/codeigniter4/framework/system/Database/MySQLi/Connection.php(185): mysqli->real_connect()
#1 /var/www/wappbuzz/vendor/codeigniter4/framework/system/Database/BaseConnection.php(392): CodeIgniter\Database\MySQLi\Connection->connect()
#2 /var/www/wappbuzz/vendor/codeigniter4/framework/system/Database/BaseConnection.php(575): CodeIgniter\Database\BaseConnection->initialize()
#3 /var/www/wappbuzz/vendor/codeigniter4/framework/system/Database/BaseBuilder.php(1616): CodeIgniter\Database\BaseConnection->query()
#4 /var/www/wappbuzz/app/Helpers/Common_helper.php(1444): CodeIgniter\Database\BaseBuilder->get()
#5 /var/www/wappbuzz/app/Helpers/Common_helper.php(1348): db_get()
#6 /var/www/wappbuzz/app/Helpers/Common_helper.php(1793): get_option()
#7 /var/www/wappbuzz/inc/core/Home/Controllers/Home.php(7): parse_config()
#8 /var/www/wappbuzz/vendor/codeigniter4/framework/system/CodeIgniter.php(915): Core\Home\Controllers\Home->__construct()
#9 /var/www/wappbuzz/vendor/codeigniter4/framework/system/CodeIgniter.php(971): CodeIgniter\CodeIgniter->createController()
#10 /var/www/wappbuzz/vendor/codeigniter4/framework/system/CodeIgniter.php(370): CodeIgniter\CodeIgniter->display404errors()
#11 /var/www/wappbuzz/index.php(34): CodeIgniter\CodeIgniter->run()
#12 {main}

Next CodeIgniter\Database\Exceptions\DatabaseException: Too many connections in /var/www/wappbuzz/vendor/codeigniter4/framework/system/Database/MySQLi/Connection.php:229
Stack trace:
#0 /var/www/wappbuzz/vendor/codeigniter4/framework/system/Database/BaseConnection.php(392): CodeIgniter\Database\MySQLi\Connection->connect()
#1 /var/www/wappbuzz/vendor/codeigniter4/framework/system/Database/BaseConnection.php(575): CodeIgniter\Database\BaseConnection->initialize()
#2 /var/www/wappbuzz/vendor/codeigniter4/framework/system/Database/BaseBuilder.php(1616): CodeIgniter\Database\BaseConnection->query()
#3 /var/www/wappbuzz/app/Helpers/Common_helper.php(1444): CodeIgniter\Database\BaseBuilder->get()
#4 /var/www/wappbuzz/app/Helpers/Common_helper.php(1348): db_get()
#5 /var/www/wappbuzz/app/Helpers/Common_helper.php(1793): get_option()
#6 /var/www/wappbuzz/inc/core/Home/Controllers/Home.php(7): parse_config()
#7 /var/www/wappbuzz/vendor/codeigniter4/framework/system/CodeIgniter.php(915): Core\Home\Controllers\Home->__construct()
#8 /var/www/wappbuzz/vendor/codeigniter4/framework/system/CodeIgniter.php(971): CodeIgniter\CodeIgniter->createController()
#9 /var/www/wappbuzz/vendor/codeigniter4/framework/system/CodeIgniter.php(370): CodeIgniter\CodeIgniter->display404errors()
#10 /var/www/wappbuzz/index.php(34): CodeIgniter\CodeIgniter->run()
#11 {main}
CRITICAL - 2026-05-19 04:13:03 --> CodeIgniter\Database\Exceptions\DatabaseException: Unable to connect to the database.
Main connection [MySQLi]: Too many connections
in SYSTEMPATH/Database/BaseConnection.php on line 428.
 1 SYSTEMPATH/Database/BaseConnection.php(575): CodeIgniter\Database\BaseConnection->initialize()
 2 SYSTEMPATH/Database/BaseBuilder.php(1616): CodeIgniter\Database\BaseConnection->query()
 3 APPPATH/Helpers/Common_helper.php(1444): CodeIgniter\Database\BaseBuilder->get()
 4 APPPATH/Helpers/Common_helper.php(1348): db_get()
 5 APPPATH/Helpers/Common_helper.php(1793): get_option()
 6 FCPATH/inc/core/Home/Controllers/Home.php(7): parse_config()
 7 SYSTEMPATH/CodeIgniter.php(915): Core\Home\Controllers\Home->__construct()
 8 SYSTEMPATH/CodeIgniter.php(971): CodeIgniter\CodeIgniter->createController()
 9 SYSTEMPATH/CodeIgniter.php(370): CodeIgniter\CodeIgniter->display404errors()
10 FCPATH/index.php(34): CodeIgniter\CodeIgniter->run()
ERROR - 2026-05-19 04:13:04 --> Error connecting to the database: mysqli_sql_exception: Too many connections in /var/www/wappbuzz/vendor/codeigniter4/framework/system/Database/MySQLi/Connection.php:185
Stack trace:
#0 /var/www/wappbuzz/vendor/codeigniter4/framework/system/Database/MySQLi/Connection.php(185): mysqli->real_connect()
#1 /var/www/wappbuzz/vendor/codeigniter4/framework/system/Database/BaseConnection.php(392): CodeIgniter\Database\MySQLi\Connection->connect()
#2 /var/www/wappbuzz/vendor/codeigniter4/framework/system/Database/BaseConnection.php(575): CodeIgniter\Database\BaseConnection->initialize()
#3 /var/www/wappbuzz/vendor/codeigniter4/framework/system/Database/BaseBuilder.php(1616): CodeIgniter\Database\BaseConnection->query()
#4 /var/www/wappbuzz/app/Helpers/Common_helper.php(1444): CodeIgniter\Database\BaseBuilder->get()
#5 /var/www/wappbuzz/app/Filters/MainFilter.php(57): db_get()
#6 /var/www/wappbuzz/vendor/codeigniter4/framework/system/Filters/Filters.php(184): App\Filters\MainFilter->before()
#7 /var/www/wappbuzz/vendor/codeigniter4/framework/system/CodeIgniter.php(475): CodeIgniter\Filters\Filters->run()
#8 /var/www/wappbuzz/vendor/codeigniter4/framework/system/CodeIgniter.php(361): CodeIgniter\CodeIgniter->handleRequest()
#9 /var/www/wappbuzz/index.php(34): CodeIgniter\CodeIgniter->run()
#10 {main}

Next CodeIgniter\Database\Exceptions\DatabaseException: Too many connections in /var/www/wappbuzz/vendor/codeigniter4/framework/system/Database/MySQLi/Connection.php:229
Stack trace:
#0 /var/www/wappbuzz/vendor/codeigniter4/framework/system/Database/BaseConnection.php(392): CodeIgniter\Database\MySQLi\Connection->connect()
#1 /var/www/wappbuzz/vendor/codeigniter4/framework/system/Database/BaseConnection.php(575): CodeIgniter\Database\BaseConnection->initialize()
#2 /var/www/wappbuzz/vendor/codeigniter4/framework/system/Database/BaseBuilder.php(1616): CodeIgniter\Database\BaseConnection->query()
#3 /var/www/wappbuzz/app/Helpers/Common_helper.php(1444): CodeIgniter\Database\BaseBuilder->get()
#4 /var/www/wappbuzz/app/Filters/MainFilter.php(57): db_get()
#5 /var/www/wappbuzz/vendor/codeigniter4/framework/system/Filters/Filters.php(184): App\Filters\MainFilter->before()
#6 /var/www/wappbuzz/vendor/codeigniter4/framework/system/CodeIgniter.php(475): CodeIgniter\Filters\Filters->run()
#7 /var/www/wappbuzz/vendor/codeigniter4/framework/system/CodeIgniter.php(361): CodeIgniter\CodeIgniter->handleRequest()
#8 /var/www/wappbuzz/index.php(34): CodeIgniter\CodeIgniter->run()
#9 {main}
CRITICAL - 2026-05-19 04:13:04 --> CodeIgniter\Database\Exceptions\DatabaseException: Unable to connect to the database.
Main connection [MySQLi]: Too many connections
in SYSTEMPATH/Database/BaseConnection.php on line 428.
 1 SYSTEMPATH/Database/BaseConnection.php(575): CodeIgniter\Database\BaseConnection->initialize()
 2 SYSTEMPATH/Database/BaseBuilder.php(1616): CodeIgniter\Database\BaseConnection->query()
 3 APPPATH/Helpers/Common_helper.php(1444): CodeIgniter\Database\BaseBuilder->get()
 4 APPPATH/Filters/MainFilter.php(57): db_get()
 5 SYSTEMPATH/Filters/Filters.php(184): App\Filters\MainFilter->before()
 6 SYSTEMPATH/CodeIgniter.php(475): CodeIgniter\Filters\Filters->run()
 7 SYSTEMPATH/CodeIgniter.php(361): CodeIgniter\CodeIgniter->handleRequest()
 8 FCPATH/index.php(34): CodeIgniter\CodeIgniter->run()
ERROR - 2026-05-19 04:13:04 --> Error connecting to the database: mysqli_sql_exception: Too many connections in /var/www/wappbuzz/vendor/codeigniter4/framework/system/Database/MySQLi/Connection.php:185
Stack trace:
#0 /var/www/wappbuzz/vendor/codeigniter4/framework/system/Database/MySQLi/Connection.php(185): mysqli->real_connect()
#1 /var/www/wappbuzz/vendor/codeigniter4/framework/system/Database/BaseConnection.php(392): CodeIgniter\Database\MySQLi\Connection->connect()
#2 /var/www/wappbuzz/vendor/codeigniter4/framework/system/Database/BaseConnection.php(575): CodeIgniter\Database\BaseConnection->initialize()
#3 /var/www/wappbuzz/vendor/codeigniter4/framework/system/Database/BaseBuilder.php(1616): CodeIgniter\Database\BaseConnection->query()
#4 /var/www/wappbuzz/app/Helpers/Common_helper.php(1444): CodeIgniter\Database\BaseBuilder->get()
#5 /var/www/wappbuzz/app/Helpers/Common_helper.php(1348): db_get()
#6 /var/www/wappbuzz/app/Helpers/Common_helper.php(1793): get_option()
#7 /var/www/wappbuzz/inc/core/Home/Controllers/Home.php(7): parse_config()
#8 /var/www/wappbuzz/vendor/codeigniter4/framework/system/CodeIgniter.php(915): Core\Home\Controllers\Home->__construct()
#9 /var/www/wappbuzz/vendor/codeigniter4/framework/system/CodeIgniter.php(971): CodeIgniter\CodeIgniter->createController()
#10 /var/www/wappbuzz/vendor/codeigniter4/framework/system/CodeIgniter.php(370): CodeIgniter\CodeIgniter->display404errors()
#11 /var/www/wappbuzz/index.php(34): CodeIgniter\CodeIgniter->run()
#12 {main}

Next CodeIgniter\Database\Exceptions\DatabaseException: Too many connections in /var/www/wappbuzz/vendor/codeigniter4/framework/system/Database/MySQLi/Connection.php:229
Stack trace:
#0 /var/www/wappbuzz/vendor/codeigniter4/framework/system/Database/BaseConnection.php(392): CodeIgniter\Database\MySQLi\Connection->connect()
#1 /var/www/wappbuzz/vendor/codeigniter4/framework/system/Database/BaseConnection.php(575): CodeIgniter\Database\BaseConnection->initialize()
#2 /var/www/wappbuzz/vendor/codeigniter4/framework/system/Database/BaseBuilder.php(1616): CodeIgniter\Database\BaseConnection->query()
#3 /var/www/wappbuzz/app/Helpers/Common_helper.php(1444): CodeIgniter\Database\BaseBuilder->get()
#4 /var/www/wappbuzz/app/Helpers/Common_helper.php(1348): db_get()
#5 /var/www/wappbuzz/app/Helpers/Common_helper.php(1793): get_option()
#6 /var/www/wappbuzz/inc/core/Home/Controllers/Home.php(7): parse_config()
#7 /var/www/wappbuzz/vendor/codeigniter4/framework/system/CodeIgniter.php(915): Core\Home\Controllers\Home->__construct()
#8 /var/www/wappbuzz/vendor/codeigniter4/framework/system/CodeIgniter.php(971): CodeIgniter\CodeIgniter->createController()
#9 /var/www/wappbuzz/vendor/codeigniter4/framework/system/CodeIgniter.php(370): CodeIgniter\CodeIgniter->display404errors()
#10 /var/www/wappbuzz/index.php(34): CodeIgniter\CodeIgniter->run()
#11 {main}
CRITICAL - 2026-05-19 04:13:04 --> CodeIgniter\Database\Exceptions\DatabaseException: Unable to connect to the database.
Main connection [MySQLi]: Too many connections
in SYSTEMPATH/Database/BaseConnection.php on line 428.
 1 SYSTEMPATH/Database/BaseConnection.php(575): CodeIgniter\Database\BaseConnection->initialize()
 2 SYSTEMPATH/Database/BaseBuilder.php(1616): CodeIgniter\Database\BaseConnection->query()
 3 APPPATH/Helpers/Common_helper.php(1444): CodeIgniter\Database\BaseBuilder->get()
 4 APPPATH/Helpers/Common_helper.php(1348): db_get()
 5 APPPATH/Helpers/Common_helper.php(1793): get_option()
 6 FCPATH/inc/core/Home/Controllers/Home.php(7): parse_config()
 7 SYSTEMPATH/CodeIgniter.php(915): Core\Home\Controllers\Home->__construct()
 8 SYSTEMPATH/CodeIgniter.php(971): CodeIgniter\CodeIgniter->createController()
 9 SYSTEMPATH/CodeIgniter.php(370): CodeIgniter\CodeIgniter->display404errors()
10 FCPATH/index.php(34): CodeIgniter\CodeIgniter->run()
ERROR - 2026-05-19 04:25:46 --> Error connecting to the database: mysqli_sql_exception: Too many connections in /var/www/wappbuzz/vendor/codeigniter4/framework/system/Database/MySQLi/Connection.php:185
Stack trace:
#0 /var/www/wappbuzz/vendor/codeigniter4/framework/system/Database/MySQLi/Connection.php(185): mysqli->real_connect()
#1 /var/www/wappbuzz/vendor/codeigniter4/framework/system/Database/BaseConnection.php(392): CodeIgniter\Database\MySQLi\Connection->connect()
#2 /var/www/wappbuzz/vendor/codeigniter4/framework/system/Database/BaseConnection.php(575): CodeIgniter\Database\BaseConnection->initialize()
#3 /var/www/wappbuzz/vendor/codeigniter4/framework/system/Database/BaseBuilder.php(1616): CodeIgniter\Database\BaseConnection->query()
#4 /var/www/wappbuzz/app/Helpers/Common_helper.php(1444): CodeIgniter\Database\BaseBuilder->get()
#5 /var/www/wappbuzz/app/Helpers/Common_helper.php(1348): db_get()
#6 /var/www/wappbuzz/app/Helpers/Common_helper.php(1793): get_option()
#7 /var/www/wappbuzz/inc/core/Home/Controllers/Home.php(7): parse_config()
#8 /var/www/wappbuzz/vendor/codeigniter4/framework/system/CodeIgniter.php(915): Core\Home\Controllers\Home->__construct()
#9 /var/www/wappbuzz/vendor/codeigniter4/framework/system/CodeIgniter.php(971): CodeIgniter\CodeIgniter->createController()
#10 /var/www/wappbuzz/vendor/codeigniter4/framework/system/CodeIgniter.php(370): CodeIgniter\CodeIgniter->display404errors()
#11 /var/www/wappbuzz/index.php(34): CodeIgniter\CodeIgniter->run()
#12 {main}

Next CodeIgniter\Database\Exceptions\DatabaseException: Too many connections in /var/www/wappbuzz/vendor/codeigniter4/framework/system/Database/MySQLi/Connection.php:229
Stack trace:
#0 /var/www/wappbuzz/vendor/codeigniter4/framework/system/Database/BaseConnection.php(392): CodeIgniter\Database\MySQLi\Connection->connect()
#1 /var/www/wappbuzz/vendor/codeigniter4/framework/system/Database/BaseConnection.php(575): CodeIgniter\Database\BaseConnection->initialize()
#2 /var/www/wappbuzz/vendor/codeigniter4/framework/system/Database/BaseBuilder.php(1616): CodeIgniter\Database\BaseConnection->query()
#3 /var/www/wappbuzz/app/Helpers/Common_helper.php(1444): CodeIgniter\Database\BaseBuilder->get()
#4 /var/www/wappbuzz/app/Helpers/Common_helper.php(1348): db_get()
#5 /var/www/wappbuzz/app/Helpers/Common_helper.php(1793): get_option()
#6 /var/www/wappbuzz/inc/core/Home/Controllers/Home.php(7): parse_config()
#7 /var/www/wappbuzz/vendor/codeigniter4/framework/system/CodeIgniter.php(915): Core\Home\Controllers\Home->__construct()
#8 /var/www/wappbuzz/vendor/codeigniter4/framework/system/CodeIgniter.php(971): CodeIgniter\CodeIgniter->createController()
#9 /var/www/wappbuzz/vendor/codeigniter4/framework/system/CodeIgniter.php(370): CodeIgniter\CodeIgniter->display404errors()
#10 /var/www/wappbuzz/index.php(34): CodeIgniter\CodeIgniter->run()
#11 {main}
CRITICAL - 2026-05-19 04:25:46 --> CodeIgniter\Database\Exceptions\DatabaseException: Unable to connect to the database.
Main connection [MySQLi]: Too many connections
in SYSTEMPATH/Database/BaseConnection.php on line 428.
 1 SYSTEMPATH/Database/BaseConnection.php(575): CodeIgniter\Database\BaseConnection->initialize()
 2 SYSTEMPATH/Database/BaseBuilder.php(1616): CodeIgniter\Database\BaseConnection->query()
 3 APPPATH/Helpers/Common_helper.php(1444): CodeIgniter\Database\BaseBuilder->get()
 4 APPPATH/Helpers/Common_helper.php(1348): db_get()
 5 APPPATH/Helpers/Common_helper.php(1793): get_option()
 6 FCPATH/inc/core/Home/Controllers/Home.php(7): parse_config()
 7 SYSTEMPATH/CodeIgniter.php(915): Core\Home\Controllers\Home->__construct()
 8 SYSTEMPATH/CodeIgniter.php(971): CodeIgniter\CodeIgniter->createController()
 9 SYSTEMPATH/CodeIgniter.php(370): CodeIgniter\CodeIgniter->display404errors()
10 FCPATH/index.php(34): CodeIgniter\CodeIgniter->run()
ERROR - 2026-05-19 04:25:47 --> Error connecting to the database: mysqli_sql_exception: Too many connections in /var/www/wappbuzz/vendor/codeigniter4/framework/system/Database/MySQLi/Connection.php:185
Stack trace:
#0 /var/www/wappbuzz/vendor/codeigniter4/framework/system/Database/MySQLi/Connection.php(185): mysqli->real_connect()
#1 /var/www/wappbuzz/vendor/codeigniter4/framework/system/Database/BaseConnection.php(392): CodeIgniter\Database\MySQLi\Connection->connect()
#2 /var/www/wappbuzz/vendor/codeigniter4/framework/system/Database/BaseConnection.php(575): CodeIgniter\Database\BaseConnection->initialize()
#3 /var/www/wappbuzz/vendor/codeigniter4/framework/system/Database/BaseBuilder.php(1616): CodeIgniter\Database\BaseConnection->query()
#4 /var/www/wappbuzz/app/Helpers/Common_helper.php(1444): CodeIgniter\Database\BaseBuilder->get()
#5 /var/www/wappbuzz/app/Filters/MainFilter.php(57): db_get()
#6 /var/www/wappbuzz/vendor/codeigniter4/framework/system/Filters/Filters.php(184): App\Filters\MainFilter->before()
#7 /var/www/wappbuzz/vendor/codeigniter4/framework/system/CodeIgniter.php(475): CodeIgniter\Filters\Filters->run()
#8 /var/www/wappbuzz/vendor/codeigniter4/framework/system/CodeIgniter.php(361): CodeIgniter\CodeIgniter->handleRequest()
#9 /var/www/wappbuzz/index.php(34): CodeIgniter\CodeIgniter->run()
#10 {main}

Next CodeIgniter\Database\Exceptions\DatabaseException: Too many connections in /var/www/wappbuzz/vendor/codeigniter4/framework/system/Database/MySQLi/Connection.php:229
Stack trace:
#0 /var/www/wappbuzz/vendor/codeigniter4/framework/system/Database/BaseConnection.php(392): CodeIgniter\Database\MySQLi\Connection->connect()
#1 /var/www/wappbuzz/vendor/codeigniter4/framework/system/Database/BaseConnection.php(575): CodeIgniter\Database\BaseConnection->initialize()
#2 /var/www/wappbuzz/vendor/codeigniter4/framework/system/Database/BaseBuilder.php(1616): CodeIgniter\Database\BaseConnection->query()
#3 /var/www/wappbuzz/app/Helpers/Common_helper.php(1444): CodeIgniter\Database\BaseBuilder->get()
#4 /var/www/wappbuzz/app/Filters/MainFilter.php(57): db_get()
#5 /var/www/wappbuzz/vendor/codeigniter4/framework/system/Filters/Filters.php(184): App\Filters\MainFilter->before()
#6 /var/www/wappbuzz/vendor/codeigniter4/framework/system/CodeIgniter.php(475): CodeIgniter\Filters\Filters->run()
#7 /var/www/wappbuzz/vendor/codeigniter4/framework/system/CodeIgniter.php(361): CodeIgniter\CodeIgniter->handleRequest()
#8 /var/www/wappbuzz/index.php(34): CodeIgniter\CodeIgniter->run()
#9 {main}
CRITICAL - 2026-05-19 04:25:47 --> CodeIgniter\Database\Exceptions\DatabaseException: Unable to connect to the database.
Main connection [MySQLi]: Too many connections
in SYSTEMPATH/Database/BaseConnection.php on line 428.
 1 SYSTEMPATH/Database/BaseConnection.php(575): CodeIgniter\Database\BaseConnection->initialize()
 2 SYSTEMPATH/Database/BaseBuilder.php(1616): CodeIgniter\Database\BaseConnection->query()
 3 APPPATH/Helpers/Common_helper.php(1444): CodeIgniter\Database\BaseBuilder->get()
 4 APPPATH/Filters/MainFilter.php(57): db_get()
 5 SYSTEMPATH/Filters/Filters.php(184): App\Filters\MainFilter->before()
 6 SYSTEMPATH/CodeIgniter.php(475): CodeIgniter\Filters\Filters->run()
 7 SYSTEMPATH/CodeIgniter.php(361): CodeIgniter\CodeIgniter->handleRequest()
 8 FCPATH/index.php(34): CodeIgniter\CodeIgniter->run()
ERROR - 2026-05-19 04:26:01 --> Error connecting to the database: mysqli_sql_exception: Too many connections in /var/www/wappbuzz/vendor/codeigniter4/framework/system/Database/MySQLi/Connection.php:185
Stack trace:
#0 /var/www/wappbuzz/vendor/codeigniter4/framework/system/Database/MySQLi/Connection.php(185): mysqli->real_connect()
#1 /var/www/wappbuzz/vendor/codeigniter4/framework/system/Database/BaseConnection.php(392): CodeIgniter\Database\MySQLi\Connection->connect()
#2 /var/www/wappbuzz/vendor/codeigniter4/framework/system/Database/BaseConnection.php(575): CodeIgniter\Database\BaseConnection->initialize()
#3 /var/www/wappbuzz/vendor/codeigniter4/framework/system/Database/BaseBuilder.php(1616): CodeIgniter\Database\BaseConnection->query()
#4 /var/www/wappbuzz/app/Helpers/Common_helper.php(1444): CodeIgniter\Database\BaseBuilder->get()
#5 /var/www/wappbuzz/app/Filters/MainFilter.php(57): db_get()
#6 /var/www/wappbuzz/vendor/codeigniter4/framework/system/Filters/Filters.php(184): App\Filters\MainFilter->before()
#7 /var/www/wappbuzz/vendor/codeigniter4/framework/system/CodeIgniter.php(475): CodeIgniter\Filters\Filters->run()
#8 /var/www/wappbuzz/vendor/codeigniter4/framework/system/CodeIgniter.php(361): CodeIgniter\CodeIgniter->handleRequest()
#9 /var/www/wappbuzz/index.php(34): CodeIgniter\CodeIgniter->run()
#10 {main}

Next CodeIgniter\Database\Exceptions\DatabaseException: Too many connections in /var/www/wappbuzz/vendor/codeigniter4/framework/system/Database/MySQLi/Connection.php:229
Stack trace:
#0 /var/www/wappbuzz/vendor/codeigniter4/framework/system/Database/BaseConnection.php(392): CodeIgniter\Database\MySQLi\Connection->connect()
#1 /var/www/wappbuzz/vendor/codeigniter4/framework/system/Database/BaseConnection.php(575): CodeIgniter\Database\BaseConnection->initialize()
#2 /var/www/wappbuzz/vendor/codeigniter4/framework/system/Database/BaseBuilder.php(1616): CodeIgniter\Database\BaseConnection->query()
#3 /var/www/wappbuzz/app/Helpers/Common_helper.php(1444): CodeIgniter\Database\BaseBuilder->get()
#4 /var/www/wappbuzz/app/Filters/MainFilter.php(57): db_get()
#5 /var/www/wappbuzz/vendor/codeigniter4/framework/system/Filters/Filters.php(184): App\Filters\MainFilter->before()
#6 /var/www/wappbuzz/vendor/codeigniter4/framework/system/CodeIgniter.php(475): CodeIgniter\Filters\Filters->run()
#7 /var/www/wappbuzz/vendor/codeigniter4/framework/system/CodeIgniter.php(361): CodeIgniter\CodeIgniter->handleRequest()
#8 /var/www/wappbuzz/index.php(34): CodeIgniter\CodeIgniter->run()
#9 {main}
CRITICAL - 2026-05-19 04:26:01 --> CodeIgniter\Database\Exceptions\DatabaseException: Unable to connect to the database.
Main connection [MySQLi]: Too many connections
in SYSTEMPATH/Database/BaseConnection.php on line 428.
 1 SYSTEMPATH/Database/BaseConnection.php(575): CodeIgniter\Database\BaseConnection->initialize()
 2 SYSTEMPATH/Database/BaseBuilder.php(1616): CodeIgniter\Database\BaseConnection->query()
 3 APPPATH/Helpers/Common_helper.php(1444): CodeIgniter\Database\BaseBuilder->get()
 4 APPPATH/Filters/MainFilter.php(57): db_get()
 5 SYSTEMPATH/Filters/Filters.php(184): App\Filters\MainFilter->before()
 6 SYSTEMPATH/CodeIgniter.php(475): CodeIgniter\Filters\Filters->run()
 7 SYSTEMPATH/CodeIgniter.php(361): CodeIgniter\CodeIgniter->handleRequest()
 8 FCPATH/index.php(34): CodeIgniter\CodeIgniter->run()
ERROR - 2026-05-19 04:26:02 --> Error connecting to the database: mysqli_sql_exception: Too many connections in /var/www/wappbuzz/vendor/codeigniter4/framework/system/Database/MySQLi/Connection.php:185
Stack trace:
#0 /var/www/wappbuzz/vendor/codeigniter4/framework/system/Database/MySQLi/Connection.php(185): mysqli->real_connect()
#1 /var/www/wappbuzz/vendor/codeigniter4/framework/system/Database/BaseConnection.php(392): CodeIgniter\Database\MySQLi\Connection->connect()
#2 /var/www/wappbuzz/vendor/codeigniter4/framework/system/Database/BaseConnection.php(575): CodeIgniter\Database\BaseConnection->initialize()
#3 /var/www/wappbuzz/vendor/codeigniter4/framework/system/Database/BaseBuilder.php(1616): CodeIgniter\Database\BaseConnection->query()
#4 /var/www/wappbuzz/app/Helpers/Common_helper.php(1444): CodeIgniter\Database\BaseBuilder->get()
#5 /var/www/wappbuzz/app/Filters/MainFilter.php(57): db_get()
#6 /var/www/wappbuzz/vendor/codeigniter4/framework/system/Filters/Filters.php(184): App\Filters\MainFilter->before()
#7 /var/www/wappbuzz/vendor/codeigniter4/framework/system/CodeIgniter.php(475): CodeIgniter\Filters\Filters->run()
#8 /var/www/wappbuzz/vendor/codeigniter4/framework/system/CodeIgniter.php(361): CodeIgniter\CodeIgniter->handleRequest()
#9 /var/www/wappbuzz/index.php(34): CodeIgniter\CodeIgniter->run()
#10 {main}

Next CodeIgniter\Database\Exceptions\DatabaseException: Too many connections in /var/www/wappbuzz/vendor/codeigniter4/framework/system/Database/MySQLi/Connection.php:229
Stack trace:
#0 /var/www/wappbuzz/vendor/codeigniter4/framework/system/Database/BaseConnection.php(392): CodeIgniter\Database\MySQLi\Connection->connect()
#1 /var/www/wappbuzz/vendor/codeigniter4/framework/system/Database/BaseConnection.php(575): CodeIgniter\Database\BaseConnection->initialize()
#2 /var/www/wappbuzz/vendor/codeigniter4/framework/system/Database/BaseBuilder.php(1616): CodeIgniter\Database\BaseConnection->query()
#3 /var/www/wappbuzz/app/Helpers/Common_helper.php(1444): CodeIgniter\Database\BaseBuilder->get()
#4 /var/www/wappbuzz/app/Filters/MainFilter.php(57): db_get()
#5 /var/www/wappbuzz/vendor/codeigniter4/framework/system/Filters/Filters.php(184): App\Filters\MainFilter->before()
#6 /var/www/wappbuzz/vendor/codeigniter4/framework/system/CodeIgniter.php(475): CodeIgniter\Filters\Filters->run()
#7 /var/www/wappbuzz/vendor/codeigniter4/framework/system/CodeIgniter.php(361): CodeIgniter\CodeIgniter->handleRequest()
#8 /var/www/wappbuzz/index.php(34): CodeIgniter\CodeIgniter->run()
#9 {main}
CRITICAL - 2026-05-19 04:26:02 --> CodeIgniter\Database\Exceptions\DatabaseException: Unable to connect to the database.
Main connection [MySQLi]: Too many connections
in SYSTEMPATH/Database/BaseConnection.php on line 428.
 1 SYSTEMPATH/Database/BaseConnection.php(575): CodeIgniter\Database\BaseConnection->initialize()
 2 SYSTEMPATH/Database/BaseBuilder.php(1616): CodeIgniter\Database\BaseConnection->query()
 3 APPPATH/Helpers/Common_helper.php(1444): CodeIgniter\Database\BaseBuilder->get()
 4 APPPATH/Filters/MainFilter.php(57): db_get()
 5 SYSTEMPATH/Filters/Filters.php(184): App\Filters\MainFilter->before()
 6 SYSTEMPATH/CodeIgniter.php(475): CodeIgniter\Filters\Filters->run()
 7 SYSTEMPATH/CodeIgniter.php(361): CodeIgniter\CodeIgniter->handleRequest()
 8 FCPATH/index.php(34): CodeIgniter\CodeIgniter->run()
ERROR - 2026-05-19 04:26:03 --> Error connecting to the database: mysqli_sql_exception: Too many connections in /var/www/wappbuzz/vendor/codeigniter4/framework/system/Database/MySQLi/Connection.php:185
Stack trace:
#0 /var/www/wappbuzz/vendor/codeigniter4/framework/system/Database/MySQLi/Connection.php(185): mysqli->real_connect()
#1 /var/www/wappbuzz/vendor/codeigniter4/framework/system/Database/BaseConnection.php(392): CodeIgniter\Database\MySQLi\Connection->connect()
#2 /var/www/wappbuzz/vendor/codeigniter4/framework/system/Database/BaseConnection.php(575): CodeIgniter\Database\BaseConnection->initialize()
#3 /var/www/wappbuzz/vendor/codeigniter4/framework/system/Database/BaseBuilder.php(1616): CodeIgniter\Database\BaseConnection->query()
#4 /var/www/wappbuzz/app/Helpers/Common_helper.php(1444): CodeIgniter\Database\BaseBuilder->get()
#5 /var/www/wappbuzz/app/Filters/MainFilter.php(57): db_get()
#6 /var/www/wappbuzz/vendor/codeigniter4/framework/system/Filters/Filters.php(184): App\Filters\MainFilter->before()
#7 /var/www/wappbuzz/vendor/codeigniter4/framework/system/CodeIgniter.php(475): CodeIgniter\Filters\Filters->run()
#8 /var/www/wappbuzz/vendor/codeigniter4/framework/system/CodeIgniter.php(361): CodeIgniter\CodeIgniter->handleRequest()
#9 /var/www/wappbuzz/index.php(34): CodeIgniter\CodeIgniter->run()
#10 {main}

Next CodeIgniter\Database\Exceptions\DatabaseException: Too many connections in /var/www/wappbuzz/vendor/codeigniter4/framework/system/Database/MySQLi/Connection.php:229
Stack trace:
#0 /var/www/wappbuzz/vendor/codeigniter4/framework/system/Database/BaseConnection.php(392): CodeIgniter\Database\MySQLi\Connection->connect()
#1 /var/www/wappbuzz/vendor/codeigniter4/framework/system/Database/BaseConnection.php(575): CodeIgniter\Database\BaseConnection->initialize()
#2 /var/www/wappbuzz/vendor/codeigniter4/framework/system/Database/BaseBuilder.php(1616): CodeIgniter\Database\BaseConnection->query()
#3 /var/www/wappbuzz/app/Helpers/Common_helper.php(1444): CodeIgniter\Database\BaseBuilder->get()
#4 /var/www/wappbuzz/app/Filters/MainFilter.php(57): db_get()
#5 /var/www/wappbuzz/vendor/codeigniter4/framework/system/Filters/Filters.php(184): App\Filters\MainFilter->before()
#6 /var/www/wappbuzz/vendor/codeigniter4/framework/system/CodeIgniter.php(475): CodeIgniter\Filters\Filters->run()
#7 /var/www/wappbuzz/vendor/codeigniter4/framework/system/CodeIgniter.php(361): CodeIgniter\CodeIgniter->handleRequest()
#8 /var/www/wappbuzz/index.php(34): CodeIgniter\CodeIgniter->run()
#9 {main}
CRITICAL - 2026-05-19 04:26:03 --> CodeIgniter\Database\Exceptions\DatabaseException: Unable to connect to the database.
Main connection [MySQLi]: Too many connections
in SYSTEMPATH/Database/BaseConnection.php on line 428.
 1 SYSTEMPATH/Database/BaseConnection.php(575): CodeIgniter\Database\BaseConnection->initialize()
 2 SYSTEMPATH/Database/BaseBuilder.php(1616): CodeIgniter\Database\BaseConnection->query()
 3 APPPATH/Helpers/Common_helper.php(1444): CodeIgniter\Database\BaseBuilder->get()
 4 APPPATH/Filters/MainFilter.php(57): db_get()
 5 SYSTEMPATH/Filters/Filters.php(184): App\Filters\MainFilter->before()
 6 SYSTEMPATH/CodeIgniter.php(475): CodeIgniter\Filters\Filters->run()
 7 SYSTEMPATH/CodeIgniter.php(361): CodeIgniter\CodeIgniter->handleRequest()
 8 FCPATH/index.php(34): CodeIgniter\CodeIgniter->run()
ERROR - 2026-05-19 04:26:03 --> Error connecting to the database: mysqli_sql_exception: Too many connections in /var/www/wappbuzz/vendor/codeigniter4/framework/system/Database/MySQLi/Connection.php:185
Stack trace:
#0 /var/www/wappbuzz/vendor/codeigniter4/framework/system/Database/MySQLi/Connection.php(185): mysqli->real_connect()
#1 /var/www/wappbuzz/vendor/codeigniter4/framework/system/Database/BaseConnection.php(392): CodeIgniter\Database\MySQLi\Connection->connect()
#2 /var/www/wappbuzz/vendor/codeigniter4/framework/system/Database/BaseConnection.php(575): CodeIgniter\Database\BaseConnection->initialize()
#3 /var/www/wappbuzz/vendor/codeigniter4/framework/system/Database/BaseBuilder.php(1616): CodeIgniter\Database\BaseConnection->query()
#4 /var/www/wappbuzz/app/Helpers/Common_helper.php(1444): CodeIgniter\Database\BaseBuilder->get()
#5 /var/www/wappbuzz/app/Filters/MainFilter.php(57): db_get()
#6 /var/www/wappbuzz/vendor/codeigniter4/framework/system/Filters/Filters.php(184): App\Filters\MainFilter->before()
#7 /var/www/wappbuzz/vendor/codeigniter4/framework/system/CodeIgniter.php(475): CodeIgniter\Filters\Filters->run()
#8 /var/www/wappbuzz/vendor/codeigniter4/framework/system/CodeIgniter.php(361): CodeIgniter\CodeIgniter->handleRequest()
#9 /var/www/wappbuzz/index.php(34): CodeIgniter\CodeIgniter->run()
#10 {main}

Next CodeIgniter\Database\Exceptions\DatabaseException: Too many connections in /var/www/wappbuzz/vendor/codeigniter4/framework/system/Database/MySQLi/Connection.php:229
Stack trace:
#0 /var/www/wappbuzz/vendor/codeigniter4/framework/system/Database/BaseConnection.php(392): CodeIgniter\Database\MySQLi\Connection->connect()
#1 /var/www/wappbuzz/vendor/codeigniter4/framework/system/Database/BaseConnection.php(575): CodeIgniter\Database\BaseConnection->initialize()
#2 /var/www/wappbuzz/vendor/codeigniter4/framework/system/Database/BaseBuilder.php(1616): CodeIgniter\Database\BaseConnection->query()
#3 /var/www/wappbuzz/app/Helpers/Common_helper.php(1444): CodeIgniter\Database\BaseBuilder->get()
#4 /var/www/wappbuzz/app/Filters/MainFilter.php(57): db_get()
#5 /var/www/wappbuzz/vendor/codeigniter4/framework/system/Filters/Filters.php(184): App\Filters\MainFilter->before()
#6 /var/www/wappbuzz/vendor/codeigniter4/framework/system/CodeIgniter.php(475): CodeIgniter\Filters\Filters->run()
#7 /var/www/wappbuzz/vendor/codeigniter4/framework/system/CodeIgniter.php(361): CodeIgniter\CodeIgniter->handleRequest()
#8 /var/www/wappbuzz/index.php(34): CodeIgniter\CodeIgniter->run()
#9 {main}
CRITICAL - 2026-05-19 04:26:03 --> CodeIgniter\Database\Exceptions\DatabaseException: Unable to connect to the database.
Main connection [MySQLi]: Too many connections
in SYSTEMPATH/Database/BaseConnection.php on line 428.
 1 SYSTEMPATH/Database/BaseConnection.php(575): CodeIgniter\Database\BaseConnection->initialize()
 2 SYSTEMPATH/Database/BaseBuilder.php(1616): CodeIgniter\Database\BaseConnection->query()
 3 APPPATH/Helpers/Common_helper.php(1444): CodeIgniter\Database\BaseBuilder->get()
 4 APPPATH/Filters/MainFilter.php(57): db_get()
 5 SYSTEMPATH/Filters/Filters.php(184): App\Filters\MainFilter->before()
 6 SYSTEMPATH/CodeIgniter.php(475): CodeIgniter\Filters\Filters->run()
 7 SYSTEMPATH/CodeIgniter.php(361): CodeIgniter\CodeIgniter->handleRequest()
 8 FCPATH/index.php(34): CodeIgniter\CodeIgniter->run()
ERROR - 2026-05-19 04:40:45 --> Error connecting to the database: mysqli_sql_exception: Too many connections in /var/www/wappbuzz/vendor/codeigniter4/framework/system/Database/MySQLi/Connection.php:185
Stack trace:
#0 /var/www/wappbuzz/vendor/codeigniter4/framework/system/Database/MySQLi/Connection.php(185): mysqli->real_connect()
#1 /var/www/wappbuzz/vendor/codeigniter4/framework/system/Database/BaseConnection.php(392): CodeIgniter\Database\MySQLi\Connection->connect()
#2 /var/www/wappbuzz/vendor/codeigniter4/framework/system/Database/BaseConnection.php(575): CodeIgniter\Database\BaseConnection->initialize()
#3 /var/www/wappbuzz/vendor/codeigniter4/framework/system/Database/BaseBuilder.php(1616): CodeIgniter\Database\BaseConnection->query()
#4 /var/www/wappbuzz/app/Helpers/Common_helper.php(1444): CodeIgniter\Database\BaseBuilder->get()
#5 /var/www/wappbuzz/app/Filters/MainFilter.php(57): db_get()
#6 /var/www/wappbuzz/vendor/codeigniter4/framework/system/Filters/Filters.php(184): App\Filters\MainFilter->before()
#7 /var/www/wappbuzz/vendor/codeigniter4/framework/system/CodeIgniter.php(475): CodeIgniter\Filters\Filters->run()
#8 /var/www/wappbuzz/vendor/codeigniter4/framework/system/CodeIgniter.php(361): CodeIgniter\CodeIgniter->handleRequest()
#9 /var/www/wappbuzz/index.php(34): CodeIgniter\CodeIgniter->run()
#10 {main}

Next CodeIgniter\Database\Exceptions\DatabaseException: Too many connections in /var/www/wappbuzz/vendor/codeigniter4/framework/system/Database/MySQLi/Connection.php:229
Stack trace:
#0 /var/www/wappbuzz/vendor/codeigniter4/framework/system/Database/BaseConnection.php(392): CodeIgniter\Database\MySQLi\Connection->connect()
#1 /var/www/wappbuzz/vendor/codeigniter4/framework/system/Database/BaseConnection.php(575): CodeIgniter\Database\BaseConnection->initialize()
#2 /var/www/wappbuzz/vendor/codeigniter4/framework/system/Database/BaseBuilder.php(1616): CodeIgniter\Database\BaseConnection->query()
#3 /var/www/wappbuzz/app/Helpers/Common_helper.php(1444): CodeIgniter\Database\BaseBuilder->get()
#4 /var/www/wappbuzz/app/Filters/MainFilter.php(57): db_get()
#5 /var/www/wappbuzz/vendor/codeigniter4/framework/system/Filters/Filters.php(184): App\Filters\MainFilter->before()
#6 /var/www/wappbuzz/vendor/codeigniter4/framework/system/CodeIgniter.php(475): CodeIgniter\Filters\Filters->run()
#7 /var/www/wappbuzz/vendor/codeigniter4/framework/system/CodeIgniter.php(361): CodeIgniter\CodeIgniter->handleRequest()
#8 /var/www/wappbuzz/index.php(34): CodeIgniter\CodeIgniter->run()
#9 {main}
CRITICAL - 2026-05-19 04:40:45 --> CodeIgniter\Database\Exceptions\DatabaseException: Unable to connect to the database.
Main connection [MySQLi]: Too many connections
in SYSTEMPATH/Database/BaseConnection.php on line 428.
 1 SYSTEMPATH/Database/BaseConnection.php(575): CodeIgniter\Database\BaseConnection->initialize()
 2 SYSTEMPATH/Database/BaseBuilder.php(1616): CodeIgniter\Database\BaseConnection->query()
 3 APPPATH/Helpers/Common_helper.php(1444): CodeIgniter\Database\BaseBuilder->get()
 4 APPPATH/Filters/MainFilter.php(57): db_get()
 5 SYSTEMPATH/Filters/Filters.php(184): App\Filters\MainFilter->before()
 6 SYSTEMPATH/CodeIgniter.php(475): CodeIgniter\Filters\Filters->run()
 7 SYSTEMPATH/CodeIgniter.php(361): CodeIgniter\CodeIgniter->handleRequest()
 8 FCPATH/index.php(34): CodeIgniter\CodeIgniter->run()
ERROR - 2026-05-19 05:19:53 --> Error connecting to the database: mysqli_sql_exception: Too many connections in /var/www/wappbuzz/vendor/codeigniter4/framework/system/Database/MySQLi/Connection.php:185
Stack trace:
#0 /var/www/wappbuzz/vendor/codeigniter4/framework/system/Database/MySQLi/Connection.php(185): mysqli->real_connect()
#1 /var/www/wappbuzz/vendor/codeigniter4/framework/system/Database/BaseConnection.php(392): CodeIgniter\Database\MySQLi\Connection->connect()
#2 /var/www/wappbuzz/vendor/codeigniter4/framework/system/Database/BaseConnection.php(575): CodeIgniter\Database\BaseConnection->initialize()
#3 /var/www/wappbuzz/vendor/codeigniter4/framework/system/Database/BaseBuilder.php(1616): CodeIgniter\Database\BaseConnection->query()
#4 /var/www/wappbuzz/app/Helpers/Common_helper.php(1444): CodeIgniter\Database\BaseBuilder->get()
#5 /var/www/wappbuzz/app/Helpers/Common_helper.php(1348): db_get()
#6 /var/www/wappbuzz/app/Helpers/Common_helper.php(1793): get_option()
#7 /var/www/wappbuzz/inc/core/Home/Controllers/Home.php(7): parse_config()
#8 /var/www/wappbuzz/vendor/codeigniter4/framework/system/CodeIgniter.php(915): Core\Home\Controllers\Home->__construct()
#9 /var/www/wappbuzz/vendor/codeigniter4/framework/system/CodeIgniter.php(971): CodeIgniter\CodeIgniter->createController()
#10 /var/www/wappbuzz/vendor/codeigniter4/framework/system/CodeIgniter.php(370): CodeIgniter\CodeIgniter->display404errors()
#11 /var/www/wappbuzz/index.php(34): CodeIgniter\CodeIgniter->run()
#12 {main}

Next CodeIgniter\Database\Exceptions\DatabaseException: Too many connections in /var/www/wappbuzz/vendor/codeigniter4/framework/system/Database/MySQLi/Connection.php:229
Stack trace:
#0 /var/www/wappbuzz/vendor/codeigniter4/framework/system/Database/BaseConnection.php(392): CodeIgniter\Database\MySQLi\Connection->connect()
#1 /var/www/wappbuzz/vendor/codeigniter4/framework/system/Database/BaseConnection.php(575): CodeIgniter\Database\BaseConnection->initialize()
#2 /var/www/wappbuzz/vendor/codeigniter4/framework/system/Database/BaseBuilder.php(1616): CodeIgniter\Database\BaseConnection->query()
#3 /var/www/wappbuzz/app/Helpers/Common_helper.php(1444): CodeIgniter\Database\BaseBuilder->get()
#4 /var/www/wappbuzz/app/Helpers/Common_helper.php(1348): db_get()
#5 /var/www/wappbuzz/app/Helpers/Common_helper.php(1793): get_option()
#6 /var/www/wappbuzz/inc/core/Home/Controllers/Home.php(7): parse_config()
#7 /var/www/wappbuzz/vendor/codeigniter4/framework/system/CodeIgniter.php(915): Core\Home\Controllers\Home->__construct()
#8 /var/www/wappbuzz/vendor/codeigniter4/framework/system/CodeIgniter.php(971): CodeIgniter\CodeIgniter->createController()
#9 /var/www/wappbuzz/vendor/codeigniter4/framework/system/CodeIgniter.php(370): CodeIgniter\CodeIgniter->display404errors()
#10 /var/www/wappbuzz/index.php(34): CodeIgniter\CodeIgniter->run()
#11 {main}
CRITICAL - 2026-05-19 05:19:53 --> CodeIgniter\Database\Exceptions\DatabaseException: Unable to connect to the database.
Main connection [MySQLi]: Too many connections
in SYSTEMPATH/Database/BaseConnection.php on line 428.
 1 SYSTEMPATH/Database/BaseConnection.php(575): CodeIgniter\Database\BaseConnection->initialize()
 2 SYSTEMPATH/Database/BaseBuilder.php(1616): CodeIgniter\Database\BaseConnection->query()
 3 APPPATH/Helpers/Common_helper.php(1444): CodeIgniter\Database\BaseBuilder->get()
 4 APPPATH/Helpers/Common_helper.php(1348): db_get()
 5 APPPATH/Helpers/Common_helper.php(1793): get_option()
 6 FCPATH/inc/core/Home/Controllers/Home.php(7): parse_config()
 7 SYSTEMPATH/CodeIgniter.php(915): Core\Home\Controllers\Home->__construct()
 8 SYSTEMPATH/CodeIgniter.php(971): CodeIgniter\CodeIgniter->createController()
 9 SYSTEMPATH/CodeIgniter.php(370): CodeIgniter\CodeIgniter->display404errors()
10 FCPATH/index.php(34): CodeIgniter\CodeIgniter->run()
ERROR - 2026-05-19 05:26:02 --> Error connecting to the database: mysqli_sql_exception: Too many connections in /var/www/wappbuzz/vendor/codeigniter4/framework/system/Database/MySQLi/Connection.php:185
Stack trace:
#0 /var/www/wappbuzz/vendor/codeigniter4/framework/system/Database/MySQLi/Connection.php(185): mysqli->real_connect()
#1 /var/www/wappbuzz/vendor/codeigniter4/framework/system/Database/BaseConnection.php(392): CodeIgniter\Database\MySQLi\Connection->connect()
#2 /var/www/wappbuzz/vendor/codeigniter4/framework/system/Database/BaseConnection.php(575): CodeIgniter\Database\BaseConnection->initialize()
#3 /var/www/wappbuzz/vendor/codeigniter4/framework/system/Database/BaseBuilder.php(1616): CodeIgniter\Database\BaseConnection->query()
#4 /var/www/wappbuzz/app/Helpers/Common_helper.php(1444): CodeIgniter\Database\BaseBuilder->get()
#5 /var/www/wappbuzz/app/Filters/MainFilter.php(57): db_get()
#6 /var/www/wappbuzz/vendor/codeigniter4/framework/system/Filters/Filters.php(184): App\Filters\MainFilter->before()
#7 /var/www/wappbuzz/vendor/codeigniter4/framework/system/CodeIgniter.php(475): CodeIgniter\Filters\Filters->run()
#8 /var/www/wappbuzz/vendor/codeigniter4/framework/system/CodeIgniter.php(361): CodeIgniter\CodeIgniter->handleRequest()
#9 /var/www/wappbuzz/index.php(34): CodeIgniter\CodeIgniter->run()
#10 {main}

Next CodeIgniter\Database\Exceptions\DatabaseException: Too many connections in /var/www/wappbuzz/vendor/codeigniter4/framework/system/Database/MySQLi/Connection.php:229
Stack trace:
#0 /var/www/wappbuzz/vendor/codeigniter4/framework/system/Database/BaseConnection.php(392): CodeIgniter\Database\MySQLi\Connection->connect()
#1 /var/www/wappbuzz/vendor/codeigniter4/framework/system/Database/BaseConnection.php(575): CodeIgniter\Database\BaseConnection->initialize()
#2 /var/www/wappbuzz/vendor/codeigniter4/framework/system/Database/BaseBuilder.php(1616): CodeIgniter\Database\BaseConnection->query()
#3 /var/www/wappbuzz/app/Helpers/Common_helper.php(1444): CodeIgniter\Database\BaseBuilder->get()
#4 /var/www/wappbuzz/app/Filters/MainFilter.php(57): db_get()
#5 /var/www/wappbuzz/vendor/codeigniter4/framework/system/Filters/Filters.php(184): App\Filters\MainFilter->before()
#6 /var/www/wappbuzz/vendor/codeigniter4/framework/system/CodeIgniter.php(475): CodeIgniter\Filters\Filters->run()
#7 /var/www/wappbuzz/vendor/codeigniter4/framework/system/CodeIgniter.php(361): CodeIgniter\CodeIgniter->handleRequest()
#8 /var/www/wappbuzz/index.php(34): CodeIgniter\CodeIgniter->run()
#9 {main}
CRITICAL - 2026-05-19 05:26:02 --> CodeIgniter\Database\Exceptions\DatabaseException: Unable to connect to the database.
Main connection [MySQLi]: Too many connections
in SYSTEMPATH/Database/BaseConnection.php on line 428.
 1 SYSTEMPATH/Database/BaseConnection.php(575): CodeIgniter\Database\BaseConnection->initialize()
 2 SYSTEMPATH/Database/BaseBuilder.php(1616): CodeIgniter\Database\BaseConnection->query()
 3 APPPATH/Helpers/Common_helper.php(1444): CodeIgniter\Database\BaseBuilder->get()
 4 APPPATH/Filters/MainFilter.php(57): db_get()
 5 SYSTEMPATH/Filters/Filters.php(184): App\Filters\MainFilter->before()
 6 SYSTEMPATH/CodeIgniter.php(475): CodeIgniter\Filters\Filters->run()
 7 SYSTEMPATH/CodeIgniter.php(361): CodeIgniter\CodeIgniter->handleRequest()
 8 FCPATH/index.php(34): CodeIgniter\CodeIgniter->run()
ERROR - 2026-05-19 05:26:24 --> Error connecting to the database: mysqli_sql_exception: Too many connections in /var/www/wappbuzz/vendor/codeigniter4/framework/system/Database/MySQLi/Connection.php:185
Stack trace:
#0 /var/www/wappbuzz/vendor/codeigniter4/framework/system/Database/MySQLi/Connection.php(185): mysqli->real_connect()
#1 /var/www/wappbuzz/vendor/codeigniter4/framework/system/Database/BaseConnection.php(392): CodeIgniter\Database\MySQLi\Connection->connect()
#2 /var/www/wappbuzz/vendor/codeigniter4/framework/system/Database/BaseConnection.php(575): CodeIgniter\Database\BaseConnection->initialize()
#3 /var/www/wappbuzz/vendor/codeigniter4/framework/system/Database/BaseBuilder.php(1616): CodeIgniter\Database\BaseConnection->query()
#4 /var/www/wappbuzz/app/Helpers/Common_helper.php(1444): CodeIgniter\Database\BaseBuilder->get()
#5 /var/www/wappbuzz/app/Filters/MainFilter.php(57): db_get()
#6 /var/www/wappbuzz/vendor/codeigniter4/framework/system/Filters/Filters.php(184): App\Filters\MainFilter->before()
#7 /var/www/wappbuzz/vendor/codeigniter4/framework/system/CodeIgniter.php(475): CodeIgniter\Filters\Filters->run()
#8 /var/www/wappbuzz/vendor/codeigniter4/framework/system/CodeIgniter.php(361): CodeIgniter\CodeIgniter->handleRequest()
#9 /var/www/wappbuzz/index.php(34): CodeIgniter\CodeIgniter->run()
#10 {main}

Next CodeIgniter\Database\Exceptions\DatabaseException: Too many connections in /var/www/wappbuzz/vendor/codeigniter4/framework/system/Database/MySQLi/Connection.php:229
Stack trace:
#0 /var/www/wappbuzz/vendor/codeigniter4/framework/system/Database/BaseConnection.php(392): CodeIgniter\Database\MySQLi\Connection->connect()
#1 /var/www/wappbuzz/vendor/codeigniter4/framework/system/Database/BaseConnection.php(575): CodeIgniter\Database\BaseConnection->initialize()
#2 /var/www/wappbuzz/vendor/codeigniter4/framework/system/Database/BaseBuilder.php(1616): CodeIgniter\Database\BaseConnection->query()
#3 /var/www/wappbuzz/app/Helpers/Common_helper.php(1444): CodeIgniter\Database\BaseBuilder->get()
#4 /var/www/wappbuzz/app/Filters/MainFilter.php(57): db_get()
#5 /var/www/wappbuzz/vendor/codeigniter4/framework/system/Filters/Filters.php(184): App\Filters\MainFilter->before()
#6 /var/www/wappbuzz/vendor/codeigniter4/framework/system/CodeIgniter.php(475): CodeIgniter\Filters\Filters->run()
#7 /var/www/wappbuzz/vendor/codeigniter4/framework/system/CodeIgniter.php(361): CodeIgniter\CodeIgniter->handleRequest()
#8 /var/www/wappbuzz/index.php(34): CodeIgniter\CodeIgniter->run()
#9 {main}
CRITICAL - 2026-05-19 05:26:24 --> CodeIgniter\Database\Exceptions\DatabaseException: Unable to connect to the database.
Main connection [MySQLi]: Too many connections
in SYSTEMPATH/Database/BaseConnection.php on line 428.
 1 SYSTEMPATH/Database/BaseConnection.php(575): CodeIgniter\Database\BaseConnection->initialize()
 2 SYSTEMPATH/Database/BaseBuilder.php(1616): CodeIgniter\Database\BaseConnection->query()
 3 APPPATH/Helpers/Common_helper.php(1444): CodeIgniter\Database\BaseBuilder->get()
 4 APPPATH/Filters/MainFilter.php(57): db_get()
 5 SYSTEMPATH/Filters/Filters.php(184): App\Filters\MainFilter->before()
 6 SYSTEMPATH/CodeIgniter.php(475): CodeIgniter\Filters\Filters->run()
 7 SYSTEMPATH/CodeIgniter.php(361): CodeIgniter\CodeIgniter->handleRequest()
 8 FCPATH/index.php(34): CodeIgniter\CodeIgniter->run()
ERROR - 2026-05-19 05:26:39 --> Error connecting to the database: mysqli_sql_exception: Too many connections in /var/www/wappbuzz/vendor/codeigniter4/framework/system/Database/MySQLi/Connection.php:185
Stack trace:
#0 /var/www/wappbuzz/vendor/codeigniter4/framework/system/Database/MySQLi/Connection.php(185): mysqli->real_connect()
#1 /var/www/wappbuzz/vendor/codeigniter4/framework/system/Database/BaseConnection.php(392): CodeIgniter\Database\MySQLi\Connection->connect()
#2 /var/www/wappbuzz/vendor/codeigniter4/framework/system/Database/BaseConnection.php(575): CodeIgniter\Database\BaseConnection->initialize()
#3 /var/www/wappbuzz/vendor/codeigniter4/framework/system/Database/BaseBuilder.php(1616): CodeIgniter\Database\BaseConnection->query()
#4 /var/www/wappbuzz/app/Helpers/Common_helper.php(1444): CodeIgniter\Database\BaseBuilder->get()
#5 /var/www/wappbuzz/app/Filters/MainFilter.php(57): db_get()
#6 /var/www/wappbuzz/vendor/codeigniter4/framework/system/Filters/Filters.php(184): App\Filters\MainFilter->before()
#7 /var/www/wappbuzz/vendor/codeigniter4/framework/system/CodeIgniter.php(475): CodeIgniter\Filters\Filters->run()
#8 /var/www/wappbuzz/vendor/codeigniter4/framework/system/CodeIgniter.php(361): CodeIgniter\CodeIgniter->handleRequest()
#9 /var/www/wappbuzz/index.php(34): CodeIgniter\CodeIgniter->run()
#10 {main}

Next CodeIgniter\Database\Exceptions\DatabaseException: Too many connections in /var/www/wappbuzz/vendor/codeigniter4/framework/system/Database/MySQLi/Connection.php:229
Stack trace:
#0 /var/www/wappbuzz/vendor/codeigniter4/framework/system/Database/BaseConnection.php(392): CodeIgniter\Database\MySQLi\Connection->connect()
#1 /var/www/wappbuzz/vendor/codeigniter4/framework/system/Database/BaseConnection.php(575): CodeIgniter\Database\BaseConnection->initialize()
#2 /var/www/wappbuzz/vendor/codeigniter4/framework/system/Database/BaseBuilder.php(1616): CodeIgniter\Database\BaseConnection->query()
#3 /var/www/wappbuzz/app/Helpers/Common_helper.php(1444): CodeIgniter\Database\BaseBuilder->get()
#4 /var/www/wappbuzz/app/Filters/MainFilter.php(57): db_get()
#5 /var/www/wappbuzz/vendor/codeigniter4/framework/system/Filters/Filters.php(184): App\Filters\MainFilter->before()
#6 /var/www/wappbuzz/vendor/codeigniter4/framework/system/CodeIgniter.php(475): CodeIgniter\Filters\Filters->run()
#7 /var/www/wappbuzz/vendor/codeigniter4/framework/system/CodeIgniter.php(361): CodeIgniter\CodeIgniter->handleRequest()
#8 /var/www/wappbuzz/index.php(34): CodeIgniter\CodeIgniter->run()
#9 {main}
CRITICAL - 2026-05-19 05:26:39 --> CodeIgniter\Database\Exceptions\DatabaseException: Unable to connect to the database.
Main connection [MySQLi]: Too many connections
in SYSTEMPATH/Database/BaseConnection.php on line 428.
 1 SYSTEMPATH/Database/BaseConnection.php(575): CodeIgniter\Database\BaseConnection->initialize()
 2 SYSTEMPATH/Database/BaseBuilder.php(1616): CodeIgniter\Database\BaseConnection->query()
 3 APPPATH/Helpers/Common_helper.php(1444): CodeIgniter\Database\BaseBuilder->get()
 4 APPPATH/Filters/MainFilter.php(57): db_get()
 5 SYSTEMPATH/Filters/Filters.php(184): App\Filters\MainFilter->before()
 6 SYSTEMPATH/CodeIgniter.php(475): CodeIgniter\Filters\Filters->run()
 7 SYSTEMPATH/CodeIgniter.php(361): CodeIgniter\CodeIgniter->handleRequest()
 8 FCPATH/index.php(34): CodeIgniter\CodeIgniter->run()
ERROR - 2026-05-19 05:29:55 --> Error connecting to the database: mysqli_sql_exception: Too many connections in /var/www/wappbuzz/vendor/codeigniter4/framework/system/Database/MySQLi/Connection.php:185
Stack trace:
#0 /var/www/wappbuzz/vendor/codeigniter4/framework/system/Database/MySQLi/Connection.php(185): mysqli->real_connect()
#1 /var/www/wappbuzz/vendor/codeigniter4/framework/system/Database/BaseConnection.php(392): CodeIgniter\Database\MySQLi\Connection->connect()
#2 /var/www/wappbuzz/vendor/codeigniter4/framework/system/Database/BaseConnection.php(575): CodeIgniter\Database\BaseConnection->initialize()
#3 /var/www/wappbuzz/vendor/codeigniter4/framework/system/Database/BaseBuilder.php(1616): CodeIgniter\Database\BaseConnection->query()
#4 /var/www/wappbuzz/app/Helpers/Common_helper.php(1444): CodeIgniter\Database\BaseBuilder->get()
#5 /var/www/wappbuzz/app/Filters/MainFilter.php(57): db_get()
#6 /var/www/wappbuzz/vendor/codeigniter4/framework/system/Filters/Filters.php(184): App\Filters\MainFilter->before()
#7 /var/www/wappbuzz/vendor/codeigniter4/framework/system/CodeIgniter.php(475): CodeIgniter\Filters\Filters->run()
#8 /var/www/wappbuzz/vendor/codeigniter4/framework/system/CodeIgniter.php(361): CodeIgniter\CodeIgniter->handleRequest()
#9 /var/www/wappbuzz/index.php(34): CodeIgniter\CodeIgniter->run()
#10 {main}

Next CodeIgniter\Database\Exceptions\DatabaseException: Too many connections in /var/www/wappbuzz/vendor/codeigniter4/framework/system/Database/MySQLi/Connection.php:229
Stack trace:
#0 /var/www/wappbuzz/vendor/codeigniter4/framework/system/Database/BaseConnection.php(392): CodeIgniter\Database\MySQLi\Connection->connect()
#1 /var/www/wappbuzz/vendor/codeigniter4/framework/system/Database/BaseConnection.php(575): CodeIgniter\Database\BaseConnection->initialize()
#2 /var/www/wappbuzz/vendor/codeigniter4/framework/system/Database/BaseBuilder.php(1616): CodeIgniter\Database\BaseConnection->query()
#3 /var/www/wappbuzz/app/Helpers/Common_helper.php(1444): CodeIgniter\Database\BaseBuilder->get()
#4 /var/www/wappbuzz/app/Filters/MainFilter.php(57): db_get()
#5 /var/www/wappbuzz/vendor/codeigniter4/framework/system/Filters/Filters.php(184): App\Filters\MainFilter->before()
#6 /var/www/wappbuzz/vendor/codeigniter4/framework/system/CodeIgniter.php(475): CodeIgniter\Filters\Filters->run()
#7 /var/www/wappbuzz/vendor/codeigniter4/framework/system/CodeIgniter.php(361): CodeIgniter\CodeIgniter->handleRequest()
#8 /var/www/wappbuzz/index.php(34): CodeIgniter\CodeIgniter->run()
#9 {main}
CRITICAL - 2026-05-19 05:29:55 --> CodeIgniter\Database\Exceptions\DatabaseException: Unable to connect to the database.
Main connection [MySQLi]: Too many connections
in SYSTEMPATH/Database/BaseConnection.php on line 428.
 1 SYSTEMPATH/Database/BaseConnection.php(575): CodeIgniter\Database\BaseConnection->initialize()
 2 SYSTEMPATH/Database/BaseBuilder.php(1616): CodeIgniter\Database\BaseConnection->query()
 3 APPPATH/Helpers/Common_helper.php(1444): CodeIgniter\Database\BaseBuilder->get()
 4 APPPATH/Filters/MainFilter.php(57): db_get()
 5 SYSTEMPATH/Filters/Filters.php(184): App\Filters\MainFilter->before()
 6 SYSTEMPATH/CodeIgniter.php(475): CodeIgniter\Filters\Filters->run()
 7 SYSTEMPATH/CodeIgniter.php(361): CodeIgniter\CodeIgniter->handleRequest()
 8 FCPATH/index.php(34): CodeIgniter\CodeIgniter->run()
ERROR - 2026-05-19 05:45:38 --> Error connecting to the database: mysqli_sql_exception: Too many connections in /var/www/wappbuzz/vendor/codeigniter4/framework/system/Database/MySQLi/Connection.php:185
Stack trace:
#0 /var/www/wappbuzz/vendor/codeigniter4/framework/system/Database/MySQLi/Connection.php(185): mysqli->real_connect()
#1 /var/www/wappbuzz/vendor/codeigniter4/framework/system/Database/BaseConnection.php(392): CodeIgniter\Database\MySQLi\Connection->connect()
#2 /var/www/wappbuzz/vendor/codeigniter4/framework/system/Database/BaseConnection.php(575): CodeIgniter\Database\BaseConnection->initialize()
#3 /var/www/wappbuzz/vendor/codeigniter4/framework/system/Database/BaseBuilder.php(1616): CodeIgniter\Database\BaseConnection->query()
#4 /var/www/wappbuzz/app/Helpers/Common_helper.php(1444): CodeIgniter\Database\BaseBuilder->get()
#5 /var/www/wappbuzz/app/Filters/MainFilter.php(57): db_get()
#6 /var/www/wappbuzz/vendor/codeigniter4/framework/system/Filters/Filters.php(184): App\Filters\MainFilter->before()
#7 /var/www/wappbuzz/vendor/codeigniter4/framework/system/CodeIgniter.php(475): CodeIgniter\Filters\Filters->run()
#8 /var/www/wappbuzz/vendor/codeigniter4/framework/system/CodeIgniter.php(361): CodeIgniter\CodeIgniter->handleRequest()
#9 /var/www/wappbuzz/index.php(34): CodeIgniter\CodeIgniter->run()
#10 {main}

Next CodeIgniter\Database\Exceptions\DatabaseException: Too many connections in /var/www/wappbuzz/vendor/codeigniter4/framework/system/Database/MySQLi/Connection.php:229
Stack trace:
#0 /var/www/wappbuzz/vendor/codeigniter4/framework/system/Database/BaseConnection.php(392): CodeIgniter\Database\MySQLi\Connection->connect()
#1 /var/www/wappbuzz/vendor/codeigniter4/framework/system/Database/BaseConnection.php(575): CodeIgniter\Database\BaseConnection->initialize()
#2 /var/www/wappbuzz/vendor/codeigniter4/framework/system/Database/BaseBuilder.php(1616): CodeIgniter\Database\BaseConnection->query()
#3 /var/www/wappbuzz/app/Helpers/Common_helper.php(1444): CodeIgniter\Database\BaseBuilder->get()
#4 /var/www/wappbuzz/app/Filters/MainFilter.php(57): db_get()
#5 /var/www/wappbuzz/vendor/codeigniter4/framework/system/Filters/Filters.php(184): App\Filters\MainFilter->before()
#6 /var/www/wappbuzz/vendor/codeigniter4/framework/system/CodeIgniter.php(475): CodeIgniter\Filters\Filters->run()
#7 /var/www/wappbuzz/vendor/codeigniter4/framework/system/CodeIgniter.php(361): CodeIgniter\CodeIgniter->handleRequest()
#8 /var/www/wappbuzz/index.php(34): CodeIgniter\CodeIgniter->run()
#9 {main}
CRITICAL - 2026-05-19 05:45:38 --> CodeIgniter\Database\Exceptions\DatabaseException: Unable to connect to the database.
Main connection [MySQLi]: Too many connections
in SYSTEMPATH/Database/BaseConnection.php on line 428.
 1 SYSTEMPATH/Database/BaseConnection.php(575): CodeIgniter\Database\BaseConnection->initialize()
 2 SYSTEMPATH/Database/BaseBuilder.php(1616): CodeIgniter\Database\BaseConnection->query()
 3 APPPATH/Helpers/Common_helper.php(1444): CodeIgniter\Database\BaseBuilder->get()
 4 APPPATH/Filters/MainFilter.php(57): db_get()
 5 SYSTEMPATH/Filters/Filters.php(184): App\Filters\MainFilter->before()
 6 SYSTEMPATH/CodeIgniter.php(475): CodeIgniter\Filters\Filters->run()
 7 SYSTEMPATH/CodeIgniter.php(361): CodeIgniter\CodeIgniter->handleRequest()
 8 FCPATH/index.php(34): CodeIgniter\CodeIgniter->run()
ERROR - 2026-05-19 05:46:19 --> Error connecting to the database: mysqli_sql_exception: Too many connections in /var/www/wappbuzz/vendor/codeigniter4/framework/system/Database/MySQLi/Connection.php:185
Stack trace:
#0 /var/www/wappbuzz/vendor/codeigniter4/framework/system/Database/MySQLi/Connection.php(185): mysqli->real_connect()
#1 /var/www/wappbuzz/vendor/codeigniter4/framework/system/Database/BaseConnection.php(392): CodeIgniter\Database\MySQLi\Connection->connect()
#2 /var/www/wappbuzz/vendor/codeigniter4/framework/system/Database/BaseConnection.php(575): CodeIgniter\Database\BaseConnection->initialize()
#3 /var/www/wappbuzz/vendor/codeigniter4/framework/system/Database/BaseBuilder.php(1616): CodeIgniter\Database\BaseConnection->query()
#4 /var/www/wappbuzz/app/Helpers/Common_helper.php(1444): CodeIgniter\Database\BaseBuilder->get()
#5 /var/www/wappbuzz/app/Filters/MainFilter.php(57): db_get()
#6 /var/www/wappbuzz/vendor/codeigniter4/framework/system/Filters/Filters.php(184): App\Filters\MainFilter->before()
#7 /var/www/wappbuzz/vendor/codeigniter4/framework/system/CodeIgniter.php(475): CodeIgniter\Filters\Filters->run()
#8 /var/www/wappbuzz/vendor/codeigniter4/framework/system/CodeIgniter.php(361): CodeIgniter\CodeIgniter->handleRequest()
#9 /var/www/wappbuzz/index.php(34): CodeIgniter\CodeIgniter->run()
#10 {main}

Next CodeIgniter\Database\Exceptions\DatabaseException: Too many connections in /var/www/wappbuzz/vendor/codeigniter4/framework/system/Database/MySQLi/Connection.php:229
Stack trace:
#0 /var/www/wappbuzz/vendor/codeigniter4/framework/system/Database/BaseConnection.php(392): CodeIgniter\Database\MySQLi\Connection->connect()
#1 /var/www/wappbuzz/vendor/codeigniter4/framework/system/Database/BaseConnection.php(575): CodeIgniter\Database\BaseConnection->initialize()
#2 /var/www/wappbuzz/vendor/codeigniter4/framework/system/Database/BaseBuilder.php(1616): CodeIgniter\Database\BaseConnection->query()
#3 /var/www/wappbuzz/app/Helpers/Common_helper.php(1444): CodeIgniter\Database\BaseBuilder->get()
#4 /var/www/wappbuzz/app/Filters/MainFilter.php(57): db_get()
#5 /var/www/wappbuzz/vendor/codeigniter4/framework/system/Filters/Filters.php(184): App\Filters\MainFilter->before()
#6 /var/www/wappbuzz/vendor/codeigniter4/framework/system/CodeIgniter.php(475): CodeIgniter\Filters\Filters->run()
#7 /var/www/wappbuzz/vendor/codeigniter4/framework/system/CodeIgniter.php(361): CodeIgniter\CodeIgniter->handleRequest()
#8 /var/www/wappbuzz/index.php(34): CodeIgniter\CodeIgniter->run()
#9 {main}
CRITICAL - 2026-05-19 05:46:19 --> CodeIgniter\Database\Exceptions\DatabaseException: Unable to connect to the database.
Main connection [MySQLi]: Too many connections
in SYSTEMPATH/Database/BaseConnection.php on line 428.
 1 SYSTEMPATH/Database/BaseConnection.php(575): CodeIgniter\Database\BaseConnection->initialize()
 2 SYSTEMPATH/Database/BaseBuilder.php(1616): CodeIgniter\Database\BaseConnection->query()
 3 APPPATH/Helpers/Common_helper.php(1444): CodeIgniter\Database\BaseBuilder->get()
 4 APPPATH/Filters/MainFilter.php(57): db_get()
 5 SYSTEMPATH/Filters/Filters.php(184): App\Filters\MainFilter->before()
 6 SYSTEMPATH/CodeIgniter.php(475): CodeIgniter\Filters\Filters->run()
 7 SYSTEMPATH/CodeIgniter.php(361): CodeIgniter\CodeIgniter->handleRequest()
 8 FCPATH/index.php(34): CodeIgniter\CodeIgniter->run()
ERROR - 2026-05-19 06:25:16 --> Error connecting to the database: mysqli_sql_exception: Too many connections in /var/www/wappbuzz/vendor/codeigniter4/framework/system/Database/MySQLi/Connection.php:185
Stack trace:
#0 /var/www/wappbuzz/vendor/codeigniter4/framework/system/Database/MySQLi/Connection.php(185): mysqli->real_connect()
#1 /var/www/wappbuzz/vendor/codeigniter4/framework/system/Database/BaseConnection.php(392): CodeIgniter\Database\MySQLi\Connection->connect()
#2 /var/www/wappbuzz/vendor/codeigniter4/framework/system/Database/BaseConnection.php(575): CodeIgniter\Database\BaseConnection->initialize()
#3 /var/www/wappbuzz/vendor/codeigniter4/framework/system/Database/BaseBuilder.php(1616): CodeIgniter\Database\BaseConnection->query()
#4 /var/www/wappbuzz/app/Helpers/Common_helper.php(1444): CodeIgniter\Database\BaseBuilder->get()
#5 /var/www/wappbuzz/app/Filters/MainFilter.php(57): db_get()
#6 /var/www/wappbuzz/vendor/codeigniter4/framework/system/Filters/Filters.php(184): App\Filters\MainFilter->before()
#7 /var/www/wappbuzz/vendor/codeigniter4/framework/system/CodeIgniter.php(475): CodeIgniter\Filters\Filters->run()
#8 /var/www/wappbuzz/vendor/codeigniter4/framework/system/CodeIgniter.php(361): CodeIgniter\CodeIgniter->handleRequest()
#9 /var/www/wappbuzz/index.php(34): CodeIgniter\CodeIgniter->run()
#10 {main}

Next CodeIgniter\Database\Exceptions\DatabaseException: Too many connections in /var/www/wappbuzz/vendor/codeigniter4/framework/system/Database/MySQLi/Connection.php:229
Stack trace:
#0 /var/www/wappbuzz/vendor/codeigniter4/framework/system/Database/BaseConnection.php(392): CodeIgniter\Database\MySQLi\Connection->connect()
#1 /var/www/wappbuzz/vendor/codeigniter4/framework/system/Database/BaseConnection.php(575): CodeIgniter\Database\BaseConnection->initialize()
#2 /var/www/wappbuzz/vendor/codeigniter4/framework/system/Database/BaseBuilder.php(1616): CodeIgniter\Database\BaseConnection->query()
#3 /var/www/wappbuzz/app/Helpers/Common_helper.php(1444): CodeIgniter\Database\BaseBuilder->get()
#4 /var/www/wappbuzz/app/Filters/MainFilter.php(57): db_get()
#5 /var/www/wappbuzz/vendor/codeigniter4/framework/system/Filters/Filters.php(184): App\Filters\MainFilter->before()
#6 /var/www/wappbuzz/vendor/codeigniter4/framework/system/CodeIgniter.php(475): CodeIgniter\Filters\Filters->run()
#7 /var/www/wappbuzz/vendor/codeigniter4/framework/system/CodeIgniter.php(361): CodeIgniter\CodeIgniter->handleRequest()
#8 /var/www/wappbuzz/index.php(34): CodeIgniter\CodeIgniter->run()
#9 {main}
CRITICAL - 2026-05-19 06:25:16 --> CodeIgniter\Database\Exceptions\DatabaseException: Unable to connect to the database.
Main connection [MySQLi]: Too many connections
in SYSTEMPATH/Database/BaseConnection.php on line 428.
 1 SYSTEMPATH/Database/BaseConnection.php(575): CodeIgniter\Database\BaseConnection->initialize()
 2 SYSTEMPATH/Database/BaseBuilder.php(1616): CodeIgniter\Database\BaseConnection->query()
 3 APPPATH/Helpers/Common_helper.php(1444): CodeIgniter\Database\BaseBuilder->get()
 4 APPPATH/Filters/MainFilter.php(57): db_get()
 5 SYSTEMPATH/Filters/Filters.php(184): App\Filters\MainFilter->before()
 6 SYSTEMPATH/CodeIgniter.php(475): CodeIgniter\Filters\Filters->run()
 7 SYSTEMPATH/CodeIgniter.php(361): CodeIgniter\CodeIgniter->handleRequest()
 8 FCPATH/index.php(34): CodeIgniter\CodeIgniter->run()
ERROR - 2026-05-19 06:26:58 --> Error connecting to the database: mysqli_sql_exception: Too many connections in /var/www/wappbuzz/vendor/codeigniter4/framework/system/Database/MySQLi/Connection.php:185
Stack trace:
#0 /var/www/wappbuzz/vendor/codeigniter4/framework/system/Database/MySQLi/Connection.php(185): mysqli->real_connect()
#1 /var/www/wappbuzz/vendor/codeigniter4/framework/system/Database/BaseConnection.php(392): CodeIgniter\Database\MySQLi\Connection->connect()
#2 /var/www/wappbuzz/vendor/codeigniter4/framework/system/Database/BaseConnection.php(575): CodeIgniter\Database\BaseConnection->initialize()
#3 /var/www/wappbuzz/vendor/codeigniter4/framework/system/Database/BaseBuilder.php(1616): CodeIgniter\Database\BaseConnection->query()
#4 /var/www/wappbuzz/app/Helpers/Common_helper.php(1444): CodeIgniter\Database\BaseBuilder->get()
#5 /var/www/wappbuzz/app/Filters/MainFilter.php(57): db_get()
#6 /var/www/wappbuzz/vendor/codeigniter4/framework/system/Filters/Filters.php(184): App\Filters\MainFilter->before()
#7 /var/www/wappbuzz/vendor/codeigniter4/framework/system/CodeIgniter.php(475): CodeIgniter\Filters\Filters->run()
#8 /var/www/wappbuzz/vendor/codeigniter4/framework/system/CodeIgniter.php(361): CodeIgniter\CodeIgniter->handleRequest()
#9 /var/www/wappbuzz/index.php(34): CodeIgniter\CodeIgniter->run()
#10 {main}

Next CodeIgniter\Database\Exceptions\DatabaseException: Too many connections in /var/www/wappbuzz/vendor/codeigniter4/framework/system/Database/MySQLi/Connection.php:229
Stack trace:
#0 /var/www/wappbuzz/vendor/codeigniter4/framework/system/Database/BaseConnection.php(392): CodeIgniter\Database\MySQLi\Connection->connect()
#1 /var/www/wappbuzz/vendor/codeigniter4/framework/system/Database/BaseConnection.php(575): CodeIgniter\Database\BaseConnection->initialize()
#2 /var/www/wappbuzz/vendor/codeigniter4/framework/system/Database/BaseBuilder.php(1616): CodeIgniter\Database\BaseConnection->query()
#3 /var/www/wappbuzz/app/Helpers/Common_helper.php(1444): CodeIgniter\Database\BaseBuilder->get()
#4 /var/www/wappbuzz/app/Filters/MainFilter.php(57): db_get()
#5 /var/www/wappbuzz/vendor/codeigniter4/framework/system/Filters/Filters.php(184): App\Filters\MainFilter->before()
#6 /var/www/wappbuzz/vendor/codeigniter4/framework/system/CodeIgniter.php(475): CodeIgniter\Filters\Filters->run()
#7 /var/www/wappbuzz/vendor/codeigniter4/framework/system/CodeIgniter.php(361): CodeIgniter\CodeIgniter->handleRequest()
#8 /var/www/wappbuzz/index.php(34): CodeIgniter\CodeIgniter->run()
#9 {main}
CRITICAL - 2026-05-19 06:26:58 --> CodeIgniter\Database\Exceptions\DatabaseException: Unable to connect to the database.
Main connection [MySQLi]: Too many connections
in SYSTEMPATH/Database/BaseConnection.php on line 428.
 1 SYSTEMPATH/Database/BaseConnection.php(575): CodeIgniter\Database\BaseConnection->initialize()
 2 SYSTEMPATH/Database/BaseBuilder.php(1616): CodeIgniter\Database\BaseConnection->query()
 3 APPPATH/Helpers/Common_helper.php(1444): CodeIgniter\Database\BaseBuilder->get()
 4 APPPATH/Filters/MainFilter.php(57): db_get()
 5 SYSTEMPATH/Filters/Filters.php(184): App\Filters\MainFilter->before()
 6 SYSTEMPATH/CodeIgniter.php(475): CodeIgniter\Filters\Filters->run()
 7 SYSTEMPATH/CodeIgniter.php(361): CodeIgniter\CodeIgniter->handleRequest()
 8 FCPATH/index.php(34): CodeIgniter\CodeIgniter->run()
ERROR - 2026-05-19 06:34:28 --> Error connecting to the database: mysqli_sql_exception: Too many connections in /var/www/wappbuzz/vendor/codeigniter4/framework/system/Database/MySQLi/Connection.php:185
Stack trace:
#0 /var/www/wappbuzz/vendor/codeigniter4/framework/system/Database/MySQLi/Connection.php(185): mysqli->real_connect()
#1 /var/www/wappbuzz/vendor/codeigniter4/framework/system/Database/BaseConnection.php(392): CodeIgniter\Database\MySQLi\Connection->connect()
#2 /var/www/wappbuzz/vendor/codeigniter4/framework/system/Database/BaseConnection.php(575): CodeIgniter\Database\BaseConnection->initialize()
#3 /var/www/wappbuzz/vendor/codeigniter4/framework/system/Database/BaseBuilder.php(1616): CodeIgniter\Database\BaseConnection->query()
#4 /var/www/wappbuzz/app/Helpers/Common_helper.php(1444): CodeIgniter\Database\BaseBuilder->get()
#5 /var/www/wappbuzz/app/Filters/MainFilter.php(57): db_get()
#6 /var/www/wappbuzz/vendor/codeigniter4/framework/system/Filters/Filters.php(184): App\Filters\MainFilter->before()
#7 /var/www/wappbuzz/vendor/codeigniter4/framework/system/CodeIgniter.php(475): CodeIgniter\Filters\Filters->run()
#8 /var/www/wappbuzz/vendor/codeigniter4/framework/system/CodeIgniter.php(361): CodeIgniter\CodeIgniter->handleRequest()
#9 /var/www/wappbuzz/index.php(34): CodeIgniter\CodeIgniter->run()
#10 {main}

Next CodeIgniter\Database\Exceptions\DatabaseException: Too many connections in /var/www/wappbuzz/vendor/codeigniter4/framework/system/Database/MySQLi/Connection.php:229
Stack trace:
#0 /var/www/wappbuzz/vendor/codeigniter4/framework/system/Database/BaseConnection.php(392): CodeIgniter\Database\MySQLi\Connection->connect()
#1 /var/www/wappbuzz/vendor/codeigniter4/framework/system/Database/BaseConnection.php(575): CodeIgniter\Database\BaseConnection->initialize()
#2 /var/www/wappbuzz/vendor/codeigniter4/framework/system/Database/BaseBuilder.php(1616): CodeIgniter\Database\BaseConnection->query()
#3 /var/www/wappbuzz/app/Helpers/Common_helper.php(1444): CodeIgniter\Database\BaseBuilder->get()
#4 /var/www/wappbuzz/app/Filters/MainFilter.php(57): db_get()
#5 /var/www/wappbuzz/vendor/codeigniter4/framework/system/Filters/Filters.php(184): App\Filters\MainFilter->before()
#6 /var/www/wappbuzz/vendor/codeigniter4/framework/system/CodeIgniter.php(475): CodeIgniter\Filters\Filters->run()
#7 /var/www/wappbuzz/vendor/codeigniter4/framework/system/CodeIgniter.php(361): CodeIgniter\CodeIgniter->handleRequest()
#8 /var/www/wappbuzz/index.php(34): CodeIgniter\CodeIgniter->run()
#9 {main}
CRITICAL - 2026-05-19 06:34:28 --> CodeIgniter\Database\Exceptions\DatabaseException: Unable to connect to the database.
Main connection [MySQLi]: Too many connections
in SYSTEMPATH/Database/BaseConnection.php on line 428.
 1 SYSTEMPATH/Database/BaseConnection.php(575): CodeIgniter\Database\BaseConnection->initialize()
 2 SYSTEMPATH/Database/BaseBuilder.php(1616): CodeIgniter\Database\BaseConnection->query()
 3 APPPATH/Helpers/Common_helper.php(1444): CodeIgniter\Database\BaseBuilder->get()
 4 APPPATH/Filters/MainFilter.php(57): db_get()
 5 SYSTEMPATH/Filters/Filters.php(184): App\Filters\MainFilter->before()
 6 SYSTEMPATH/CodeIgniter.php(475): CodeIgniter\Filters\Filters->run()
 7 SYSTEMPATH/CodeIgniter.php(361): CodeIgniter\CodeIgniter->handleRequest()
 8 FCPATH/index.php(34): CodeIgniter\CodeIgniter->run()
ERROR - 2026-05-19 06:38:20 --> Error connecting to the database: mysqli_sql_exception: Too many connections in /var/www/wappbuzz/vendor/codeigniter4/framework/system/Database/MySQLi/Connection.php:185
Stack trace:
#0 /var/www/wappbuzz/vendor/codeigniter4/framework/system/Database/MySQLi/Connection.php(185): mysqli->real_connect()
#1 /var/www/wappbuzz/vendor/codeigniter4/framework/system/Database/BaseConnection.php(392): CodeIgniter\Database\MySQLi\Connection->connect()
#2 /var/www/wappbuzz/vendor/codeigniter4/framework/system/Database/BaseConnection.php(575): CodeIgniter\Database\BaseConnection->initialize()
#3 /var/www/wappbuzz/vendor/codeigniter4/framework/system/Database/BaseBuilder.php(1616): CodeIgniter\Database\BaseConnection->query()
#4 /var/www/wappbuzz/app/Helpers/Common_helper.php(1444): CodeIgniter\Database\BaseBuilder->get()
#5 /var/www/wappbuzz/app/Helpers/Common_helper.php(1348): db_get()
#6 /var/www/wappbuzz/app/Helpers/Common_helper.php(1793): get_option()
#7 /var/www/wappbuzz/inc/core/Home/Controllers/Home.php(7): parse_config()
#8 /var/www/wappbuzz/vendor/codeigniter4/framework/system/CodeIgniter.php(915): Core\Home\Controllers\Home->__construct()
#9 /var/www/wappbuzz/vendor/codeigniter4/framework/system/CodeIgniter.php(971): CodeIgniter\CodeIgniter->createController()
#10 /var/www/wappbuzz/vendor/codeigniter4/framework/system/CodeIgniter.php(370): CodeIgniter\CodeIgniter->display404errors()
#11 /var/www/wappbuzz/index.php(34): CodeIgniter\CodeIgniter->run()
#12 {main}

Next CodeIgniter\Database\Exceptions\DatabaseException: Too many connections in /var/www/wappbuzz/vendor/codeigniter4/framework/system/Database/MySQLi/Connection.php:229
Stack trace:
#0 /var/www/wappbuzz/vendor/codeigniter4/framework/system/Database/BaseConnection.php(392): CodeIgniter\Database\MySQLi\Connection->connect()
#1 /var/www/wappbuzz/vendor/codeigniter4/framework/system/Database/BaseConnection.php(575): CodeIgniter\Database\BaseConnection->initialize()
#2 /var/www/wappbuzz/vendor/codeigniter4/framework/system/Database/BaseBuilder.php(1616): CodeIgniter\Database\BaseConnection->query()
#3 /var/www/wappbuzz/app/Helpers/Common_helper.php(1444): CodeIgniter\Database\BaseBuilder->get()
#4 /var/www/wappbuzz/app/Helpers/Common_helper.php(1348): db_get()
#5 /var/www/wappbuzz/app/Helpers/Common_helper.php(1793): get_option()
#6 /var/www/wappbuzz/inc/core/Home/Controllers/Home.php(7): parse_config()
#7 /var/www/wappbuzz/vendor/codeigniter4/framework/system/CodeIgniter.php(915): Core\Home\Controllers\Home->__construct()
#8 /var/www/wappbuzz/vendor/codeigniter4/framework/system/CodeIgniter.php(971): CodeIgniter\CodeIgniter->createController()
#9 /var/www/wappbuzz/vendor/codeigniter4/framework/system/CodeIgniter.php(370): CodeIgniter\CodeIgniter->display404errors()
#10 /var/www/wappbuzz/index.php(34): CodeIgniter\CodeIgniter->run()
#11 {main}
CRITICAL - 2026-05-19 06:38:20 --> CodeIgniter\Database\Exceptions\DatabaseException: Unable to connect to the database.
Main connection [MySQLi]: Too many connections
in SYSTEMPATH/Database/BaseConnection.php on line 428.
 1 SYSTEMPATH/Database/BaseConnection.php(575): CodeIgniter\Database\BaseConnection->initialize()
 2 SYSTEMPATH/Database/BaseBuilder.php(1616): CodeIgniter\Database\BaseConnection->query()
 3 APPPATH/Helpers/Common_helper.php(1444): CodeIgniter\Database\BaseBuilder->get()
 4 APPPATH/Helpers/Common_helper.php(1348): db_get()
 5 APPPATH/Helpers/Common_helper.php(1793): get_option()
 6 FCPATH/inc/core/Home/Controllers/Home.php(7): parse_config()
 7 SYSTEMPATH/CodeIgniter.php(915): Core\Home\Controllers\Home->__construct()
 8 SYSTEMPATH/CodeIgniter.php(971): CodeIgniter\CodeIgniter->createController()
 9 SYSTEMPATH/CodeIgniter.php(370): CodeIgniter\CodeIgniter->display404errors()
10 FCPATH/index.php(34): CodeIgniter\CodeIgniter->run()
ERROR - 2026-05-19 06:58:01 --> Error connecting to the database: mysqli_sql_exception: Too many connections in /var/www/wappbuzz/vendor/codeigniter4/framework/system/Database/MySQLi/Connection.php:185
Stack trace:
#0 /var/www/wappbuzz/vendor/codeigniter4/framework/system/Database/MySQLi/Connection.php(185): mysqli->real_connect()
#1 /var/www/wappbuzz/vendor/codeigniter4/framework/system/Database/BaseConnection.php(392): CodeIgniter\Database\MySQLi\Connection->connect()
#2 /var/www/wappbuzz/vendor/codeigniter4/framework/system/Database/BaseConnection.php(575): CodeIgniter\Database\BaseConnection->initialize()
#3 /var/www/wappbuzz/vendor/codeigniter4/framework/system/Database/BaseBuilder.php(1616): CodeIgniter\Database\BaseConnection->query()
#4 /var/www/wappbuzz/app/Helpers/Common_helper.php(1444): CodeIgniter\Database\BaseBuilder->get()
#5 /var/www/wappbuzz/app/Filters/MainFilter.php(57): db_get()
#6 /var/www/wappbuzz/vendor/codeigniter4/framework/system/Filters/Filters.php(184): App\Filters\MainFilter->before()
#7 /var/www/wappbuzz/vendor/codeigniter4/framework/system/CodeIgniter.php(475): CodeIgniter\Filters\Filters->run()
#8 /var/www/wappbuzz/vendor/codeigniter4/framework/system/CodeIgniter.php(361): CodeIgniter\CodeIgniter->handleRequest()
#9 /var/www/wappbuzz/index.php(34): CodeIgniter\CodeIgniter->run()
#10 {main}

Next CodeIgniter\Database\Exceptions\DatabaseException: Too many connections in /var/www/wappbuzz/vendor/codeigniter4/framework/system/Database/MySQLi/Connection.php:229
Stack trace:
#0 /var/www/wappbuzz/vendor/codeigniter4/framework/system/Database/BaseConnection.php(392): CodeIgniter\Database\MySQLi\Connection->connect()
#1 /var/www/wappbuzz/vendor/codeigniter4/framework/system/Database/BaseConnection.php(575): CodeIgniter\Database\BaseConnection->initialize()
#2 /var/www/wappbuzz/vendor/codeigniter4/framework/system/Database/BaseBuilder.php(1616): CodeIgniter\Database\BaseConnection->query()
#3 /var/www/wappbuzz/app/Helpers/Common_helper.php(1444): CodeIgniter\Database\BaseBuilder->get()
#4 /var/www/wappbuzz/app/Filters/MainFilter.php(57): db_get()
#5 /var/www/wappbuzz/vendor/codeigniter4/framework/system/Filters/Filters.php(184): App\Filters\MainFilter->before()
#6 /var/www/wappbuzz/vendor/codeigniter4/framework/system/CodeIgniter.php(475): CodeIgniter\Filters\Filters->run()
#7 /var/www/wappbuzz/vendor/codeigniter4/framework/system/CodeIgniter.php(361): CodeIgniter\CodeIgniter->handleRequest()
#8 /var/www/wappbuzz/index.php(34): CodeIgniter\CodeIgniter->run()
#9 {main}
CRITICAL - 2026-05-19 06:58:01 --> CodeIgniter\Database\Exceptions\DatabaseException: Unable to connect to the database.
Main connection [MySQLi]: Too many connections
in SYSTEMPATH/Database/BaseConnection.php on line 428.
 1 SYSTEMPATH/Database/BaseConnection.php(575): CodeIgniter\Database\BaseConnection->initialize()
 2 SYSTEMPATH/Database/BaseBuilder.php(1616): CodeIgniter\Database\BaseConnection->query()
 3 APPPATH/Helpers/Common_helper.php(1444): CodeIgniter\Database\BaseBuilder->get()
 4 APPPATH/Filters/MainFilter.php(57): db_get()
 5 SYSTEMPATH/Filters/Filters.php(184): App\Filters\MainFilter->before()
 6 SYSTEMPATH/CodeIgniter.php(475): CodeIgniter\Filters\Filters->run()
 7 SYSTEMPATH/CodeIgniter.php(361): CodeIgniter\CodeIgniter->handleRequest()
 8 FCPATH/index.php(34): CodeIgniter\CodeIgniter->run()
ERROR - 2026-05-19 07:31:52 --> Error connecting to the database: mysqli_sql_exception: Too many connections in /var/www/wappbuzz/vendor/codeigniter4/framework/system/Database/MySQLi/Connection.php:185
Stack trace:
#0 /var/www/wappbuzz/vendor/codeigniter4/framework/system/Database/MySQLi/Connection.php(185): mysqli->real_connect()
#1 /var/www/wappbuzz/vendor/codeigniter4/framework/system/Database/BaseConnection.php(392): CodeIgniter\Database\MySQLi\Connection->connect()
#2 /var/www/wappbuzz/vendor/codeigniter4/framework/system/Database/BaseConnection.php(575): CodeIgniter\Database\BaseConnection->initialize()
#3 /var/www/wappbuzz/vendor/codeigniter4/framework/system/Database/BaseBuilder.php(1616): CodeIgniter\Database\BaseConnection->query()
#4 /var/www/wappbuzz/app/Helpers/Common_helper.php(1444): CodeIgniter\Database\BaseBuilder->get()
#5 /var/www/wappbuzz/app/Filters/MainFilter.php(57): db_get()
#6 /var/www/wappbuzz/vendor/codeigniter4/framework/system/Filters/Filters.php(184): App\Filters\MainFilter->before()
#7 /var/www/wappbuzz/vendor/codeigniter4/framework/system/CodeIgniter.php(475): CodeIgniter\Filters\Filters->run()
#8 /var/www/wappbuzz/vendor/codeigniter4/framework/system/CodeIgniter.php(361): CodeIgniter\CodeIgniter->handleRequest()
#9 /var/www/wappbuzz/index.php(34): CodeIgniter\CodeIgniter->run()
#10 {main}

Next CodeIgniter\Database\Exceptions\DatabaseException: Too many connections in /var/www/wappbuzz/vendor/codeigniter4/framework/system/Database/MySQLi/Connection.php:229
Stack trace:
#0 /var/www/wappbuzz/vendor/codeigniter4/framework/system/Database/BaseConnection.php(392): CodeIgniter\Database\MySQLi\Connection->connect()
#1 /var/www/wappbuzz/vendor/codeigniter4/framework/system/Database/BaseConnection.php(575): CodeIgniter\Database\BaseConnection->initialize()
#2 /var/www/wappbuzz/vendor/codeigniter4/framework/system/Database/BaseBuilder.php(1616): CodeIgniter\Database\BaseConnection->query()
#3 /var/www/wappbuzz/app/Helpers/Common_helper.php(1444): CodeIgniter\Database\BaseBuilder->get()
#4 /var/www/wappbuzz/app/Filters/MainFilter.php(57): db_get()
#5 /var/www/wappbuzz/vendor/codeigniter4/framework/system/Filters/Filters.php(184): App\Filters\MainFilter->before()
#6 /var/www/wappbuzz/vendor/codeigniter4/framework/system/CodeIgniter.php(475): CodeIgniter\Filters\Filters->run()
#7 /var/www/wappbuzz/vendor/codeigniter4/framework/system/CodeIgniter.php(361): CodeIgniter\CodeIgniter->handleRequest()
#8 /var/www/wappbuzz/index.php(34): CodeIgniter\CodeIgniter->run()
#9 {main}
CRITICAL - 2026-05-19 07:31:52 --> CodeIgniter\Database\Exceptions\DatabaseException: Unable to connect to the database.
Main connection [MySQLi]: Too many connections
in SYSTEMPATH/Database/BaseConnection.php on line 428.
 1 SYSTEMPATH/Database/BaseConnection.php(575): CodeIgniter\Database\BaseConnection->initialize()
 2 SYSTEMPATH/Database/BaseBuilder.php(1616): CodeIgniter\Database\BaseConnection->query()
 3 APPPATH/Helpers/Common_helper.php(1444): CodeIgniter\Database\BaseBuilder->get()
 4 APPPATH/Filters/MainFilter.php(57): db_get()
 5 SYSTEMPATH/Filters/Filters.php(184): App\Filters\MainFilter->before()
 6 SYSTEMPATH/CodeIgniter.php(475): CodeIgniter\Filters\Filters->run()
 7 SYSTEMPATH/CodeIgniter.php(361): CodeIgniter\CodeIgniter->handleRequest()
 8 FCPATH/index.php(34): CodeIgniter\CodeIgniter->run()
ERROR - 2026-05-19 07:36:41 --> Error connecting to the database: mysqli_sql_exception: Too many connections in /var/www/wappbuzz/vendor/codeigniter4/framework/system/Database/MySQLi/Connection.php:185
Stack trace:
#0 /var/www/wappbuzz/vendor/codeigniter4/framework/system/Database/MySQLi/Connection.php(185): mysqli->real_connect()
#1 /var/www/wappbuzz/vendor/codeigniter4/framework/system/Database/BaseConnection.php(392): CodeIgniter\Database\MySQLi\Connection->connect()
#2 /var/www/wappbuzz/vendor/codeigniter4/framework/system/Database/BaseConnection.php(575): CodeIgniter\Database\BaseConnection->initialize()
#3 /var/www/wappbuzz/vendor/codeigniter4/framework/system/Database/BaseBuilder.php(1616): CodeIgniter\Database\BaseConnection->query()
#4 /var/www/wappbuzz/app/Helpers/Common_helper.php(1444): CodeIgniter\Database\BaseBuilder->get()
#5 /var/www/wappbuzz/app/Filters/MainFilter.php(57): db_get()
#6 /var/www/wappbuzz/vendor/codeigniter4/framework/system/Filters/Filters.php(184): App\Filters\MainFilter->before()
#7 /var/www/wappbuzz/vendor/codeigniter4/framework/system/CodeIgniter.php(475): CodeIgniter\Filters\Filters->run()
#8 /var/www/wappbuzz/vendor/codeigniter4/framework/system/CodeIgniter.php(361): CodeIgniter\CodeIgniter->handleRequest()
#9 /var/www/wappbuzz/index.php(34): CodeIgniter\CodeIgniter->run()
#10 {main}

Next CodeIgniter\Database\Exceptions\DatabaseException: Too many connections in /var/www/wappbuzz/vendor/codeigniter4/framework/system/Database/MySQLi/Connection.php:229
Stack trace:
#0 /var/www/wappbuzz/vendor/codeigniter4/framework/system/Database/BaseConnection.php(392): CodeIgniter\Database\MySQLi\Connection->connect()
#1 /var/www/wappbuzz/vendor/codeigniter4/framework/system/Database/BaseConnection.php(575): CodeIgniter\Database\BaseConnection->initialize()
#2 /var/www/wappbuzz/vendor/codeigniter4/framework/system/Database/BaseBuilder.php(1616): CodeIgniter\Database\BaseConnection->query()
#3 /var/www/wappbuzz/app/Helpers/Common_helper.php(1444): CodeIgniter\Database\BaseBuilder->get()
#4 /var/www/wappbuzz/app/Filters/MainFilter.php(57): db_get()
#5 /var/www/wappbuzz/vendor/codeigniter4/framework/system/Filters/Filters.php(184): App\Filters\MainFilter->before()
#6 /var/www/wappbuzz/vendor/codeigniter4/framework/system/CodeIgniter.php(475): CodeIgniter\Filters\Filters->run()
#7 /var/www/wappbuzz/vendor/codeigniter4/framework/system/CodeIgniter.php(361): CodeIgniter\CodeIgniter->handleRequest()
#8 /var/www/wappbuzz/index.php(34): CodeIgniter\CodeIgniter->run()
#9 {main}
CRITICAL - 2026-05-19 07:36:41 --> CodeIgniter\Database\Exceptions\DatabaseException: Unable to connect to the database.
Main connection [MySQLi]: Too many connections
in SYSTEMPATH/Database/BaseConnection.php on line 428.
 1 SYSTEMPATH/Database/BaseConnection.php(575): CodeIgniter\Database\BaseConnection->initialize()
 2 SYSTEMPATH/Database/BaseBuilder.php(1616): CodeIgniter\Database\BaseConnection->query()
 3 APPPATH/Helpers/Common_helper.php(1444): CodeIgniter\Database\BaseBuilder->get()
 4 APPPATH/Filters/MainFilter.php(57): db_get()
 5 SYSTEMPATH/Filters/Filters.php(184): App\Filters\MainFilter->before()
 6 SYSTEMPATH/CodeIgniter.php(475): CodeIgniter\Filters\Filters->run()
 7 SYSTEMPATH/CodeIgniter.php(361): CodeIgniter\CodeIgniter->handleRequest()
 8 FCPATH/index.php(34): CodeIgniter\CodeIgniter->run()
ERROR - 2026-05-19 07:43:26 --> Error connecting to the database: mysqli_sql_exception: Too many connections in /var/www/wappbuzz/vendor/codeigniter4/framework/system/Database/MySQLi/Connection.php:185
Stack trace:
#0 /var/www/wappbuzz/vendor/codeigniter4/framework/system/Database/MySQLi/Connection.php(185): mysqli->real_connect()
#1 /var/www/wappbuzz/vendor/codeigniter4/framework/system/Database/BaseConnection.php(392): CodeIgniter\Database\MySQLi\Connection->connect()
#2 /var/www/wappbuzz/vendor/codeigniter4/framework/system/Database/BaseConnection.php(575): CodeIgniter\Database\BaseConnection->initialize()
#3 /var/www/wappbuzz/vendor/codeigniter4/framework/system/Database/BaseBuilder.php(1616): CodeIgniter\Database\BaseConnection->query()
#4 /var/www/wappbuzz/app/Helpers/Common_helper.php(1444): CodeIgniter\Database\BaseBuilder->get()
#5 /var/www/wappbuzz/app/Helpers/Common_helper.php(1348): db_get()
#6 /var/www/wappbuzz/app/Helpers/Common_helper.php(1793): get_option()
#7 /var/www/wappbuzz/inc/core/Home/Controllers/Home.php(7): parse_config()
#8 /var/www/wappbuzz/vendor/codeigniter4/framework/system/CodeIgniter.php(915): Core\Home\Controllers\Home->__construct()
#9 /var/www/wappbuzz/vendor/codeigniter4/framework/system/CodeIgniter.php(971): CodeIgniter\CodeIgniter->createController()
#10 /var/www/wappbuzz/vendor/codeigniter4/framework/system/CodeIgniter.php(370): CodeIgniter\CodeIgniter->display404errors()
#11 /var/www/wappbuzz/index.php(34): CodeIgniter\CodeIgniter->run()
#12 {main}

Next CodeIgniter\Database\Exceptions\DatabaseException: Too many connections in /var/www/wappbuzz/vendor/codeigniter4/framework/system/Database/MySQLi/Connection.php:229
Stack trace:
#0 /var/www/wappbuzz/vendor/codeigniter4/framework/system/Database/BaseConnection.php(392): CodeIgniter\Database\MySQLi\Connection->connect()
#1 /var/www/wappbuzz/vendor/codeigniter4/framework/system/Database/BaseConnection.php(575): CodeIgniter\Database\BaseConnection->initialize()
#2 /var/www/wappbuzz/vendor/codeigniter4/framework/system/Database/BaseBuilder.php(1616): CodeIgniter\Database\BaseConnection->query()
#3 /var/www/wappbuzz/app/Helpers/Common_helper.php(1444): CodeIgniter\Database\BaseBuilder->get()
#4 /var/www/wappbuzz/app/Helpers/Common_helper.php(1348): db_get()
#5 /var/www/wappbuzz/app/Helpers/Common_helper.php(1793): get_option()
#6 /var/www/wappbuzz/inc/core/Home/Controllers/Home.php(7): parse_config()
#7 /var/www/wappbuzz/vendor/codeigniter4/framework/system/CodeIgniter.php(915): Core\Home\Controllers\Home->__construct()
#8 /var/www/wappbuzz/vendor/codeigniter4/framework/system/CodeIgniter.php(971): CodeIgniter\CodeIgniter->createController()
#9 /var/www/wappbuzz/vendor/codeigniter4/framework/system/CodeIgniter.php(370): CodeIgniter\CodeIgniter->display404errors()
#10 /var/www/wappbuzz/index.php(34): CodeIgniter\CodeIgniter->run()
#11 {main}
CRITICAL - 2026-05-19 07:43:26 --> CodeIgniter\Database\Exceptions\DatabaseException: Unable to connect to the database.
Main connection [MySQLi]: Too many connections
in SYSTEMPATH/Database/BaseConnection.php on line 428.
 1 SYSTEMPATH/Database/BaseConnection.php(575): CodeIgniter\Database\BaseConnection->initialize()
 2 SYSTEMPATH/Database/BaseBuilder.php(1616): CodeIgniter\Database\BaseConnection->query()
 3 APPPATH/Helpers/Common_helper.php(1444): CodeIgniter\Database\BaseBuilder->get()
 4 APPPATH/Helpers/Common_helper.php(1348): db_get()
 5 APPPATH/Helpers/Common_helper.php(1793): get_option()
 6 FCPATH/inc/core/Home/Controllers/Home.php(7): parse_config()
 7 SYSTEMPATH/CodeIgniter.php(915): Core\Home\Controllers\Home->__construct()
 8 SYSTEMPATH/CodeIgniter.php(971): CodeIgniter\CodeIgniter->createController()
 9 SYSTEMPATH/CodeIgniter.php(370): CodeIgniter\CodeIgniter->display404errors()
10 FCPATH/index.php(34): CodeIgniter\CodeIgniter->run()
ERROR - 2026-05-19 08:10:10 --> Error connecting to the database: mysqli_sql_exception: Too many connections in /var/www/wappbuzz/vendor/codeigniter4/framework/system/Database/MySQLi/Connection.php:185
Stack trace:
#0 /var/www/wappbuzz/vendor/codeigniter4/framework/system/Database/MySQLi/Connection.php(185): mysqli->real_connect()
#1 /var/www/wappbuzz/vendor/codeigniter4/framework/system/Database/BaseConnection.php(392): CodeIgniter\Database\MySQLi\Connection->connect()
#2 /var/www/wappbuzz/vendor/codeigniter4/framework/system/Database/BaseConnection.php(575): CodeIgniter\Database\BaseConnection->initialize()
#3 /var/www/wappbuzz/vendor/codeigniter4/framework/system/Database/BaseBuilder.php(1616): CodeIgniter\Database\BaseConnection->query()
#4 /var/www/wappbuzz/app/Helpers/Common_helper.php(1444): CodeIgniter\Database\BaseBuilder->get()
#5 /var/www/wappbuzz/app/Filters/MainFilter.php(57): db_get()
#6 /var/www/wappbuzz/vendor/codeigniter4/framework/system/Filters/Filters.php(184): App\Filters\MainFilter->before()
#7 /var/www/wappbuzz/vendor/codeigniter4/framework/system/CodeIgniter.php(475): CodeIgniter\Filters\Filters->run()
#8 /var/www/wappbuzz/vendor/codeigniter4/framework/system/CodeIgniter.php(361): CodeIgniter\CodeIgniter->handleRequest()
#9 /var/www/wappbuzz/index.php(34): CodeIgniter\CodeIgniter->run()
#10 {main}

Next CodeIgniter\Database\Exceptions\DatabaseException: Too many connections in /var/www/wappbuzz/vendor/codeigniter4/framework/system/Database/MySQLi/Connection.php:229
Stack trace:
#0 /var/www/wappbuzz/vendor/codeigniter4/framework/system/Database/BaseConnection.php(392): CodeIgniter\Database\MySQLi\Connection->connect()
#1 /var/www/wappbuzz/vendor/codeigniter4/framework/system/Database/BaseConnection.php(575): CodeIgniter\Database\BaseConnection->initialize()
#2 /var/www/wappbuzz/vendor/codeigniter4/framework/system/Database/BaseBuilder.php(1616): CodeIgniter\Database\BaseConnection->query()
#3 /var/www/wappbuzz/app/Helpers/Common_helper.php(1444): CodeIgniter\Database\BaseBuilder->get()
#4 /var/www/wappbuzz/app/Filters/MainFilter.php(57): db_get()
#5 /var/www/wappbuzz/vendor/codeigniter4/framework/system/Filters/Filters.php(184): App\Filters\MainFilter->before()
#6 /var/www/wappbuzz/vendor/codeigniter4/framework/system/CodeIgniter.php(475): CodeIgniter\Filters\Filters->run()
#7 /var/www/wappbuzz/vendor/codeigniter4/framework/system/CodeIgniter.php(361): CodeIgniter\CodeIgniter->handleRequest()
#8 /var/www/wappbuzz/index.php(34): CodeIgniter\CodeIgniter->run()
#9 {main}
CRITICAL - 2026-05-19 08:10:10 --> CodeIgniter\Database\Exceptions\DatabaseException: Unable to connect to the database.
Main connection [MySQLi]: Too many connections
in SYSTEMPATH/Database/BaseConnection.php on line 428.
 1 SYSTEMPATH/Database/BaseConnection.php(575): CodeIgniter\Database\BaseConnection->initialize()
 2 SYSTEMPATH/Database/BaseBuilder.php(1616): CodeIgniter\Database\BaseConnection->query()
 3 APPPATH/Helpers/Common_helper.php(1444): CodeIgniter\Database\BaseBuilder->get()
 4 APPPATH/Filters/MainFilter.php(57): db_get()
 5 SYSTEMPATH/Filters/Filters.php(184): App\Filters\MainFilter->before()
 6 SYSTEMPATH/CodeIgniter.php(475): CodeIgniter\Filters\Filters->run()
 7 SYSTEMPATH/CodeIgniter.php(361): CodeIgniter\CodeIgniter->handleRequest()
 8 FCPATH/index.php(34): CodeIgniter\CodeIgniter->run()
ERROR - 2026-05-19 08:10:38 --> Error connecting to the database: mysqli_sql_exception: Too many connections in /var/www/wappbuzz/vendor/codeigniter4/framework/system/Database/MySQLi/Connection.php:185
Stack trace:
#0 /var/www/wappbuzz/vendor/codeigniter4/framework/system/Database/MySQLi/Connection.php(185): mysqli->real_connect()
#1 /var/www/wappbuzz/vendor/codeigniter4/framework/system/Database/BaseConnection.php(392): CodeIgniter\Database\MySQLi\Connection->connect()
#2 /var/www/wappbuzz/vendor/codeigniter4/framework/system/Database/BaseConnection.php(575): CodeIgniter\Database\BaseConnection->initialize()
#3 /var/www/wappbuzz/vendor/codeigniter4/framework/system/Database/BaseBuilder.php(1616): CodeIgniter\Database\BaseConnection->query()
#4 /var/www/wappbuzz/app/Helpers/Common_helper.php(1444): CodeIgniter\Database\BaseBuilder->get()
#5 /var/www/wappbuzz/app/Filters/MainFilter.php(57): db_get()
#6 /var/www/wappbuzz/vendor/codeigniter4/framework/system/Filters/Filters.php(184): App\Filters\MainFilter->before()
#7 /var/www/wappbuzz/vendor/codeigniter4/framework/system/CodeIgniter.php(475): CodeIgniter\Filters\Filters->run()
#8 /var/www/wappbuzz/vendor/codeigniter4/framework/system/CodeIgniter.php(361): CodeIgniter\CodeIgniter->handleRequest()
#9 /var/www/wappbuzz/index.php(34): CodeIgniter\CodeIgniter->run()
#10 {main}

Next CodeIgniter\Database\Exceptions\DatabaseException: Too many connections in /var/www/wappbuzz/vendor/codeigniter4/framework/system/Database/MySQLi/Connection.php:229
Stack trace:
#0 /var/www/wappbuzz/vendor/codeigniter4/framework/system/Database/BaseConnection.php(392): CodeIgniter\Database\MySQLi\Connection->connect()
#1 /var/www/wappbuzz/vendor/codeigniter4/framework/system/Database/BaseConnection.php(575): CodeIgniter\Database\BaseConnection->initialize()
#2 /var/www/wappbuzz/vendor/codeigniter4/framework/system/Database/BaseBuilder.php(1616): CodeIgniter\Database\BaseConnection->query()
#3 /var/www/wappbuzz/app/Helpers/Common_helper.php(1444): CodeIgniter\Database\BaseBuilder->get()
#4 /var/www/wappbuzz/app/Filters/MainFilter.php(57): db_get()
#5 /var/www/wappbuzz/vendor/codeigniter4/framework/system/Filters/Filters.php(184): App\Filters\MainFilter->before()
#6 /var/www/wappbuzz/vendor/codeigniter4/framework/system/CodeIgniter.php(475): CodeIgniter\Filters\Filters->run()
#7 /var/www/wappbuzz/vendor/codeigniter4/framework/system/CodeIgniter.php(361): CodeIgniter\CodeIgniter->handleRequest()
#8 /var/www/wappbuzz/index.php(34): CodeIgniter\CodeIgniter->run()
#9 {main}
CRITICAL - 2026-05-19 08:10:38 --> CodeIgniter\Database\Exceptions\DatabaseException: Unable to connect to the database.
Main connection [MySQLi]: Too many connections
in SYSTEMPATH/Database/BaseConnection.php on line 428.
 1 SYSTEMPATH/Database/BaseConnection.php(575): CodeIgniter\Database\BaseConnection->initialize()
 2 SYSTEMPATH/Database/BaseBuilder.php(1616): CodeIgniter\Database\BaseConnection->query()
 3 APPPATH/Helpers/Common_helper.php(1444): CodeIgniter\Database\BaseBuilder->get()
 4 APPPATH/Filters/MainFilter.php(57): db_get()
 5 SYSTEMPATH/Filters/Filters.php(184): App\Filters\MainFilter->before()
 6 SYSTEMPATH/CodeIgniter.php(475): CodeIgniter\Filters\Filters->run()
 7 SYSTEMPATH/CodeIgniter.php(361): CodeIgniter\CodeIgniter->handleRequest()
 8 FCPATH/index.php(34): CodeIgniter\CodeIgniter->run()
ERROR - 2026-05-19 08:14:48 --> Error connecting to the database: mysqli_sql_exception: Too many connections in /var/www/wappbuzz/vendor/codeigniter4/framework/system/Database/MySQLi/Connection.php:185
Stack trace:
#0 /var/www/wappbuzz/vendor/codeigniter4/framework/system/Database/MySQLi/Connection.php(185): mysqli->real_connect()
#1 /var/www/wappbuzz/vendor/codeigniter4/framework/system/Database/BaseConnection.php(392): CodeIgniter\Database\MySQLi\Connection->connect()
#2 /var/www/wappbuzz/vendor/codeigniter4/framework/system/Database/BaseConnection.php(575): CodeIgniter\Database\BaseConnection->initialize()
#3 /var/www/wappbuzz/vendor/codeigniter4/framework/system/Database/BaseBuilder.php(1616): CodeIgniter\Database\BaseConnection->query()
#4 /var/www/wappbuzz/app/Helpers/Common_helper.php(1444): CodeIgniter\Database\BaseBuilder->get()
#5 /var/www/wappbuzz/app/Filters/MainFilter.php(57): db_get()
#6 /var/www/wappbuzz/vendor/codeigniter4/framework/system/Filters/Filters.php(184): App\Filters\MainFilter->before()
#7 /var/www/wappbuzz/vendor/codeigniter4/framework/system/CodeIgniter.php(475): CodeIgniter\Filters\Filters->run()
#8 /var/www/wappbuzz/vendor/codeigniter4/framework/system/CodeIgniter.php(361): CodeIgniter\CodeIgniter->handleRequest()
#9 /var/www/wappbuzz/index.php(34): CodeIgniter\CodeIgniter->run()
#10 {main}

Next CodeIgniter\Database\Exceptions\DatabaseException: Too many connections in /var/www/wappbuzz/vendor/codeigniter4/framework/system/Database/MySQLi/Connection.php:229
Stack trace:
#0 /var/www/wappbuzz/vendor/codeigniter4/framework/system/Database/BaseConnection.php(392): CodeIgniter\Database\MySQLi\Connection->connect()
#1 /var/www/wappbuzz/vendor/codeigniter4/framework/system/Database/BaseConnection.php(575): CodeIgniter\Database\BaseConnection->initialize()
#2 /var/www/wappbuzz/vendor/codeigniter4/framework/system/Database/BaseBuilder.php(1616): CodeIgniter\Database\BaseConnection->query()
#3 /var/www/wappbuzz/app/Helpers/Common_helper.php(1444): CodeIgniter\Database\BaseBuilder->get()
#4 /var/www/wappbuzz/app/Filters/MainFilter.php(57): db_get()
#5 /var/www/wappbuzz/vendor/codeigniter4/framework/system/Filters/Filters.php(184): App\Filters\MainFilter->before()
#6 /var/www/wappbuzz/vendor/codeigniter4/framework/system/CodeIgniter.php(475): CodeIgniter\Filters\Filters->run()
#7 /var/www/wappbuzz/vendor/codeigniter4/framework/system/CodeIgniter.php(361): CodeIgniter\CodeIgniter->handleRequest()
#8 /var/www/wappbuzz/index.php(34): CodeIgniter\CodeIgniter->run()
#9 {main}
CRITICAL - 2026-05-19 08:14:48 --> CodeIgniter\Database\Exceptions\DatabaseException: Unable to connect to the database.
Main connection [MySQLi]: Too many connections
in SYSTEMPATH/Database/BaseConnection.php on line 428.
 1 SYSTEMPATH/Database/BaseConnection.php(575): CodeIgniter\Database\BaseConnection->initialize()
 2 SYSTEMPATH/Database/BaseBuilder.php(1616): CodeIgniter\Database\BaseConnection->query()
 3 APPPATH/Helpers/Common_helper.php(1444): CodeIgniter\Database\BaseBuilder->get()
 4 APPPATH/Filters/MainFilter.php(57): db_get()
 5 SYSTEMPATH/Filters/Filters.php(184): App\Filters\MainFilter->before()
 6 SYSTEMPATH/CodeIgniter.php(475): CodeIgniter\Filters\Filters->run()
 7 SYSTEMPATH/CodeIgniter.php(361): CodeIgniter\CodeIgniter->handleRequest()
 8 FCPATH/index.php(34): CodeIgniter\CodeIgniter->run()
ERROR - 2026-05-19 08:14:49 --> Error connecting to the database: mysqli_sql_exception: Too many connections in /var/www/wappbuzz/vendor/codeigniter4/framework/system/Database/MySQLi/Connection.php:185
Stack trace:
#0 /var/www/wappbuzz/vendor/codeigniter4/framework/system/Database/MySQLi/Connection.php(185): mysqli->real_connect()
#1 /var/www/wappbuzz/vendor/codeigniter4/framework/system/Database/BaseConnection.php(392): CodeIgniter\Database\MySQLi\Connection->connect()
#2 /var/www/wappbuzz/vendor/codeigniter4/framework/system/Database/BaseConnection.php(575): CodeIgniter\Database\BaseConnection->initialize()
#3 /var/www/wappbuzz/vendor/codeigniter4/framework/system/Database/BaseBuilder.php(1616): CodeIgniter\Database\BaseConnection->query()
#4 /var/www/wappbuzz/app/Helpers/Common_helper.php(1444): CodeIgniter\Database\BaseBuilder->get()
#5 /var/www/wappbuzz/app/Helpers/Common_helper.php(1348): db_get()
#6 /var/www/wappbuzz/app/Helpers/Common_helper.php(1793): get_option()
#7 /var/www/wappbuzz/inc/core/Home/Controllers/Home.php(7): parse_config()
#8 /var/www/wappbuzz/vendor/codeigniter4/framework/system/CodeIgniter.php(915): Core\Home\Controllers\Home->__construct()
#9 /var/www/wappbuzz/vendor/codeigniter4/framework/system/CodeIgniter.php(971): CodeIgniter\CodeIgniter->createController()
#10 /var/www/wappbuzz/vendor/codeigniter4/framework/system/CodeIgniter.php(370): CodeIgniter\CodeIgniter->display404errors()
#11 /var/www/wappbuzz/index.php(34): CodeIgniter\CodeIgniter->run()
#12 {main}

Next CodeIgniter\Database\Exceptions\DatabaseException: Too many connections in /var/www/wappbuzz/vendor/codeigniter4/framework/system/Database/MySQLi/Connection.php:229
Stack trace:
#0 /var/www/wappbuzz/vendor/codeigniter4/framework/system/Database/BaseConnection.php(392): CodeIgniter\Database\MySQLi\Connection->connect()
#1 /var/www/wappbuzz/vendor/codeigniter4/framework/system/Database/BaseConnection.php(575): CodeIgniter\Database\BaseConnection->initialize()
#2 /var/www/wappbuzz/vendor/codeigniter4/framework/system/Database/BaseBuilder.php(1616): CodeIgniter\Database\BaseConnection->query()
#3 /var/www/wappbuzz/app/Helpers/Common_helper.php(1444): CodeIgniter\Database\BaseBuilder->get()
#4 /var/www/wappbuzz/app/Helpers/Common_helper.php(1348): db_get()
#5 /var/www/wappbuzz/app/Helpers/Common_helper.php(1793): get_option()
#6 /var/www/wappbuzz/inc/core/Home/Controllers/Home.php(7): parse_config()
#7 /var/www/wappbuzz/vendor/codeigniter4/framework/system/CodeIgniter.php(915): Core\Home\Controllers\Home->__construct()
#8 /var/www/wappbuzz/vendor/codeigniter4/framework/system/CodeIgniter.php(971): CodeIgniter\CodeIgniter->createController()
#9 /var/www/wappbuzz/vendor/codeigniter4/framework/system/CodeIgniter.php(370): CodeIgniter\CodeIgniter->display404errors()
#10 /var/www/wappbuzz/index.php(34): CodeIgniter\CodeIgniter->run()
#11 {main}
CRITICAL - 2026-05-19 08:14:49 --> CodeIgniter\Database\Exceptions\DatabaseException: Unable to connect to the database.
Main connection [MySQLi]: Too many connections
in SYSTEMPATH/Database/BaseConnection.php on line 428.
 1 SYSTEMPATH/Database/BaseConnection.php(575): CodeIgniter\Database\BaseConnection->initialize()
 2 SYSTEMPATH/Database/BaseBuilder.php(1616): CodeIgniter\Database\BaseConnection->query()
 3 APPPATH/Helpers/Common_helper.php(1444): CodeIgniter\Database\BaseBuilder->get()
 4 APPPATH/Helpers/Common_helper.php(1348): db_get()
 5 APPPATH/Helpers/Common_helper.php(1793): get_option()
 6 FCPATH/inc/core/Home/Controllers/Home.php(7): parse_config()
 7 SYSTEMPATH/CodeIgniter.php(915): Core\Home\Controllers\Home->__construct()
 8 SYSTEMPATH/CodeIgniter.php(971): CodeIgniter\CodeIgniter->createController()
 9 SYSTEMPATH/CodeIgniter.php(370): CodeIgniter\CodeIgniter->display404errors()
10 FCPATH/index.php(34): CodeIgniter\CodeIgniter->run()
ERROR - 2026-05-19 08:14:49 --> Error connecting to the database: mysqli_sql_exception: Too many connections in /var/www/wappbuzz/vendor/codeigniter4/framework/system/Database/MySQLi/Connection.php:185
Stack trace:
#0 /var/www/wappbuzz/vendor/codeigniter4/framework/system/Database/MySQLi/Connection.php(185): mysqli->real_connect()
#1 /var/www/wappbuzz/vendor/codeigniter4/framework/system/Database/BaseConnection.php(392): CodeIgniter\Database\MySQLi\Connection->connect()
#2 /var/www/wappbuzz/vendor/codeigniter4/framework/system/Database/BaseConnection.php(575): CodeIgniter\Database\BaseConnection->initialize()
#3 /var/www/wappbuzz/vendor/codeigniter4/framework/system/Database/BaseBuilder.php(1616): CodeIgniter\Database\BaseConnection->query()
#4 /var/www/wappbuzz/app/Helpers/Common_helper.php(1444): CodeIgniter\Database\BaseBuilder->get()
#5 /var/www/wappbuzz/app/Helpers/Common_helper.php(1348): db_get()
#6 /var/www/wappbuzz/app/Helpers/Common_helper.php(1793): get_option()
#7 /var/www/wappbuzz/inc/core/Home/Controllers/Home.php(7): parse_config()
#8 /var/www/wappbuzz/vendor/codeigniter4/framework/system/CodeIgniter.php(915): Core\Home\Controllers\Home->__construct()
#9 /var/www/wappbuzz/vendor/codeigniter4/framework/system/CodeIgniter.php(971): CodeIgniter\CodeIgniter->createController()
#10 /var/www/wappbuzz/vendor/codeigniter4/framework/system/CodeIgniter.php(370): CodeIgniter\CodeIgniter->display404errors()
#11 /var/www/wappbuzz/index.php(34): CodeIgniter\CodeIgniter->run()
#12 {main}

Next CodeIgniter\Database\Exceptions\DatabaseException: Too many connections in /var/www/wappbuzz/vendor/codeigniter4/framework/system/Database/MySQLi/Connection.php:229
Stack trace:
#0 /var/www/wappbuzz/vendor/codeigniter4/framework/system/Database/BaseConnection.php(392): CodeIgniter\Database\MySQLi\Connection->connect()
#1 /var/www/wappbuzz/vendor/codeigniter4/framework/system/Database/BaseConnection.php(575): CodeIgniter\Database\BaseConnection->initialize()
#2 /var/www/wappbuzz/vendor/codeigniter4/framework/system/Database/BaseBuilder.php(1616): CodeIgniter\Database\BaseConnection->query()
#3 /var/www/wappbuzz/app/Helpers/Common_helper.php(1444): CodeIgniter\Database\BaseBuilder->get()
#4 /var/www/wappbuzz/app/Helpers/Common_helper.php(1348): db_get()
#5 /var/www/wappbuzz/app/Helpers/Common_helper.php(1793): get_option()
#6 /var/www/wappbuzz/inc/core/Home/Controllers/Home.php(7): parse_config()
#7 /var/www/wappbuzz/vendor/codeigniter4/framework/system/CodeIgniter.php(915): Core\Home\Controllers\Home->__construct()
#8 /var/www/wappbuzz/vendor/codeigniter4/framework/system/CodeIgniter.php(971): CodeIgniter\CodeIgniter->createController()
#9 /var/www/wappbuzz/vendor/codeigniter4/framework/system/CodeIgniter.php(370): CodeIgniter\CodeIgniter->display404errors()
#10 /var/www/wappbuzz/index.php(34): CodeIgniter\CodeIgniter->run()
#11 {main}
CRITICAL - 2026-05-19 08:14:49 --> CodeIgniter\Database\Exceptions\DatabaseException: Unable to connect to the database.
Main connection [MySQLi]: Too many connections
in SYSTEMPATH/Database/BaseConnection.php on line 428.
 1 SYSTEMPATH/Database/BaseConnection.php(575): CodeIgniter\Database\BaseConnection->initialize()
 2 SYSTEMPATH/Database/BaseBuilder.php(1616): CodeIgniter\Database\BaseConnection->query()
 3 APPPATH/Helpers/Common_helper.php(1444): CodeIgniter\Database\BaseBuilder->get()
 4 APPPATH/Helpers/Common_helper.php(1348): db_get()
 5 APPPATH/Helpers/Common_helper.php(1793): get_option()
 6 FCPATH/inc/core/Home/Controllers/Home.php(7): parse_config()
 7 SYSTEMPATH/CodeIgniter.php(915): Core\Home\Controllers\Home->__construct()
 8 SYSTEMPATH/CodeIgniter.php(971): CodeIgniter\CodeIgniter->createController()
 9 SYSTEMPATH/CodeIgniter.php(370): CodeIgniter\CodeIgniter->display404errors()
10 FCPATH/index.php(34): CodeIgniter\CodeIgniter->run()
ERROR - 2026-05-19 08:14:49 --> Error connecting to the database: mysqli_sql_exception: Too many connections in /var/www/wappbuzz/vendor/codeigniter4/framework/system/Database/MySQLi/Connection.php:185
Stack trace:
#0 /var/www/wappbuzz/vendor/codeigniter4/framework/system/Database/MySQLi/Connection.php(185): mysqli->real_connect()
#1 /var/www/wappbuzz/vendor/codeigniter4/framework/system/Database/BaseConnection.php(392): CodeIgniter\Database\MySQLi\Connection->connect()
#2 /var/www/wappbuzz/vendor/codeigniter4/framework/system/Database/BaseConnection.php(575): CodeIgniter\Database\BaseConnection->initialize()
#3 /var/www/wappbuzz/vendor/codeigniter4/framework/system/Database/BaseBuilder.php(1616): CodeIgniter\Database\BaseConnection->query()
#4 /var/www/wappbuzz/app/Helpers/Common_helper.php(1444): CodeIgniter\Database\BaseBuilder->get()
#5 /var/www/wappbuzz/app/Helpers/Common_helper.php(1348): db_get()
#6 /var/www/wappbuzz/app/Helpers/Common_helper.php(1793): get_option()
#7 /var/www/wappbuzz/inc/core/Home/Controllers/Home.php(7): parse_config()
#8 /var/www/wappbuzz/vendor/codeigniter4/framework/system/CodeIgniter.php(915): Core\Home\Controllers\Home->__construct()
#9 /var/www/wappbuzz/vendor/codeigniter4/framework/system/CodeIgniter.php(971): CodeIgniter\CodeIgniter->createController()
#10 /var/www/wappbuzz/vendor/codeigniter4/framework/system/CodeIgniter.php(370): CodeIgniter\CodeIgniter->display404errors()
#11 /var/www/wappbuzz/index.php(34): CodeIgniter\CodeIgniter->run()
#12 {main}

Next CodeIgniter\Database\Exceptions\DatabaseException: Too many connections in /var/www/wappbuzz/vendor/codeigniter4/framework/system/Database/MySQLi/Connection.php:229
Stack trace:
#0 /var/www/wappbuzz/vendor/codeigniter4/framework/system/Database/BaseConnection.php(392): CodeIgniter\Database\MySQLi\Connection->connect()
#1 /var/www/wappbuzz/vendor/codeigniter4/framework/system/Database/BaseConnection.php(575): CodeIgniter\Database\BaseConnection->initialize()
#2 /var/www/wappbuzz/vendor/codeigniter4/framework/system/Database/BaseBuilder.php(1616): CodeIgniter\Database\BaseConnection->query()
#3 /var/www/wappbuzz/app/Helpers/Common_helper.php(1444): CodeIgniter\Database\BaseBuilder->get()
#4 /var/www/wappbuzz/app/Helpers/Common_helper.php(1348): db_get()
#5 /var/www/wappbuzz/app/Helpers/Common_helper.php(1793): get_option()
#6 /var/www/wappbuzz/inc/core/Home/Controllers/Home.php(7): parse_config()
#7 /var/www/wappbuzz/vendor/codeigniter4/framework/system/CodeIgniter.php(915): Core\Home\Controllers\Home->__construct()
#8 /var/www/wappbuzz/vendor/codeigniter4/framework/system/CodeIgniter.php(971): CodeIgniter\CodeIgniter->createController()
#9 /var/www/wappbuzz/vendor/codeigniter4/framework/system/CodeIgniter.php(370): CodeIgniter\CodeIgniter->display404errors()
#10 /var/www/wappbuzz/index.php(34): CodeIgniter\CodeIgniter->run()
#11 {main}
CRITICAL - 2026-05-19 08:14:49 --> CodeIgniter\Database\Exceptions\DatabaseException: Unable to connect to the database.
Main connection [MySQLi]: Too many connections
in SYSTEMPATH/Database/BaseConnection.php on line 428.
 1 SYSTEMPATH/Database/BaseConnection.php(575): CodeIgniter\Database\BaseConnection->initialize()
 2 SYSTEMPATH/Database/BaseBuilder.php(1616): CodeIgniter\Database\BaseConnection->query()
 3 APPPATH/Helpers/Common_helper.php(1444): CodeIgniter\Database\BaseBuilder->get()
 4 APPPATH/Helpers/Common_helper.php(1348): db_get()
 5 APPPATH/Helpers/Common_helper.php(1793): get_option()
 6 FCPATH/inc/core/Home/Controllers/Home.php(7): parse_config()
 7 SYSTEMPATH/CodeIgniter.php(915): Core\Home\Controllers\Home->__construct()
 8 SYSTEMPATH/CodeIgniter.php(971): CodeIgniter\CodeIgniter->createController()
 9 SYSTEMPATH/CodeIgniter.php(370): CodeIgniter\CodeIgniter->display404errors()
10 FCPATH/index.php(34): CodeIgniter\CodeIgniter->run()
ERROR - 2026-05-19 08:14:50 --> Error connecting to the database: mysqli_sql_exception: Too many connections in /var/www/wappbuzz/vendor/codeigniter4/framework/system/Database/MySQLi/Connection.php:185
Stack trace:
#0 /var/www/wappbuzz/vendor/codeigniter4/framework/system/Database/MySQLi/Connection.php(185): mysqli->real_connect()
#1 /var/www/wappbuzz/vendor/codeigniter4/framework/system/Database/BaseConnection.php(392): CodeIgniter\Database\MySQLi\Connection->connect()
#2 /var/www/wappbuzz/vendor/codeigniter4/framework/system/Database/BaseConnection.php(575): CodeIgniter\Database\BaseConnection->initialize()
#3 /var/www/wappbuzz/vendor/codeigniter4/framework/system/Database/BaseBuilder.php(1616): CodeIgniter\Database\BaseConnection->query()
#4 /var/www/wappbuzz/app/Helpers/Common_helper.php(1444): CodeIgniter\Database\BaseBuilder->get()
#5 /var/www/wappbuzz/app/Helpers/Common_helper.php(1348): db_get()
#6 /var/www/wappbuzz/app/Helpers/Common_helper.php(1793): get_option()
#7 /var/www/wappbuzz/inc/core/Home/Controllers/Home.php(7): parse_config()
#8 /var/www/wappbuzz/vendor/codeigniter4/framework/system/CodeIgniter.php(915): Core\Home\Controllers\Home->__construct()
#9 /var/www/wappbuzz/vendor/codeigniter4/framework/system/CodeIgniter.php(971): CodeIgniter\CodeIgniter->createController()
#10 /var/www/wappbuzz/vendor/codeigniter4/framework/system/CodeIgniter.php(370): CodeIgniter\CodeIgniter->display404errors()
#11 /var/www/wappbuzz/index.php(34): CodeIgniter\CodeIgniter->run()
#12 {main}

Next CodeIgniter\Database\Exceptions\DatabaseException: Too many connections in /var/www/wappbuzz/vendor/codeigniter4/framework/system/Database/MySQLi/Connection.php:229
Stack trace:
#0 /var/www/wappbuzz/vendor/codeigniter4/framework/system/Database/BaseConnection.php(392): CodeIgniter\Database\MySQLi\Connection->connect()
#1 /var/www/wappbuzz/vendor/codeigniter4/framework/system/Database/BaseConnection.php(575): CodeIgniter\Database\BaseConnection->initialize()
#2 /var/www/wappbuzz/vendor/codeigniter4/framework/system/Database/BaseBuilder.php(1616): CodeIgniter\Database\BaseConnection->query()
#3 /var/www/wappbuzz/app/Helpers/Common_helper.php(1444): CodeIgniter\Database\BaseBuilder->get()
#4 /var/www/wappbuzz/app/Helpers/Common_helper.php(1348): db_get()
#5 /var/www/wappbuzz/app/Helpers/Common_helper.php(1793): get_option()
#6 /var/www/wappbuzz/inc/core/Home/Controllers/Home.php(7): parse_config()
#7 /var/www/wappbuzz/vendor/codeigniter4/framework/system/CodeIgniter.php(915): Core\Home\Controllers\Home->__construct()
#8 /var/www/wappbuzz/vendor/codeigniter4/framework/system/CodeIgniter.php(971): CodeIgniter\CodeIgniter->createController()
#9 /var/www/wappbuzz/vendor/codeigniter4/framework/system/CodeIgniter.php(370): CodeIgniter\CodeIgniter->display404errors()
#10 /var/www/wappbuzz/index.php(34): CodeIgniter\CodeIgniter->run()
#11 {main}
CRITICAL - 2026-05-19 08:14:50 --> CodeIgniter\Database\Exceptions\DatabaseException: Unable to connect to the database.
Main connection [MySQLi]: Too many connections
in SYSTEMPATH/Database/BaseConnection.php on line 428.
 1 SYSTEMPATH/Database/BaseConnection.php(575): CodeIgniter\Database\BaseConnection->initialize()
 2 SYSTEMPATH/Database/BaseBuilder.php(1616): CodeIgniter\Database\BaseConnection->query()
 3 APPPATH/Helpers/Common_helper.php(1444): CodeIgniter\Database\BaseBuilder->get()
 4 APPPATH/Helpers/Common_helper.php(1348): db_get()
 5 APPPATH/Helpers/Common_helper.php(1793): get_option()
 6 FCPATH/inc/core/Home/Controllers/Home.php(7): parse_config()
 7 SYSTEMPATH/CodeIgniter.php(915): Core\Home\Controllers\Home->__construct()
 8 SYSTEMPATH/CodeIgniter.php(971): CodeIgniter\CodeIgniter->createController()
 9 SYSTEMPATH/CodeIgniter.php(370): CodeIgniter\CodeIgniter->display404errors()
10 FCPATH/index.php(34): CodeIgniter\CodeIgniter->run()
ERROR - 2026-05-19 08:14:50 --> Error connecting to the database: mysqli_sql_exception: Too many connections in /var/www/wappbuzz/vendor/codeigniter4/framework/system/Database/MySQLi/Connection.php:185
Stack trace:
#0 /var/www/wappbuzz/vendor/codeigniter4/framework/system/Database/MySQLi/Connection.php(185): mysqli->real_connect()
#1 /var/www/wappbuzz/vendor/codeigniter4/framework/system/Database/BaseConnection.php(392): CodeIgniter\Database\MySQLi\Connection->connect()
#2 /var/www/wappbuzz/vendor/codeigniter4/framework/system/Database/BaseConnection.php(575): CodeIgniter\Database\BaseConnection->initialize()
#3 /var/www/wappbuzz/vendor/codeigniter4/framework/system/Database/BaseBuilder.php(1616): CodeIgniter\Database\BaseConnection->query()
#4 /var/www/wappbuzz/app/Helpers/Common_helper.php(1444): CodeIgniter\Database\BaseBuilder->get()
#5 /var/www/wappbuzz/app/Filters/MainFilter.php(57): db_get()
#6 /var/www/wappbuzz/vendor/codeigniter4/framework/system/Filters/Filters.php(184): App\Filters\MainFilter->before()
#7 /var/www/wappbuzz/vendor/codeigniter4/framework/system/CodeIgniter.php(475): CodeIgniter\Filters\Filters->run()
#8 /var/www/wappbuzz/vendor/codeigniter4/framework/system/CodeIgniter.php(361): CodeIgniter\CodeIgniter->handleRequest()
#9 /var/www/wappbuzz/index.php(34): CodeIgniter\CodeIgniter->run()
#10 {main}

Next CodeIgniter\Database\Exceptions\DatabaseException: Too many connections in /var/www/wappbuzz/vendor/codeigniter4/framework/system/Database/MySQLi/Connection.php:229
Stack trace:
#0 /var/www/wappbuzz/vendor/codeigniter4/framework/system/Database/BaseConnection.php(392): CodeIgniter\Database\MySQLi\Connection->connect()
#1 /var/www/wappbuzz/vendor/codeigniter4/framework/system/Database/BaseConnection.php(575): CodeIgniter\Database\BaseConnection->initialize()
#2 /var/www/wappbuzz/vendor/codeigniter4/framework/system/Database/BaseBuilder.php(1616): CodeIgniter\Database\BaseConnection->query()
#3 /var/www/wappbuzz/app/Helpers/Common_helper.php(1444): CodeIgniter\Database\BaseBuilder->get()
#4 /var/www/wappbuzz/app/Filters/MainFilter.php(57): db_get()
#5 /var/www/wappbuzz/vendor/codeigniter4/framework/system/Filters/Filters.php(184): App\Filters\MainFilter->before()
#6 /var/www/wappbuzz/vendor/codeigniter4/framework/system/CodeIgniter.php(475): CodeIgniter\Filters\Filters->run()
#7 /var/www/wappbuzz/vendor/codeigniter4/framework/system/CodeIgniter.php(361): CodeIgniter\CodeIgniter->handleRequest()
#8 /var/www/wappbuzz/index.php(34): CodeIgniter\CodeIgniter->run()
#9 {main}
CRITICAL - 2026-05-19 08:14:50 --> CodeIgniter\Database\Exceptions\DatabaseException: Unable to connect to the database.
Main connection [MySQLi]: Too many connections
in SYSTEMPATH/Database/BaseConnection.php on line 428.
 1 SYSTEMPATH/Database/BaseConnection.php(575): CodeIgniter\Database\BaseConnection->initialize()
 2 SYSTEMPATH/Database/BaseBuilder.php(1616): CodeIgniter\Database\BaseConnection->query()
 3 APPPATH/Helpers/Common_helper.php(1444): CodeIgniter\Database\BaseBuilder->get()
 4 APPPATH/Filters/MainFilter.php(57): db_get()
 5 SYSTEMPATH/Filters/Filters.php(184): App\Filters\MainFilter->before()
 6 SYSTEMPATH/CodeIgniter.php(475): CodeIgniter\Filters\Filters->run()
 7 SYSTEMPATH/CodeIgniter.php(361): CodeIgniter\CodeIgniter->handleRequest()
 8 FCPATH/index.php(34): CodeIgniter\CodeIgniter->run()
ERROR - 2026-05-19 08:21:12 --> Error connecting to the database: mysqli_sql_exception: Too many connections in /var/www/wappbuzz/vendor/codeigniter4/framework/system/Database/MySQLi/Connection.php:185
Stack trace:
#0 /var/www/wappbuzz/vendor/codeigniter4/framework/system/Database/MySQLi/Connection.php(185): mysqli->real_connect()
#1 /var/www/wappbuzz/vendor/codeigniter4/framework/system/Database/BaseConnection.php(392): CodeIgniter\Database\MySQLi\Connection->connect()
#2 /var/www/wappbuzz/vendor/codeigniter4/framework/system/Database/BaseConnection.php(575): CodeIgniter\Database\BaseConnection->initialize()
#3 /var/www/wappbuzz/vendor/codeigniter4/framework/system/Database/BaseBuilder.php(1616): CodeIgniter\Database\BaseConnection->query()
#4 /var/www/wappbuzz/app/Helpers/Common_helper.php(1444): CodeIgniter\Database\BaseBuilder->get()
#5 /var/www/wappbuzz/app/Filters/MainFilter.php(57): db_get()
#6 /var/www/wappbuzz/vendor/codeigniter4/framework/system/Filters/Filters.php(184): App\Filters\MainFilter->before()
#7 /var/www/wappbuzz/vendor/codeigniter4/framework/system/CodeIgniter.php(475): CodeIgniter\Filters\Filters->run()
#8 /var/www/wappbuzz/vendor/codeigniter4/framework/system/CodeIgniter.php(361): CodeIgniter\CodeIgniter->handleRequest()
#9 /var/www/wappbuzz/index.php(34): CodeIgniter\CodeIgniter->run()
#10 {main}

Next CodeIgniter\Database\Exceptions\DatabaseException: Too many connections in /var/www/wappbuzz/vendor/codeigniter4/framework/system/Database/MySQLi/Connection.php:229
Stack trace:
#0 /var/www/wappbuzz/vendor/codeigniter4/framework/system/Database/BaseConnection.php(392): CodeIgniter\Database\MySQLi\Connection->connect()
#1 /var/www/wappbuzz/vendor/codeigniter4/framework/system/Database/BaseConnection.php(575): CodeIgniter\Database\BaseConnection->initialize()
#2 /var/www/wappbuzz/vendor/codeigniter4/framework/system/Database/BaseBuilder.php(1616): CodeIgniter\Database\BaseConnection->query()
#3 /var/www/wappbuzz/app/Helpers/Common_helper.php(1444): CodeIgniter\Database\BaseBuilder->get()
#4 /var/www/wappbuzz/app/Filters/MainFilter.php(57): db_get()
#5 /var/www/wappbuzz/vendor/codeigniter4/framework/system/Filters/Filters.php(184): App\Filters\MainFilter->before()
#6 /var/www/wappbuzz/vendor/codeigniter4/framework/system/CodeIgniter.php(475): CodeIgniter\Filters\Filters->run()
#7 /var/www/wappbuzz/vendor/codeigniter4/framework/system/CodeIgniter.php(361): CodeIgniter\CodeIgniter->handleRequest()
#8 /var/www/wappbuzz/index.php(34): CodeIgniter\CodeIgniter->run()
#9 {main}
CRITICAL - 2026-05-19 08:21:12 --> CodeIgniter\Database\Exceptions\DatabaseException: Unable to connect to the database.
Main connection [MySQLi]: Too many connections
in SYSTEMPATH/Database/BaseConnection.php on line 428.
 1 SYSTEMPATH/Database/BaseConnection.php(575): CodeIgniter\Database\BaseConnection->initialize()
 2 SYSTEMPATH/Database/BaseBuilder.php(1616): CodeIgniter\Database\BaseConnection->query()
 3 APPPATH/Helpers/Common_helper.php(1444): CodeIgniter\Database\BaseBuilder->get()
 4 APPPATH/Filters/MainFilter.php(57): db_get()
 5 SYSTEMPATH/Filters/Filters.php(184): App\Filters\MainFilter->before()
 6 SYSTEMPATH/CodeIgniter.php(475): CodeIgniter\Filters\Filters->run()
 7 SYSTEMPATH/CodeIgniter.php(361): CodeIgniter\CodeIgniter->handleRequest()
 8 FCPATH/index.php(34): CodeIgniter\CodeIgniter->run()
ERROR - 2026-05-19 08:28:57 --> Error connecting to the database: mysqli_sql_exception: Too many connections in /var/www/wappbuzz/vendor/codeigniter4/framework/system/Database/MySQLi/Connection.php:185
Stack trace:
#0 /var/www/wappbuzz/vendor/codeigniter4/framework/system/Database/MySQLi/Connection.php(185): mysqli->real_connect()
#1 /var/www/wappbuzz/vendor/codeigniter4/framework/system/Database/BaseConnection.php(392): CodeIgniter\Database\MySQLi\Connection->connect()
#2 /var/www/wappbuzz/vendor/codeigniter4/framework/system/Database/BaseConnection.php(575): CodeIgniter\Database\BaseConnection->initialize()
#3 /var/www/wappbuzz/vendor/codeigniter4/framework/system/Database/BaseBuilder.php(1616): CodeIgniter\Database\BaseConnection->query()
#4 /var/www/wappbuzz/app/Helpers/Common_helper.php(1444): CodeIgniter\Database\BaseBuilder->get()
#5 /var/www/wappbuzz/app/Helpers/Common_helper.php(1348): db_get()
#6 /var/www/wappbuzz/app/Helpers/Common_helper.php(1793): get_option()
#7 /var/www/wappbuzz/inc/core/Home/Controllers/Home.php(7): parse_config()
#8 /var/www/wappbuzz/vendor/codeigniter4/framework/system/CodeIgniter.php(915): Core\Home\Controllers\Home->__construct()
#9 /var/www/wappbuzz/vendor/codeigniter4/framework/system/CodeIgniter.php(971): CodeIgniter\CodeIgniter->createController()
#10 /var/www/wappbuzz/vendor/codeigniter4/framework/system/CodeIgniter.php(370): CodeIgniter\CodeIgniter->display404errors()
#11 /var/www/wappbuzz/index.php(34): CodeIgniter\CodeIgniter->run()
#12 {main}

Next CodeIgniter\Database\Exceptions\DatabaseException: Too many connections in /var/www/wappbuzz/vendor/codeigniter4/framework/system/Database/MySQLi/Connection.php:229
Stack trace:
#0 /var/www/wappbuzz/vendor/codeigniter4/framework/system/Database/BaseConnection.php(392): CodeIgniter\Database\MySQLi\Connection->connect()
#1 /var/www/wappbuzz/vendor/codeigniter4/framework/system/Database/BaseConnection.php(575): CodeIgniter\Database\BaseConnection->initialize()
#2 /var/www/wappbuzz/vendor/codeigniter4/framework/system/Database/BaseBuilder.php(1616): CodeIgniter\Database\BaseConnection->query()
#3 /var/www/wappbuzz/app/Helpers/Common_helper.php(1444): CodeIgniter\Database\BaseBuilder->get()
#4 /var/www/wappbuzz/app/Helpers/Common_helper.php(1348): db_get()
#5 /var/www/wappbuzz/app/Helpers/Common_helper.php(1793): get_option()
#6 /var/www/wappbuzz/inc/core/Home/Controllers/Home.php(7): parse_config()
#7 /var/www/wappbuzz/vendor/codeigniter4/framework/system/CodeIgniter.php(915): Core\Home\Controllers\Home->__construct()
#8 /var/www/wappbuzz/vendor/codeigniter4/framework/system/CodeIgniter.php(971): CodeIgniter\CodeIgniter->createController()
#9 /var/www/wappbuzz/vendor/codeigniter4/framework/system/CodeIgniter.php(370): CodeIgniter\CodeIgniter->display404errors()
#10 /var/www/wappbuzz/index.php(34): CodeIgniter\CodeIgniter->run()
#11 {main}
CRITICAL - 2026-05-19 08:28:57 --> CodeIgniter\Database\Exceptions\DatabaseException: Unable to connect to the database.
Main connection [MySQLi]: Too many connections
in SYSTEMPATH/Database/BaseConnection.php on line 428.
 1 SYSTEMPATH/Database/BaseConnection.php(575): CodeIgniter\Database\BaseConnection->initialize()
 2 SYSTEMPATH/Database/BaseBuilder.php(1616): CodeIgniter\Database\BaseConnection->query()
 3 APPPATH/Helpers/Common_helper.php(1444): CodeIgniter\Database\BaseBuilder->get()
 4 APPPATH/Helpers/Common_helper.php(1348): db_get()
 5 APPPATH/Helpers/Common_helper.php(1793): get_option()
 6 FCPATH/inc/core/Home/Controllers/Home.php(7): parse_config()
 7 SYSTEMPATH/CodeIgniter.php(915): Core\Home\Controllers\Home->__construct()
 8 SYSTEMPATH/CodeIgniter.php(971): CodeIgniter\CodeIgniter->createController()
 9 SYSTEMPATH/CodeIgniter.php(370): CodeIgniter\CodeIgniter->display404errors()
10 FCPATH/index.php(34): CodeIgniter\CodeIgniter->run()
ERROR - 2026-05-19 08:33:22 --> Error connecting to the database: mysqli_sql_exception: Too many connections in /var/www/wappbuzz/vendor/codeigniter4/framework/system/Database/MySQLi/Connection.php:185
Stack trace:
#0 /var/www/wappbuzz/vendor/codeigniter4/framework/system/Database/MySQLi/Connection.php(185): mysqli->real_connect()
#1 /var/www/wappbuzz/vendor/codeigniter4/framework/system/Database/BaseConnection.php(392): CodeIgniter\Database\MySQLi\Connection->connect()
#2 /var/www/wappbuzz/vendor/codeigniter4/framework/system/Database/BaseConnection.php(575): CodeIgniter\Database\BaseConnection->initialize()
#3 /var/www/wappbuzz/vendor/codeigniter4/framework/system/Database/BaseBuilder.php(1616): CodeIgniter\Database\BaseConnection->query()
#4 /var/www/wappbuzz/app/Helpers/Common_helper.php(1444): CodeIgniter\Database\BaseBuilder->get()
#5 /var/www/wappbuzz/app/Filters/MainFilter.php(57): db_get()
#6 /var/www/wappbuzz/vendor/codeigniter4/framework/system/Filters/Filters.php(184): App\Filters\MainFilter->before()
#7 /var/www/wappbuzz/vendor/codeigniter4/framework/system/CodeIgniter.php(475): CodeIgniter\Filters\Filters->run()
#8 /var/www/wappbuzz/vendor/codeigniter4/framework/system/CodeIgniter.php(361): CodeIgniter\CodeIgniter->handleRequest()
#9 /var/www/wappbuzz/index.php(34): CodeIgniter\CodeIgniter->run()
#10 {main}

Next CodeIgniter\Database\Exceptions\DatabaseException: Too many connections in /var/www/wappbuzz/vendor/codeigniter4/framework/system/Database/MySQLi/Connection.php:229
Stack trace:
#0 /var/www/wappbuzz/vendor/codeigniter4/framework/system/Database/BaseConnection.php(392): CodeIgniter\Database\MySQLi\Connection->connect()
#1 /var/www/wappbuzz/vendor/codeigniter4/framework/system/Database/BaseConnection.php(575): CodeIgniter\Database\BaseConnection->initialize()
#2 /var/www/wappbuzz/vendor/codeigniter4/framework/system/Database/BaseBuilder.php(1616): CodeIgniter\Database\BaseConnection->query()
#3 /var/www/wappbuzz/app/Helpers/Common_helper.php(1444): CodeIgniter\Database\BaseBuilder->get()
#4 /var/www/wappbuzz/app/Filters/MainFilter.php(57): db_get()
#5 /var/www/wappbuzz/vendor/codeigniter4/framework/system/Filters/Filters.php(184): App\Filters\MainFilter->before()
#6 /var/www/wappbuzz/vendor/codeigniter4/framework/system/CodeIgniter.php(475): CodeIgniter\Filters\Filters->run()
#7 /var/www/wappbuzz/vendor/codeigniter4/framework/system/CodeIgniter.php(361): CodeIgniter\CodeIgniter->handleRequest()
#8 /var/www/wappbuzz/index.php(34): CodeIgniter\CodeIgniter->run()
#9 {main}
CRITICAL - 2026-05-19 08:33:22 --> CodeIgniter\Database\Exceptions\DatabaseException: Unable to connect to the database.
Main connection [MySQLi]: Too many connections
in SYSTEMPATH/Database/BaseConnection.php on line 428.
 1 SYSTEMPATH/Database/BaseConnection.php(575): CodeIgniter\Database\BaseConnection->initialize()
 2 SYSTEMPATH/Database/BaseBuilder.php(1616): CodeIgniter\Database\BaseConnection->query()
 3 APPPATH/Helpers/Common_helper.php(1444): CodeIgniter\Database\BaseBuilder->get()
 4 APPPATH/Filters/MainFilter.php(57): db_get()
 5 SYSTEMPATH/Filters/Filters.php(184): App\Filters\MainFilter->before()
 6 SYSTEMPATH/CodeIgniter.php(475): CodeIgniter\Filters\Filters->run()
 7 SYSTEMPATH/CodeIgniter.php(361): CodeIgniter\CodeIgniter->handleRequest()
 8 FCPATH/index.php(34): CodeIgniter\CodeIgniter->run()
ERROR - 2026-05-19 09:10:07 --> Error connecting to the database: mysqli_sql_exception: Too many connections in /var/www/wappbuzz/vendor/codeigniter4/framework/system/Database/MySQLi/Connection.php:185
Stack trace:
#0 /var/www/wappbuzz/vendor/codeigniter4/framework/system/Database/MySQLi/Connection.php(185): mysqli->real_connect()
#1 /var/www/wappbuzz/vendor/codeigniter4/framework/system/Database/BaseConnection.php(392): CodeIgniter\Database\MySQLi\Connection->connect()
#2 /var/www/wappbuzz/vendor/codeigniter4/framework/system/Database/BaseConnection.php(575): CodeIgniter\Database\BaseConnection->initialize()
#3 /var/www/wappbuzz/vendor/codeigniter4/framework/system/Database/BaseBuilder.php(1616): CodeIgniter\Database\BaseConnection->query()
#4 /var/www/wappbuzz/app/Helpers/Common_helper.php(1444): CodeIgniter\Database\BaseBuilder->get()
#5 /var/www/wappbuzz/app/Helpers/Common_helper.php(1348): db_get()
#6 /var/www/wappbuzz/app/Helpers/Common_helper.php(1793): get_option()
#7 /var/www/wappbuzz/inc/core/Home/Controllers/Home.php(7): parse_config()
#8 /var/www/wappbuzz/vendor/codeigniter4/framework/system/CodeIgniter.php(915): Core\Home\Controllers\Home->__construct()
#9 /var/www/wappbuzz/vendor/codeigniter4/framework/system/CodeIgniter.php(971): CodeIgniter\CodeIgniter->createController()
#10 /var/www/wappbuzz/vendor/codeigniter4/framework/system/CodeIgniter.php(370): CodeIgniter\CodeIgniter->display404errors()
#11 /var/www/wappbuzz/index.php(34): CodeIgniter\CodeIgniter->run()
#12 {main}

Next CodeIgniter\Database\Exceptions\DatabaseException: Too many connections in /var/www/wappbuzz/vendor/codeigniter4/framework/system/Database/MySQLi/Connection.php:229
Stack trace:
#0 /var/www/wappbuzz/vendor/codeigniter4/framework/system/Database/BaseConnection.php(392): CodeIgniter\Database\MySQLi\Connection->connect()
#1 /var/www/wappbuzz/vendor/codeigniter4/framework/system/Database/BaseConnection.php(575): CodeIgniter\Database\BaseConnection->initialize()
#2 /var/www/wappbuzz/vendor/codeigniter4/framework/system/Database/BaseBuilder.php(1616): CodeIgniter\Database\BaseConnection->query()
#3 /var/www/wappbuzz/app/Helpers/Common_helper.php(1444): CodeIgniter\Database\BaseBuilder->get()
#4 /var/www/wappbuzz/app/Helpers/Common_helper.php(1348): db_get()
#5 /var/www/wappbuzz/app/Helpers/Common_helper.php(1793): get_option()
#6 /var/www/wappbuzz/inc/core/Home/Controllers/Home.php(7): parse_config()
#7 /var/www/wappbuzz/vendor/codeigniter4/framework/system/CodeIgniter.php(915): Core\Home\Controllers\Home->__construct()
#8 /var/www/wappbuzz/vendor/codeigniter4/framework/system/CodeIgniter.php(971): CodeIgniter\CodeIgniter->createController()
#9 /var/www/wappbuzz/vendor/codeigniter4/framework/system/CodeIgniter.php(370): CodeIgniter\CodeIgniter->display404errors()
#10 /var/www/wappbuzz/index.php(34): CodeIgniter\CodeIgniter->run()
#11 {main}
CRITICAL - 2026-05-19 09:10:07 --> CodeIgniter\Database\Exceptions\DatabaseException: Unable to connect to the database.
Main connection [MySQLi]: Too many connections
in SYSTEMPATH/Database/BaseConnection.php on line 428.
 1 SYSTEMPATH/Database/BaseConnection.php(575): CodeIgniter\Database\BaseConnection->initialize()
 2 SYSTEMPATH/Database/BaseBuilder.php(1616): CodeIgniter\Database\BaseConnection->query()
 3 APPPATH/Helpers/Common_helper.php(1444): CodeIgniter\Database\BaseBuilder->get()
 4 APPPATH/Helpers/Common_helper.php(1348): db_get()
 5 APPPATH/Helpers/Common_helper.php(1793): get_option()
 6 FCPATH/inc/core/Home/Controllers/Home.php(7): parse_config()
 7 SYSTEMPATH/CodeIgniter.php(915): Core\Home\Controllers\Home->__construct()
 8 SYSTEMPATH/CodeIgniter.php(971): CodeIgniter\CodeIgniter->createController()
 9 SYSTEMPATH/CodeIgniter.php(370): CodeIgniter\CodeIgniter->display404errors()
10 FCPATH/index.php(34): CodeIgniter\CodeIgniter->run()
ERROR - 2026-05-19 09:14:30 --> Error connecting to the database: mysqli_sql_exception: Too many connections in /var/www/wappbuzz/vendor/codeigniter4/framework/system/Database/MySQLi/Connection.php:185
Stack trace:
#0 /var/www/wappbuzz/vendor/codeigniter4/framework/system/Database/MySQLi/Connection.php(185): mysqli->real_connect()
#1 /var/www/wappbuzz/vendor/codeigniter4/framework/system/Database/BaseConnection.php(392): CodeIgniter\Database\MySQLi\Connection->connect()
#2 /var/www/wappbuzz/vendor/codeigniter4/framework/system/Database/BaseConnection.php(575): CodeIgniter\Database\BaseConnection->initialize()
#3 /var/www/wappbuzz/vendor/codeigniter4/framework/system/Database/BaseBuilder.php(1616): CodeIgniter\Database\BaseConnection->query()
#4 /var/www/wappbuzz/app/Helpers/Common_helper.php(1444): CodeIgniter\Database\BaseBuilder->get()
#5 /var/www/wappbuzz/app/Filters/MainFilter.php(57): db_get()
#6 /var/www/wappbuzz/vendor/codeigniter4/framework/system/Filters/Filters.php(184): App\Filters\MainFilter->before()
#7 /var/www/wappbuzz/vendor/codeigniter4/framework/system/CodeIgniter.php(475): CodeIgniter\Filters\Filters->run()
#8 /var/www/wappbuzz/vendor/codeigniter4/framework/system/CodeIgniter.php(361): CodeIgniter\CodeIgniter->handleRequest()
#9 /var/www/wappbuzz/index.php(34): CodeIgniter\CodeIgniter->run()
#10 {main}

Next CodeIgniter\Database\Exceptions\DatabaseException: Too many connections in /var/www/wappbuzz/vendor/codeigniter4/framework/system/Database/MySQLi/Connection.php:229
Stack trace:
#0 /var/www/wappbuzz/vendor/codeigniter4/framework/system/Database/BaseConnection.php(392): CodeIgniter\Database\MySQLi\Connection->connect()
#1 /var/www/wappbuzz/vendor/codeigniter4/framework/system/Database/BaseConnection.php(575): CodeIgniter\Database\BaseConnection->initialize()
#2 /var/www/wappbuzz/vendor/codeigniter4/framework/system/Database/BaseBuilder.php(1616): CodeIgniter\Database\BaseConnection->query()
#3 /var/www/wappbuzz/app/Helpers/Common_helper.php(1444): CodeIgniter\Database\BaseBuilder->get()
#4 /var/www/wappbuzz/app/Filters/MainFilter.php(57): db_get()
#5 /var/www/wappbuzz/vendor/codeigniter4/framework/system/Filters/Filters.php(184): App\Filters\MainFilter->before()
#6 /var/www/wappbuzz/vendor/codeigniter4/framework/system/CodeIgniter.php(475): CodeIgniter\Filters\Filters->run()
#7 /var/www/wappbuzz/vendor/codeigniter4/framework/system/CodeIgniter.php(361): CodeIgniter\CodeIgniter->handleRequest()
#8 /var/www/wappbuzz/index.php(34): CodeIgniter\CodeIgniter->run()
#9 {main}
CRITICAL - 2026-05-19 09:14:30 --> CodeIgniter\Database\Exceptions\DatabaseException: Unable to connect to the database.
Main connection [MySQLi]: Too many connections
in SYSTEMPATH/Database/BaseConnection.php on line 428.
 1 SYSTEMPATH/Database/BaseConnection.php(575): CodeIgniter\Database\BaseConnection->initialize()
 2 SYSTEMPATH/Database/BaseBuilder.php(1616): CodeIgniter\Database\BaseConnection->query()
 3 APPPATH/Helpers/Common_helper.php(1444): CodeIgniter\Database\BaseBuilder->get()
 4 APPPATH/Filters/MainFilter.php(57): db_get()
 5 SYSTEMPATH/Filters/Filters.php(184): App\Filters\MainFilter->before()
 6 SYSTEMPATH/CodeIgniter.php(475): CodeIgniter\Filters\Filters->run()
 7 SYSTEMPATH/CodeIgniter.php(361): CodeIgniter\CodeIgniter->handleRequest()
 8 FCPATH/index.php(34): CodeIgniter\CodeIgniter->run()
ERROR - 2026-05-19 09:33:06 --> Error connecting to the database: mysqli_sql_exception: Too many connections in /var/www/wappbuzz/vendor/codeigniter4/framework/system/Database/MySQLi/Connection.php:185
Stack trace:
#0 /var/www/wappbuzz/vendor/codeigniter4/framework/system/Database/MySQLi/Connection.php(185): mysqli->real_connect()
#1 /var/www/wappbuzz/vendor/codeigniter4/framework/system/Database/BaseConnection.php(392): CodeIgniter\Database\MySQLi\Connection->connect()
#2 /var/www/wappbuzz/vendor/codeigniter4/framework/system/Database/BaseConnection.php(575): CodeIgniter\Database\BaseConnection->initialize()
#3 /var/www/wappbuzz/vendor/codeigniter4/framework/system/Database/BaseBuilder.php(1616): CodeIgniter\Database\BaseConnection->query()
#4 /var/www/wappbuzz/app/Helpers/Common_helper.php(1444): CodeIgniter\Database\BaseBuilder->get()
#5 /var/www/wappbuzz/app/Filters/MainFilter.php(57): db_get()
#6 /var/www/wappbuzz/vendor/codeigniter4/framework/system/Filters/Filters.php(184): App\Filters\MainFilter->before()
#7 /var/www/wappbuzz/vendor/codeigniter4/framework/system/CodeIgniter.php(475): CodeIgniter\Filters\Filters->run()
#8 /var/www/wappbuzz/vendor/codeigniter4/framework/system/CodeIgniter.php(361): CodeIgniter\CodeIgniter->handleRequest()
#9 /var/www/wappbuzz/index.php(34): CodeIgniter\CodeIgniter->run()
#10 {main}

Next CodeIgniter\Database\Exceptions\DatabaseException: Too many connections in /var/www/wappbuzz/vendor/codeigniter4/framework/system/Database/MySQLi/Connection.php:229
Stack trace:
#0 /var/www/wappbuzz/vendor/codeigniter4/framework/system/Database/BaseConnection.php(392): CodeIgniter\Database\MySQLi\Connection->connect()
#1 /var/www/wappbuzz/vendor/codeigniter4/framework/system/Database/BaseConnection.php(575): CodeIgniter\Database\BaseConnection->initialize()
#2 /var/www/wappbuzz/vendor/codeigniter4/framework/system/Database/BaseBuilder.php(1616): CodeIgniter\Database\BaseConnection->query()
#3 /var/www/wappbuzz/app/Helpers/Common_helper.php(1444): CodeIgniter\Database\BaseBuilder->get()
#4 /var/www/wappbuzz/app/Filters/MainFilter.php(57): db_get()
#5 /var/www/wappbuzz/vendor/codeigniter4/framework/system/Filters/Filters.php(184): App\Filters\MainFilter->before()
#6 /var/www/wappbuzz/vendor/codeigniter4/framework/system/CodeIgniter.php(475): CodeIgniter\Filters\Filters->run()
#7 /var/www/wappbuzz/vendor/codeigniter4/framework/system/CodeIgniter.php(361): CodeIgniter\CodeIgniter->handleRequest()
#8 /var/www/wappbuzz/index.php(34): CodeIgniter\CodeIgniter->run()
#9 {main}
CRITICAL - 2026-05-19 09:33:06 --> CodeIgniter\Database\Exceptions\DatabaseException: Unable to connect to the database.
Main connection [MySQLi]: Too many connections
in SYSTEMPATH/Database/BaseConnection.php on line 428.
 1 SYSTEMPATH/Database/BaseConnection.php(575): CodeIgniter\Database\BaseConnection->initialize()
 2 SYSTEMPATH/Database/BaseBuilder.php(1616): CodeIgniter\Database\BaseConnection->query()
 3 APPPATH/Helpers/Common_helper.php(1444): CodeIgniter\Database\BaseBuilder->get()
 4 APPPATH/Filters/MainFilter.php(57): db_get()
 5 SYSTEMPATH/Filters/Filters.php(184): App\Filters\MainFilter->before()
 6 SYSTEMPATH/CodeIgniter.php(475): CodeIgniter\Filters\Filters->run()
 7 SYSTEMPATH/CodeIgniter.php(361): CodeIgniter\CodeIgniter->handleRequest()
 8 FCPATH/index.php(34): CodeIgniter\CodeIgniter->run()
ERROR - 2026-05-19 09:33:51 --> Error connecting to the database: mysqli_sql_exception: Too many connections in /var/www/wappbuzz/vendor/codeigniter4/framework/system/Database/MySQLi/Connection.php:185
Stack trace:
#0 /var/www/wappbuzz/vendor/codeigniter4/framework/system/Database/MySQLi/Connection.php(185): mysqli->real_connect()
#1 /var/www/wappbuzz/vendor/codeigniter4/framework/system/Database/BaseConnection.php(392): CodeIgniter\Database\MySQLi\Connection->connect()
#2 /var/www/wappbuzz/vendor/codeigniter4/framework/system/Database/BaseConnection.php(575): CodeIgniter\Database\BaseConnection->initialize()
#3 /var/www/wappbuzz/vendor/codeigniter4/framework/system/Database/BaseBuilder.php(1616): CodeIgniter\Database\BaseConnection->query()
#4 /var/www/wappbuzz/app/Helpers/Common_helper.php(1444): CodeIgniter\Database\BaseBuilder->get()
#5 /var/www/wappbuzz/app/Helpers/Common_helper.php(1348): db_get()
#6 /var/www/wappbuzz/app/Helpers/Common_helper.php(1793): get_option()
#7 /var/www/wappbuzz/inc/core/Home/Controllers/Home.php(7): parse_config()
#8 /var/www/wappbuzz/vendor/codeigniter4/framework/system/CodeIgniter.php(915): Core\Home\Controllers\Home->__construct()
#9 /var/www/wappbuzz/vendor/codeigniter4/framework/system/CodeIgniter.php(971): CodeIgniter\CodeIgniter->createController()
#10 /var/www/wappbuzz/vendor/codeigniter4/framework/system/CodeIgniter.php(370): CodeIgniter\CodeIgniter->display404errors()
#11 /var/www/wappbuzz/index.php(34): CodeIgniter\CodeIgniter->run()
#12 {main}

Next CodeIgniter\Database\Exceptions\DatabaseException: Too many connections in /var/www/wappbuzz/vendor/codeigniter4/framework/system/Database/MySQLi/Connection.php:229
Stack trace:
#0 /var/www/wappbuzz/vendor/codeigniter4/framework/system/Database/BaseConnection.php(392): CodeIgniter\Database\MySQLi\Connection->connect()
#1 /var/www/wappbuzz/vendor/codeigniter4/framework/system/Database/BaseConnection.php(575): CodeIgniter\Database\BaseConnection->initialize()
#2 /var/www/wappbuzz/vendor/codeigniter4/framework/system/Database/BaseBuilder.php(1616): CodeIgniter\Database\BaseConnection->query()
#3 /var/www/wappbuzz/app/Helpers/Common_helper.php(1444): CodeIgniter\Database\BaseBuilder->get()
#4 /var/www/wappbuzz/app/Helpers/Common_helper.php(1348): db_get()
#5 /var/www/wappbuzz/app/Helpers/Common_helper.php(1793): get_option()
#6 /var/www/wappbuzz/inc/core/Home/Controllers/Home.php(7): parse_config()
#7 /var/www/wappbuzz/vendor/codeigniter4/framework/system/CodeIgniter.php(915): Core\Home\Controllers\Home->__construct()
#8 /var/www/wappbuzz/vendor/codeigniter4/framework/system/CodeIgniter.php(971): CodeIgniter\CodeIgniter->createController()
#9 /var/www/wappbuzz/vendor/codeigniter4/framework/system/CodeIgniter.php(370): CodeIgniter\CodeIgniter->display404errors()
#10 /var/www/wappbuzz/index.php(34): CodeIgniter\CodeIgniter->run()
#11 {main}
CRITICAL - 2026-05-19 09:33:51 --> CodeIgniter\Database\Exceptions\DatabaseException: Unable to connect to the database.
Main connection [MySQLi]: Too many connections
in SYSTEMPATH/Database/BaseConnection.php on line 428.
 1 SYSTEMPATH/Database/BaseConnection.php(575): CodeIgniter\Database\BaseConnection->initialize()
 2 SYSTEMPATH/Database/BaseBuilder.php(1616): CodeIgniter\Database\BaseConnection->query()
 3 APPPATH/Helpers/Common_helper.php(1444): CodeIgniter\Database\BaseBuilder->get()
 4 APPPATH/Helpers/Common_helper.php(1348): db_get()
 5 APPPATH/Helpers/Common_helper.php(1793): get_option()
 6 FCPATH/inc/core/Home/Controllers/Home.php(7): parse_config()
 7 SYSTEMPATH/CodeIgniter.php(915): Core\Home\Controllers\Home->__construct()
 8 SYSTEMPATH/CodeIgniter.php(971): CodeIgniter\CodeIgniter->createController()
 9 SYSTEMPATH/CodeIgniter.php(370): CodeIgniter\CodeIgniter->display404errors()
10 FCPATH/index.php(34): CodeIgniter\CodeIgniter->run()
ERROR - 2026-05-19 09:47:06 --> Error connecting to the database: mysqli_sql_exception: Too many connections in /var/www/wappbuzz/vendor/codeigniter4/framework/system/Database/MySQLi/Connection.php:185
Stack trace:
#0 /var/www/wappbuzz/vendor/codeigniter4/framework/system/Database/MySQLi/Connection.php(185): mysqli->real_connect()
#1 /var/www/wappbuzz/vendor/codeigniter4/framework/system/Database/BaseConnection.php(392): CodeIgniter\Database\MySQLi\Connection->connect()
#2 /var/www/wappbuzz/vendor/codeigniter4/framework/system/Database/BaseConnection.php(575): CodeIgniter\Database\BaseConnection->initialize()
#3 /var/www/wappbuzz/vendor/codeigniter4/framework/system/Database/BaseBuilder.php(1616): CodeIgniter\Database\BaseConnection->query()
#4 /var/www/wappbuzz/app/Helpers/Common_helper.php(1444): CodeIgniter\Database\BaseBuilder->get()
#5 /var/www/wappbuzz/app/Filters/MainFilter.php(57): db_get()
#6 /var/www/wappbuzz/vendor/codeigniter4/framework/system/Filters/Filters.php(184): App\Filters\MainFilter->before()
#7 /var/www/wappbuzz/vendor/codeigniter4/framework/system/CodeIgniter.php(475): CodeIgniter\Filters\Filters->run()
#8 /var/www/wappbuzz/vendor/codeigniter4/framework/system/CodeIgniter.php(361): CodeIgniter\CodeIgniter->handleRequest()
#9 /var/www/wappbuzz/index.php(34): CodeIgniter\CodeIgniter->run()
#10 {main}

Next CodeIgniter\Database\Exceptions\DatabaseException: Too many connections in /var/www/wappbuzz/vendor/codeigniter4/framework/system/Database/MySQLi/Connection.php:229
Stack trace:
#0 /var/www/wappbuzz/vendor/codeigniter4/framework/system/Database/BaseConnection.php(392): CodeIgniter\Database\MySQLi\Connection->connect()
#1 /var/www/wappbuzz/vendor/codeigniter4/framework/system/Database/BaseConnection.php(575): CodeIgniter\Database\BaseConnection->initialize()
#2 /var/www/wappbuzz/vendor/codeigniter4/framework/system/Database/BaseBuilder.php(1616): CodeIgniter\Database\BaseConnection->query()
#3 /var/www/wappbuzz/app/Helpers/Common_helper.php(1444): CodeIgniter\Database\BaseBuilder->get()
#4 /var/www/wappbuzz/app/Filters/MainFilter.php(57): db_get()
#5 /var/www/wappbuzz/vendor/codeigniter4/framework/system/Filters/Filters.php(184): App\Filters\MainFilter->before()
#6 /var/www/wappbuzz/vendor/codeigniter4/framework/system/CodeIgniter.php(475): CodeIgniter\Filters\Filters->run()
#7 /var/www/wappbuzz/vendor/codeigniter4/framework/system/CodeIgniter.php(361): CodeIgniter\CodeIgniter->handleRequest()
#8 /var/www/wappbuzz/index.php(34): CodeIgniter\CodeIgniter->run()
#9 {main}
CRITICAL - 2026-05-19 09:47:06 --> CodeIgniter\Database\Exceptions\DatabaseException: Unable to connect to the database.
Main connection [MySQLi]: Too many connections
in SYSTEMPATH/Database/BaseConnection.php on line 428.
 1 SYSTEMPATH/Database/BaseConnection.php(575): CodeIgniter\Database\BaseConnection->initialize()
 2 SYSTEMPATH/Database/BaseBuilder.php(1616): CodeIgniter\Database\BaseConnection->query()
 3 APPPATH/Helpers/Common_helper.php(1444): CodeIgniter\Database\BaseBuilder->get()
 4 APPPATH/Filters/MainFilter.php(57): db_get()
 5 SYSTEMPATH/Filters/Filters.php(184): App\Filters\MainFilter->before()
 6 SYSTEMPATH/CodeIgniter.php(475): CodeIgniter\Filters\Filters->run()
 7 SYSTEMPATH/CodeIgniter.php(361): CodeIgniter\CodeIgniter->handleRequest()
 8 FCPATH/index.php(34): CodeIgniter\CodeIgniter->run()
ERROR - 2026-05-19 09:53:57 --> Error connecting to the database: mysqli_sql_exception: Too many connections in /var/www/wappbuzz/vendor/codeigniter4/framework/system/Database/MySQLi/Connection.php:185
Stack trace:
#0 /var/www/wappbuzz/vendor/codeigniter4/framework/system/Database/MySQLi/Connection.php(185): mysqli->real_connect()
#1 /var/www/wappbuzz/vendor/codeigniter4/framework/system/Database/BaseConnection.php(392): CodeIgniter\Database\MySQLi\Connection->connect()
#2 /var/www/wappbuzz/vendor/codeigniter4/framework/system/Database/BaseConnection.php(575): CodeIgniter\Database\BaseConnection->initialize()
#3 /var/www/wappbuzz/vendor/codeigniter4/framework/system/Database/BaseBuilder.php(1616): CodeIgniter\Database\BaseConnection->query()
#4 /var/www/wappbuzz/app/Helpers/Common_helper.php(1444): CodeIgniter\Database\BaseBuilder->get()
#5 /var/www/wappbuzz/app/Helpers/Common_helper.php(1348): db_get()
#6 /var/www/wappbuzz/app/Helpers/Common_helper.php(1793): get_option()
#7 /var/www/wappbuzz/inc/core/Home/Controllers/Home.php(7): parse_config()
#8 /var/www/wappbuzz/vendor/codeigniter4/framework/system/CodeIgniter.php(915): Core\Home\Controllers\Home->__construct()
#9 /var/www/wappbuzz/vendor/codeigniter4/framework/system/CodeIgniter.php(971): CodeIgniter\CodeIgniter->createController()
#10 /var/www/wappbuzz/vendor/codeigniter4/framework/system/CodeIgniter.php(370): CodeIgniter\CodeIgniter->display404errors()
#11 /var/www/wappbuzz/index.php(34): CodeIgniter\CodeIgniter->run()
#12 {main}

Next CodeIgniter\Database\Exceptions\DatabaseException: Too many connections in /var/www/wappbuzz/vendor/codeigniter4/framework/system/Database/MySQLi/Connection.php:229
Stack trace:
#0 /var/www/wappbuzz/vendor/codeigniter4/framework/system/Database/BaseConnection.php(392): CodeIgniter\Database\MySQLi\Connection->connect()
#1 /var/www/wappbuzz/vendor/codeigniter4/framework/system/Database/BaseConnection.php(575): CodeIgniter\Database\BaseConnection->initialize()
#2 /var/www/wappbuzz/vendor/codeigniter4/framework/system/Database/BaseBuilder.php(1616): CodeIgniter\Database\BaseConnection->query()
#3 /var/www/wappbuzz/app/Helpers/Common_helper.php(1444): CodeIgniter\Database\BaseBuilder->get()
#4 /var/www/wappbuzz/app/Helpers/Common_helper.php(1348): db_get()
#5 /var/www/wappbuzz/app/Helpers/Common_helper.php(1793): get_option()
#6 /var/www/wappbuzz/inc/core/Home/Controllers/Home.php(7): parse_config()
#7 /var/www/wappbuzz/vendor/codeigniter4/framework/system/CodeIgniter.php(915): Core\Home\Controllers\Home->__construct()
#8 /var/www/wappbuzz/vendor/codeigniter4/framework/system/CodeIgniter.php(971): CodeIgniter\CodeIgniter->createController()
#9 /var/www/wappbuzz/vendor/codeigniter4/framework/system/CodeIgniter.php(370): CodeIgniter\CodeIgniter->display404errors()
#10 /var/www/wappbuzz/index.php(34): CodeIgniter\CodeIgniter->run()
#11 {main}
CRITICAL - 2026-05-19 09:53:57 --> CodeIgniter\Database\Exceptions\DatabaseException: Unable to connect to the database.
Main connection [MySQLi]: Too many connections
in SYSTEMPATH/Database/BaseConnection.php on line 428.
 1 SYSTEMPATH/Database/BaseConnection.php(575): CodeIgniter\Database\BaseConnection->initialize()
 2 SYSTEMPATH/Database/BaseBuilder.php(1616): CodeIgniter\Database\BaseConnection->query()
 3 APPPATH/Helpers/Common_helper.php(1444): CodeIgniter\Database\BaseBuilder->get()
 4 APPPATH/Helpers/Common_helper.php(1348): db_get()
 5 APPPATH/Helpers/Common_helper.php(1793): get_option()
 6 FCPATH/inc/core/Home/Controllers/Home.php(7): parse_config()
 7 SYSTEMPATH/CodeIgniter.php(915): Core\Home\Controllers\Home->__construct()
 8 SYSTEMPATH/CodeIgniter.php(971): CodeIgniter\CodeIgniter->createController()
 9 SYSTEMPATH/CodeIgniter.php(370): CodeIgniter\CodeIgniter->display404errors()
10 FCPATH/index.php(34): CodeIgniter\CodeIgniter->run()
ERROR - 2026-05-19 09:53:57 --> Error connecting to the database: mysqli_sql_exception: Too many connections in /var/www/wappbuzz/vendor/codeigniter4/framework/system/Database/MySQLi/Connection.php:185
Stack trace:
#0 /var/www/wappbuzz/vendor/codeigniter4/framework/system/Database/MySQLi/Connection.php(185): mysqli->real_connect()
#1 /var/www/wappbuzz/vendor/codeigniter4/framework/system/Database/BaseConnection.php(392): CodeIgniter\Database\MySQLi\Connection->connect()
#2 /var/www/wappbuzz/vendor/codeigniter4/framework/system/Database/BaseConnection.php(575): CodeIgniter\Database\BaseConnection->initialize()
#3 /var/www/wappbuzz/vendor/codeigniter4/framework/system/Database/BaseBuilder.php(1616): CodeIgniter\Database\BaseConnection->query()
#4 /var/www/wappbuzz/app/Helpers/Common_helper.php(1444): CodeIgniter\Database\BaseBuilder->get()
#5 /var/www/wappbuzz/app/Filters/MainFilter.php(57): db_get()
#6 /var/www/wappbuzz/vendor/codeigniter4/framework/system/Filters/Filters.php(184): App\Filters\MainFilter->before()
#7 /var/www/wappbuzz/vendor/codeigniter4/framework/system/CodeIgniter.php(475): CodeIgniter\Filters\Filters->run()
#8 /var/www/wappbuzz/vendor/codeigniter4/framework/system/CodeIgniter.php(361): CodeIgniter\CodeIgniter->handleRequest()
#9 /var/www/wappbuzz/index.php(34): CodeIgniter\CodeIgniter->run()
#10 {main}

Next CodeIgniter\Database\Exceptions\DatabaseException: Too many connections in /var/www/wappbuzz/vendor/codeigniter4/framework/system/Database/MySQLi/Connection.php:229
Stack trace:
#0 /var/www/wappbuzz/vendor/codeigniter4/framework/system/Database/BaseConnection.php(392): CodeIgniter\Database\MySQLi\Connection->connect()
#1 /var/www/wappbuzz/vendor/codeigniter4/framework/system/Database/BaseConnection.php(575): CodeIgniter\Database\BaseConnection->initialize()
#2 /var/www/wappbuzz/vendor/codeigniter4/framework/system/Database/BaseBuilder.php(1616): CodeIgniter\Database\BaseConnection->query()
#3 /var/www/wappbuzz/app/Helpers/Common_helper.php(1444): CodeIgniter\Database\BaseBuilder->get()
#4 /var/www/wappbuzz/app/Filters/MainFilter.php(57): db_get()
#5 /var/www/wappbuzz/vendor/codeigniter4/framework/system/Filters/Filters.php(184): App\Filters\MainFilter->before()
#6 /var/www/wappbuzz/vendor/codeigniter4/framework/system/CodeIgniter.php(475): CodeIgniter\Filters\Filters->run()
#7 /var/www/wappbuzz/vendor/codeigniter4/framework/system/CodeIgniter.php(361): CodeIgniter\CodeIgniter->handleRequest()
#8 /var/www/wappbuzz/index.php(34): CodeIgniter\CodeIgniter->run()
#9 {main}
CRITICAL - 2026-05-19 09:53:57 --> CodeIgniter\Database\Exceptions\DatabaseException: Unable to connect to the database.
Main connection [MySQLi]: Too many connections
in SYSTEMPATH/Database/BaseConnection.php on line 428.
 1 SYSTEMPATH/Database/BaseConnection.php(575): CodeIgniter\Database\BaseConnection->initialize()
 2 SYSTEMPATH/Database/BaseBuilder.php(1616): CodeIgniter\Database\BaseConnection->query()
 3 APPPATH/Helpers/Common_helper.php(1444): CodeIgniter\Database\BaseBuilder->get()
 4 APPPATH/Filters/MainFilter.php(57): db_get()
 5 SYSTEMPATH/Filters/Filters.php(184): App\Filters\MainFilter->before()
 6 SYSTEMPATH/CodeIgniter.php(475): CodeIgniter\Filters\Filters->run()
 7 SYSTEMPATH/CodeIgniter.php(361): CodeIgniter\CodeIgniter->handleRequest()
 8 FCPATH/index.php(34): CodeIgniter\CodeIgniter->run()
ERROR - 2026-05-19 09:53:57 --> Error connecting to the database: mysqli_sql_exception: Too many connections in /var/www/wappbuzz/vendor/codeigniter4/framework/system/Database/MySQLi/Connection.php:185
Stack trace:
#0 /var/www/wappbuzz/vendor/codeigniter4/framework/system/Database/MySQLi/Connection.php(185): mysqli->real_connect()
#1 /var/www/wappbuzz/vendor/codeigniter4/framework/system/Database/BaseConnection.php(392): CodeIgniter\Database\MySQLi\Connection->connect()
#2 /var/www/wappbuzz/vendor/codeigniter4/framework/system/Database/BaseConnection.php(575): CodeIgniter\Database\BaseConnection->initialize()
#3 /var/www/wappbuzz/vendor/codeigniter4/framework/system/Database/BaseBuilder.php(1616): CodeIgniter\Database\BaseConnection->query()
#4 /var/www/wappbuzz/app/Helpers/Common_helper.php(1444): CodeIgniter\Database\BaseBuilder->get()
#5 /var/www/wappbuzz/app/Filters/MainFilter.php(57): db_get()
#6 /var/www/wappbuzz/vendor/codeigniter4/framework/system/Filters/Filters.php(184): App\Filters\MainFilter->before()
#7 /var/www/wappbuzz/vendor/codeigniter4/framework/system/CodeIgniter.php(475): CodeIgniter\Filters\Filters->run()
#8 /var/www/wappbuzz/vendor/codeigniter4/framework/system/CodeIgniter.php(361): CodeIgniter\CodeIgniter->handleRequest()
#9 /var/www/wappbuzz/index.php(34): CodeIgniter\CodeIgniter->run()
#10 {main}

Next CodeIgniter\Database\Exceptions\DatabaseException: Too many connections in /var/www/wappbuzz/vendor/codeigniter4/framework/system/Database/MySQLi/Connection.php:229
Stack trace:
#0 /var/www/wappbuzz/vendor/codeigniter4/framework/system/Database/BaseConnection.php(392): CodeIgniter\Database\MySQLi\Connection->connect()
#1 /var/www/wappbuzz/vendor/codeigniter4/framework/system/Database/BaseConnection.php(575): CodeIgniter\Database\BaseConnection->initialize()
#2 /var/www/wappbuzz/vendor/codeigniter4/framework/system/Database/BaseBuilder.php(1616): CodeIgniter\Database\BaseConnection->query()
#3 /var/www/wappbuzz/app/Helpers/Common_helper.php(1444): CodeIgniter\Database\BaseBuilder->get()
#4 /var/www/wappbuzz/app/Filters/MainFilter.php(57): db_get()
#5 /var/www/wappbuzz/vendor/codeigniter4/framework/system/Filters/Filters.php(184): App\Filters\MainFilter->before()
#6 /var/www/wappbuzz/vendor/codeigniter4/framework/system/CodeIgniter.php(475): CodeIgniter\Filters\Filters->run()
#7 /var/www/wappbuzz/vendor/codeigniter4/framework/system/CodeIgniter.php(361): CodeIgniter\CodeIgniter->handleRequest()
#8 /var/www/wappbuzz/index.php(34): CodeIgniter\CodeIgniter->run()
#9 {main}
CRITICAL - 2026-05-19 09:53:57 --> CodeIgniter\Database\Exceptions\DatabaseException: Unable to connect to the database.
Main connection [MySQLi]: Too many connections
in SYSTEMPATH/Database/BaseConnection.php on line 428.
 1 SYSTEMPATH/Database/BaseConnection.php(575): CodeIgniter\Database\BaseConnection->initialize()
 2 SYSTEMPATH/Database/BaseBuilder.php(1616): CodeIgniter\Database\BaseConnection->query()
 3 APPPATH/Helpers/Common_helper.php(1444): CodeIgniter\Database\BaseBuilder->get()
 4 APPPATH/Filters/MainFilter.php(57): db_get()
 5 SYSTEMPATH/Filters/Filters.php(184): App\Filters\MainFilter->before()
 6 SYSTEMPATH/CodeIgniter.php(475): CodeIgniter\Filters\Filters->run()
 7 SYSTEMPATH/CodeIgniter.php(361): CodeIgniter\CodeIgniter->handleRequest()
 8 FCPATH/index.php(34): CodeIgniter\CodeIgniter->run()
ERROR - 2026-05-19 09:53:58 --> Error connecting to the database: mysqli_sql_exception: Too many connections in /var/www/wappbuzz/vendor/codeigniter4/framework/system/Database/MySQLi/Connection.php:185
Stack trace:
#0 /var/www/wappbuzz/vendor/codeigniter4/framework/system/Database/MySQLi/Connection.php(185): mysqli->real_connect()
#1 /var/www/wappbuzz/vendor/codeigniter4/framework/system/Database/BaseConnection.php(392): CodeIgniter\Database\MySQLi\Connection->connect()
#2 /var/www/wappbuzz/vendor/codeigniter4/framework/system/Database/BaseConnection.php(575): CodeIgniter\Database\BaseConnection->initialize()
#3 /var/www/wappbuzz/vendor/codeigniter4/framework/system/Database/BaseBuilder.php(1616): CodeIgniter\Database\BaseConnection->query()
#4 /var/www/wappbuzz/app/Helpers/Common_helper.php(1444): CodeIgniter\Database\BaseBuilder->get()
#5 /var/www/wappbuzz/app/Filters/MainFilter.php(57): db_get()
#6 /var/www/wappbuzz/vendor/codeigniter4/framework/system/Filters/Filters.php(184): App\Filters\MainFilter->before()
#7 /var/www/wappbuzz/vendor/codeigniter4/framework/system/CodeIgniter.php(475): CodeIgniter\Filters\Filters->run()
#8 /var/www/wappbuzz/vendor/codeigniter4/framework/system/CodeIgniter.php(361): CodeIgniter\CodeIgniter->handleRequest()
#9 /var/www/wappbuzz/index.php(34): CodeIgniter\CodeIgniter->run()
#10 {main}

Next CodeIgniter\Database\Exceptions\DatabaseException: Too many connections in /var/www/wappbuzz/vendor/codeigniter4/framework/system/Database/MySQLi/Connection.php:229
Stack trace:
#0 /var/www/wappbuzz/vendor/codeigniter4/framework/system/Database/BaseConnection.php(392): CodeIgniter\Database\MySQLi\Connection->connect()
#1 /var/www/wappbuzz/vendor/codeigniter4/framework/system/Database/BaseConnection.php(575): CodeIgniter\Database\BaseConnection->initialize()
#2 /var/www/wappbuzz/vendor/codeigniter4/framework/system/Database/BaseBuilder.php(1616): CodeIgniter\Database\BaseConnection->query()
#3 /var/www/wappbuzz/app/Helpers/Common_helper.php(1444): CodeIgniter\Database\BaseBuilder->get()
#4 /var/www/wappbuzz/app/Filters/MainFilter.php(57): db_get()
#5 /var/www/wappbuzz/vendor/codeigniter4/framework/system/Filters/Filters.php(184): App\Filters\MainFilter->before()
#6 /var/www/wappbuzz/vendor/codeigniter4/framework/system/CodeIgniter.php(475): CodeIgniter\Filters\Filters->run()
#7 /var/www/wappbuzz/vendor/codeigniter4/framework/system/CodeIgniter.php(361): CodeIgniter\CodeIgniter->handleRequest()
#8 /var/www/wappbuzz/index.php(34): CodeIgniter\CodeIgniter->run()
#9 {main}
CRITICAL - 2026-05-19 09:53:58 --> CodeIgniter\Database\Exceptions\DatabaseException: Unable to connect to the database.
Main connection [MySQLi]: Too many connections
in SYSTEMPATH/Database/BaseConnection.php on line 428.
 1 SYSTEMPATH/Database/BaseConnection.php(575): CodeIgniter\Database\BaseConnection->initialize()
 2 SYSTEMPATH/Database/BaseBuilder.php(1616): CodeIgniter\Database\BaseConnection->query()
 3 APPPATH/Helpers/Common_helper.php(1444): CodeIgniter\Database\BaseBuilder->get()
 4 APPPATH/Filters/MainFilter.php(57): db_get()
 5 SYSTEMPATH/Filters/Filters.php(184): App\Filters\MainFilter->before()
 6 SYSTEMPATH/CodeIgniter.php(475): CodeIgniter\Filters\Filters->run()
 7 SYSTEMPATH/CodeIgniter.php(361): CodeIgniter\CodeIgniter->handleRequest()
 8 FCPATH/index.php(34): CodeIgniter\CodeIgniter->run()
ERROR - 2026-05-19 09:53:58 --> Error connecting to the database: mysqli_sql_exception: Too many connections in /var/www/wappbuzz/vendor/codeigniter4/framework/system/Database/MySQLi/Connection.php:185
Stack trace:
#0 /var/www/wappbuzz/vendor/codeigniter4/framework/system/Database/MySQLi/Connection.php(185): mysqli->real_connect()
#1 /var/www/wappbuzz/vendor/codeigniter4/framework/system/Database/BaseConnection.php(392): CodeIgniter\Database\MySQLi\Connection->connect()
#2 /var/www/wappbuzz/vendor/codeigniter4/framework/system/Database/BaseConnection.php(575): CodeIgniter\Database\BaseConnection->initialize()
#3 /var/www/wappbuzz/vendor/codeigniter4/framework/system/Database/BaseBuilder.php(1616): CodeIgniter\Database\BaseConnection->query()
#4 /var/www/wappbuzz/app/Helpers/Common_helper.php(1444): CodeIgniter\Database\BaseBuilder->get()
#5 /var/www/wappbuzz/app/Filters/MainFilter.php(57): db_get()
#6 /var/www/wappbuzz/vendor/codeigniter4/framework/system/Filters/Filters.php(184): App\Filters\MainFilter->before()
#7 /var/www/wappbuzz/vendor/codeigniter4/framework/system/CodeIgniter.php(475): CodeIgniter\Filters\Filters->run()
#8 /var/www/wappbuzz/vendor/codeigniter4/framework/system/CodeIgniter.php(361): CodeIgniter\CodeIgniter->handleRequest()
#9 /var/www/wappbuzz/index.php(34): CodeIgniter\CodeIgniter->run()
#10 {main}

Next CodeIgniter\Database\Exceptions\DatabaseException: Too many connections in /var/www/wappbuzz/vendor/codeigniter4/framework/system/Database/MySQLi/Connection.php:229
Stack trace:
#0 /var/www/wappbuzz/vendor/codeigniter4/framework/system/Database/BaseConnection.php(392): CodeIgniter\Database\MySQLi\Connection->connect()
#1 /var/www/wappbuzz/vendor/codeigniter4/framework/system/Database/BaseConnection.php(575): CodeIgniter\Database\BaseConnection->initialize()
#2 /var/www/wappbuzz/vendor/codeigniter4/framework/system/Database/BaseBuilder.php(1616): CodeIgniter\Database\BaseConnection->query()
#3 /var/www/wappbuzz/app/Helpers/Common_helper.php(1444): CodeIgniter\Database\BaseBuilder->get()
#4 /var/www/wappbuzz/app/Filters/MainFilter.php(57): db_get()
#5 /var/www/wappbuzz/vendor/codeigniter4/framework/system/Filters/Filters.php(184): App\Filters\MainFilter->before()
#6 /var/www/wappbuzz/vendor/codeigniter4/framework/system/CodeIgniter.php(475): CodeIgniter\Filters\Filters->run()
#7 /var/www/wappbuzz/vendor/codeigniter4/framework/system/CodeIgniter.php(361): CodeIgniter\CodeIgniter->handleRequest()
#8 /var/www/wappbuzz/index.php(34): CodeIgniter\CodeIgniter->run()
#9 {main}
CRITICAL - 2026-05-19 09:53:58 --> CodeIgniter\Database\Exceptions\DatabaseException: Unable to connect to the database.
Main connection [MySQLi]: Too many connections
in SYSTEMPATH/Database/BaseConnection.php on line 428.
 1 SYSTEMPATH/Database/BaseConnection.php(575): CodeIgniter\Database\BaseConnection->initialize()
 2 SYSTEMPATH/Database/BaseBuilder.php(1616): CodeIgniter\Database\BaseConnection->query()
 3 APPPATH/Helpers/Common_helper.php(1444): CodeIgniter\Database\BaseBuilder->get()
 4 APPPATH/Filters/MainFilter.php(57): db_get()
 5 SYSTEMPATH/Filters/Filters.php(184): App\Filters\MainFilter->before()
 6 SYSTEMPATH/CodeIgniter.php(475): CodeIgniter\Filters\Filters->run()
 7 SYSTEMPATH/CodeIgniter.php(361): CodeIgniter\CodeIgniter->handleRequest()
 8 FCPATH/index.php(34): CodeIgniter\CodeIgniter->run()
ERROR - 2026-05-19 09:53:58 --> Error connecting to the database: mysqli_sql_exception: Too many connections in /var/www/wappbuzz/vendor/codeigniter4/framework/system/Database/MySQLi/Connection.php:185
Stack trace:
#0 /var/www/wappbuzz/vendor/codeigniter4/framework/system/Database/MySQLi/Connection.php(185): mysqli->real_connect()
#1 /var/www/wappbuzz/vendor/codeigniter4/framework/system/Database/BaseConnection.php(392): CodeIgniter\Database\MySQLi\Connection->connect()
#2 /var/www/wappbuzz/vendor/codeigniter4/framework/system/Database/BaseConnection.php(575): CodeIgniter\Database\BaseConnection->initialize()
#3 /var/www/wappbuzz/vendor/codeigniter4/framework/system/Database/BaseBuilder.php(1616): CodeIgniter\Database\BaseConnection->query()
#4 /var/www/wappbuzz/app/Helpers/Common_helper.php(1444): CodeIgniter\Database\BaseBuilder->get()
#5 /var/www/wappbuzz/app/Filters/MainFilter.php(57): db_get()
#6 /var/www/wappbuzz/vendor/codeigniter4/framework/system/Filters/Filters.php(184): App\Filters\MainFilter->before()
#7 /var/www/wappbuzz/vendor/codeigniter4/framework/system/CodeIgniter.php(475): CodeIgniter\Filters\Filters->run()
#8 /var/www/wappbuzz/vendor/codeigniter4/framework/system/CodeIgniter.php(361): CodeIgniter\CodeIgniter->handleRequest()
#9 /var/www/wappbuzz/index.php(34): CodeIgniter\CodeIgniter->run()
#10 {main}

Next CodeIgniter\Database\Exceptions\DatabaseException: Too many connections in /var/www/wappbuzz/vendor/codeigniter4/framework/system/Database/MySQLi/Connection.php:229
Stack trace:
#0 /var/www/wappbuzz/vendor/codeigniter4/framework/system/Database/BaseConnection.php(392): CodeIgniter\Database\MySQLi\Connection->connect()
#1 /var/www/wappbuzz/vendor/codeigniter4/framework/system/Database/BaseConnection.php(575): CodeIgniter\Database\BaseConnection->initialize()
#2 /var/www/wappbuzz/vendor/codeigniter4/framework/system/Database/BaseBuilder.php(1616): CodeIgniter\Database\BaseConnection->query()
#3 /var/www/wappbuzz/app/Helpers/Common_helper.php(1444): CodeIgniter\Database\BaseBuilder->get()
#4 /var/www/wappbuzz/app/Filters/MainFilter.php(57): db_get()
#5 /var/www/wappbuzz/vendor/codeigniter4/framework/system/Filters/Filters.php(184): App\Filters\MainFilter->before()
#6 /var/www/wappbuzz/vendor/codeigniter4/framework/system/CodeIgniter.php(475): CodeIgniter\Filters\Filters->run()
#7 /var/www/wappbuzz/vendor/codeigniter4/framework/system/CodeIgniter.php(361): CodeIgniter\CodeIgniter->handleRequest()
#8 /var/www/wappbuzz/index.php(34): CodeIgniter\CodeIgniter->run()
#9 {main}
CRITICAL - 2026-05-19 09:53:58 --> CodeIgniter\Database\Exceptions\DatabaseException: Unable to connect to the database.
Main connection [MySQLi]: Too many connections
in SYSTEMPATH/Database/BaseConnection.php on line 428.
 1 SYSTEMPATH/Database/BaseConnection.php(575): CodeIgniter\Database\BaseConnection->initialize()
 2 SYSTEMPATH/Database/BaseBuilder.php(1616): CodeIgniter\Database\BaseConnection->query()
 3 APPPATH/Helpers/Common_helper.php(1444): CodeIgniter\Database\BaseBuilder->get()
 4 APPPATH/Filters/MainFilter.php(57): db_get()
 5 SYSTEMPATH/Filters/Filters.php(184): App\Filters\MainFilter->before()
 6 SYSTEMPATH/CodeIgniter.php(475): CodeIgniter\Filters\Filters->run()
 7 SYSTEMPATH/CodeIgniter.php(361): CodeIgniter\CodeIgniter->handleRequest()
 8 FCPATH/index.php(34): CodeIgniter\CodeIgniter->run()
ERROR - 2026-05-19 09:53:58 --> Error connecting to the database: mysqli_sql_exception: Too many connections in /var/www/wappbuzz/vendor/codeigniter4/framework/system/Database/MySQLi/Connection.php:185
Stack trace:
#0 /var/www/wappbuzz/vendor/codeigniter4/framework/system/Database/MySQLi/Connection.php(185): mysqli->real_connect()
#1 /var/www/wappbuzz/vendor/codeigniter4/framework/system/Database/BaseConnection.php(392): CodeIgniter\Database\MySQLi\Connection->connect()
#2 /var/www/wappbuzz/vendor/codeigniter4/framework/system/Database/BaseConnection.php(575): CodeIgniter\Database\BaseConnection->initialize()
#3 /var/www/wappbuzz/vendor/codeigniter4/framework/system/Database/BaseBuilder.php(1616): CodeIgniter\Database\BaseConnection->query()
#4 /var/www/wappbuzz/app/Helpers/Common_helper.php(1444): CodeIgniter\Database\BaseBuilder->get()
#5 /var/www/wappbuzz/app/Filters/MainFilter.php(57): db_get()
#6 /var/www/wappbuzz/vendor/codeigniter4/framework/system/Filters/Filters.php(184): App\Filters\MainFilter->before()
#7 /var/www/wappbuzz/vendor/codeigniter4/framework/system/CodeIgniter.php(475): CodeIgniter\Filters\Filters->run()
#8 /var/www/wappbuzz/vendor/codeigniter4/framework/system/CodeIgniter.php(361): CodeIgniter\CodeIgniter->handleRequest()
#9 /var/www/wappbuzz/index.php(34): CodeIgniter\CodeIgniter->run()
#10 {main}

Next CodeIgniter\Database\Exceptions\DatabaseException: Too many connections in /var/www/wappbuzz/vendor/codeigniter4/framework/system/Database/MySQLi/Connection.php:229
Stack trace:
#0 /var/www/wappbuzz/vendor/codeigniter4/framework/system/Database/BaseConnection.php(392): CodeIgniter\Database\MySQLi\Connection->connect()
#1 /var/www/wappbuzz/vendor/codeigniter4/framework/system/Database/BaseConnection.php(575): CodeIgniter\Database\BaseConnection->initialize()
#2 /var/www/wappbuzz/vendor/codeigniter4/framework/system/Database/BaseBuilder.php(1616): CodeIgniter\Database\BaseConnection->query()
#3 /var/www/wappbuzz/app/Helpers/Common_helper.php(1444): CodeIgniter\Database\BaseBuilder->get()
#4 /var/www/wappbuzz/app/Filters/MainFilter.php(57): db_get()
#5 /var/www/wappbuzz/vendor/codeigniter4/framework/system/Filters/Filters.php(184): App\Filters\MainFilter->before()
#6 /var/www/wappbuzz/vendor/codeigniter4/framework/system/CodeIgniter.php(475): CodeIgniter\Filters\Filters->run()
#7 /var/www/wappbuzz/vendor/codeigniter4/framework/system/CodeIgniter.php(361): CodeIgniter\CodeIgniter->handleRequest()
#8 /var/www/wappbuzz/index.php(34): CodeIgniter\CodeIgniter->run()
#9 {main}
CRITICAL - 2026-05-19 09:53:58 --> CodeIgniter\Database\Exceptions\DatabaseException: Unable to connect to the database.
Main connection [MySQLi]: Too many connections
in SYSTEMPATH/Database/BaseConnection.php on line 428.
 1 SYSTEMPATH/Database/BaseConnection.php(575): CodeIgniter\Database\BaseConnection->initialize()
 2 SYSTEMPATH/Database/BaseBuilder.php(1616): CodeIgniter\Database\BaseConnection->query()
 3 APPPATH/Helpers/Common_helper.php(1444): CodeIgniter\Database\BaseBuilder->get()
 4 APPPATH/Filters/MainFilter.php(57): db_get()
 5 SYSTEMPATH/Filters/Filters.php(184): App\Filters\MainFilter->before()
 6 SYSTEMPATH/CodeIgniter.php(475): CodeIgniter\Filters\Filters->run()
 7 SYSTEMPATH/CodeIgniter.php(361): CodeIgniter\CodeIgniter->handleRequest()
 8 FCPATH/index.php(34): CodeIgniter\CodeIgniter->run()
ERROR - 2026-05-19 09:53:59 --> Error connecting to the database: mysqli_sql_exception: Too many connections in /var/www/wappbuzz/vendor/codeigniter4/framework/system/Database/MySQLi/Connection.php:185
Stack trace:
#0 /var/www/wappbuzz/vendor/codeigniter4/framework/system/Database/MySQLi/Connection.php(185): mysqli->real_connect()
#1 /var/www/wappbuzz/vendor/codeigniter4/framework/system/Database/BaseConnection.php(392): CodeIgniter\Database\MySQLi\Connection->connect()
#2 /var/www/wappbuzz/vendor/codeigniter4/framework/system/Database/BaseConnection.php(575): CodeIgniter\Database\BaseConnection->initialize()
#3 /var/www/wappbuzz/vendor/codeigniter4/framework/system/Database/BaseBuilder.php(1616): CodeIgniter\Database\BaseConnection->query()
#4 /var/www/wappbuzz/app/Helpers/Common_helper.php(1444): CodeIgniter\Database\BaseBuilder->get()
#5 /var/www/wappbuzz/app/Helpers/Common_helper.php(1348): db_get()
#6 /var/www/wappbuzz/app/Helpers/Common_helper.php(1793): get_option()
#7 /var/www/wappbuzz/inc/core/Home/Controllers/Home.php(7): parse_config()
#8 /var/www/wappbuzz/vendor/codeigniter4/framework/system/CodeIgniter.php(915): Core\Home\Controllers\Home->__construct()
#9 /var/www/wappbuzz/vendor/codeigniter4/framework/system/CodeIgniter.php(971): CodeIgniter\CodeIgniter->createController()
#10 /var/www/wappbuzz/vendor/codeigniter4/framework/system/CodeIgniter.php(370): CodeIgniter\CodeIgniter->display404errors()
#11 /var/www/wappbuzz/index.php(34): CodeIgniter\CodeIgniter->run()
#12 {main}

Next CodeIgniter\Database\Exceptions\DatabaseException: Too many connections in /var/www/wappbuzz/vendor/codeigniter4/framework/system/Database/MySQLi/Connection.php:229
Stack trace:
#0 /var/www/wappbuzz/vendor/codeigniter4/framework/system/Database/BaseConnection.php(392): CodeIgniter\Database\MySQLi\Connection->connect()
#1 /var/www/wappbuzz/vendor/codeigniter4/framework/system/Database/BaseConnection.php(575): CodeIgniter\Database\BaseConnection->initialize()
#2 /var/www/wappbuzz/vendor/codeigniter4/framework/system/Database/BaseBuilder.php(1616): CodeIgniter\Database\BaseConnection->query()
#3 /var/www/wappbuzz/app/Helpers/Common_helper.php(1444): CodeIgniter\Database\BaseBuilder->get()
#4 /var/www/wappbuzz/app/Helpers/Common_helper.php(1348): db_get()
#5 /var/www/wappbuzz/app/Helpers/Common_helper.php(1793): get_option()
#6 /var/www/wappbuzz/inc/core/Home/Controllers/Home.php(7): parse_config()
#7 /var/www/wappbuzz/vendor/codeigniter4/framework/system/CodeIgniter.php(915): Core\Home\Controllers\Home->__construct()
#8 /var/www/wappbuzz/vendor/codeigniter4/framework/system/CodeIgniter.php(971): CodeIgniter\CodeIgniter->createController()
#9 /var/www/wappbuzz/vendor/codeigniter4/framework/system/CodeIgniter.php(370): CodeIgniter\CodeIgniter->display404errors()
#10 /var/www/wappbuzz/index.php(34): CodeIgniter\CodeIgniter->run()
#11 {main}
CRITICAL - 2026-05-19 09:53:59 --> CodeIgniter\Database\Exceptions\DatabaseException: Unable to connect to the database.
Main connection [MySQLi]: Too many connections
in SYSTEMPATH/Database/BaseConnection.php on line 428.
 1 SYSTEMPATH/Database/BaseConnection.php(575): CodeIgniter\Database\BaseConnection->initialize()
 2 SYSTEMPATH/Database/BaseBuilder.php(1616): CodeIgniter\Database\BaseConnection->query()
 3 APPPATH/Helpers/Common_helper.php(1444): CodeIgniter\Database\BaseBuilder->get()
 4 APPPATH/Helpers/Common_helper.php(1348): db_get()
 5 APPPATH/Helpers/Common_helper.php(1793): get_option()
 6 FCPATH/inc/core/Home/Controllers/Home.php(7): parse_config()
 7 SYSTEMPATH/CodeIgniter.php(915): Core\Home\Controllers\Home->__construct()
 8 SYSTEMPATH/CodeIgniter.php(971): CodeIgniter\CodeIgniter->createController()
 9 SYSTEMPATH/CodeIgniter.php(370): CodeIgniter\CodeIgniter->display404errors()
10 FCPATH/index.php(34): CodeIgniter\CodeIgniter->run()
ERROR - 2026-05-19 09:53:59 --> Error connecting to the database: mysqli_sql_exception: Too many connections in /var/www/wappbuzz/vendor/codeigniter4/framework/system/Database/MySQLi/Connection.php:185
Stack trace:
#0 /var/www/wappbuzz/vendor/codeigniter4/framework/system/Database/MySQLi/Connection.php(185): mysqli->real_connect()
#1 /var/www/wappbuzz/vendor/codeigniter4/framework/system/Database/BaseConnection.php(392): CodeIgniter\Database\MySQLi\Connection->connect()
#2 /var/www/wappbuzz/vendor/codeigniter4/framework/system/Database/BaseConnection.php(575): CodeIgniter\Database\BaseConnection->initialize()
#3 /var/www/wappbuzz/vendor/codeigniter4/framework/system/Database/BaseBuilder.php(1616): CodeIgniter\Database\BaseConnection->query()
#4 /var/www/wappbuzz/app/Helpers/Common_helper.php(1444): CodeIgniter\Database\BaseBuilder->get()
#5 /var/www/wappbuzz/app/Filters/MainFilter.php(57): db_get()
#6 /var/www/wappbuzz/vendor/codeigniter4/framework/system/Filters/Filters.php(184): App\Filters\MainFilter->before()
#7 /var/www/wappbuzz/vendor/codeigniter4/framework/system/CodeIgniter.php(475): CodeIgniter\Filters\Filters->run()
#8 /var/www/wappbuzz/vendor/codeigniter4/framework/system/CodeIgniter.php(361): CodeIgniter\CodeIgniter->handleRequest()
#9 /var/www/wappbuzz/index.php(34): CodeIgniter\CodeIgniter->run()
#10 {main}

Next CodeIgniter\Database\Exceptions\DatabaseException: Too many connections in /var/www/wappbuzz/vendor/codeigniter4/framework/system/Database/MySQLi/Connection.php:229
Stack trace:
#0 /var/www/wappbuzz/vendor/codeigniter4/framework/system/Database/BaseConnection.php(392): CodeIgniter\Database\MySQLi\Connection->connect()
#1 /var/www/wappbuzz/vendor/codeigniter4/framework/system/Database/BaseConnection.php(575): CodeIgniter\Database\BaseConnection->initialize()
#2 /var/www/wappbuzz/vendor/codeigniter4/framework/system/Database/BaseBuilder.php(1616): CodeIgniter\Database\BaseConnection->query()
#3 /var/www/wappbuzz/app/Helpers/Common_helper.php(1444): CodeIgniter\Database\BaseBuilder->get()
#4 /var/www/wappbuzz/app/Filters/MainFilter.php(57): db_get()
#5 /var/www/wappbuzz/vendor/codeigniter4/framework/system/Filters/Filters.php(184): App\Filters\MainFilter->before()
#6 /var/www/wappbuzz/vendor/codeigniter4/framework/system/CodeIgniter.php(475): CodeIgniter\Filters\Filters->run()
#7 /var/www/wappbuzz/vendor/codeigniter4/framework/system/CodeIgniter.php(361): CodeIgniter\CodeIgniter->handleRequest()
#8 /var/www/wappbuzz/index.php(34): CodeIgniter\CodeIgniter->run()
#9 {main}
CRITICAL - 2026-05-19 09:53:59 --> CodeIgniter\Database\Exceptions\DatabaseException: Unable to connect to the database.
Main connection [MySQLi]: Too many connections
in SYSTEMPATH/Database/BaseConnection.php on line 428.
 1 SYSTEMPATH/Database/BaseConnection.php(575): CodeIgniter\Database\BaseConnection->initialize()
 2 SYSTEMPATH/Database/BaseBuilder.php(1616): CodeIgniter\Database\BaseConnection->query()
 3 APPPATH/Helpers/Common_helper.php(1444): CodeIgniter\Database\BaseBuilder->get()
 4 APPPATH/Filters/MainFilter.php(57): db_get()
 5 SYSTEMPATH/Filters/Filters.php(184): App\Filters\MainFilter->before()
 6 SYSTEMPATH/CodeIgniter.php(475): CodeIgniter\Filters\Filters->run()
 7 SYSTEMPATH/CodeIgniter.php(361): CodeIgniter\CodeIgniter->handleRequest()
 8 FCPATH/index.php(34): CodeIgniter\CodeIgniter->run()
ERROR - 2026-05-19 09:53:59 --> Error connecting to the database: mysqli_sql_exception: Too many connections in /var/www/wappbuzz/vendor/codeigniter4/framework/system/Database/MySQLi/Connection.php:185
Stack trace:
#0 /var/www/wappbuzz/vendor/codeigniter4/framework/system/Database/MySQLi/Connection.php(185): mysqli->real_connect()
#1 /var/www/wappbuzz/vendor/codeigniter4/framework/system/Database/BaseConnection.php(392): CodeIgniter\Database\MySQLi\Connection->connect()
#2 /var/www/wappbuzz/vendor/codeigniter4/framework/system/Database/BaseConnection.php(575): CodeIgniter\Database\BaseConnection->initialize()
#3 /var/www/wappbuzz/vendor/codeigniter4/framework/system/Database/BaseBuilder.php(1616): CodeIgniter\Database\BaseConnection->query()
#4 /var/www/wappbuzz/app/Helpers/Common_helper.php(1444): CodeIgniter\Database\BaseBuilder->get()
#5 /var/www/wappbuzz/app/Filters/MainFilter.php(57): db_get()
#6 /var/www/wappbuzz/vendor/codeigniter4/framework/system/Filters/Filters.php(184): App\Filters\MainFilter->before()
#7 /var/www/wappbuzz/vendor/codeigniter4/framework/system/CodeIgniter.php(475): CodeIgniter\Filters\Filters->run()
#8 /var/www/wappbuzz/vendor/codeigniter4/framework/system/CodeIgniter.php(361): CodeIgniter\CodeIgniter->handleRequest()
#9 /var/www/wappbuzz/index.php(34): CodeIgniter\CodeIgniter->run()
#10 {main}

Next CodeIgniter\Database\Exceptions\DatabaseException: Too many connections in /var/www/wappbuzz/vendor/codeigniter4/framework/system/Database/MySQLi/Connection.php:229
Stack trace:
#0 /var/www/wappbuzz/vendor/codeigniter4/framework/system/Database/BaseConnection.php(392): CodeIgniter\Database\MySQLi\Connection->connect()
#1 /var/www/wappbuzz/vendor/codeigniter4/framework/system/Database/BaseConnection.php(575): CodeIgniter\Database\BaseConnection->initialize()
#2 /var/www/wappbuzz/vendor/codeigniter4/framework/system/Database/BaseBuilder.php(1616): CodeIgniter\Database\BaseConnection->query()
#3 /var/www/wappbuzz/app/Helpers/Common_helper.php(1444): CodeIgniter\Database\BaseBuilder->get()
#4 /var/www/wappbuzz/app/Filters/MainFilter.php(57): db_get()
#5 /var/www/wappbuzz/vendor/codeigniter4/framework/system/Filters/Filters.php(184): App\Filters\MainFilter->before()
#6 /var/www/wappbuzz/vendor/codeigniter4/framework/system/CodeIgniter.php(475): CodeIgniter\Filters\Filters->run()
#7 /var/www/wappbuzz/vendor/codeigniter4/framework/system/CodeIgniter.php(361): CodeIgniter\CodeIgniter->handleRequest()
#8 /var/www/wappbuzz/index.php(34): CodeIgniter\CodeIgniter->run()
#9 {main}
CRITICAL - 2026-05-19 09:53:59 --> CodeIgniter\Database\Exceptions\DatabaseException: Unable to connect to the database.
Main connection [MySQLi]: Too many connections
in SYSTEMPATH/Database/BaseConnection.php on line 428.
 1 SYSTEMPATH/Database/BaseConnection.php(575): CodeIgniter\Database\BaseConnection->initialize()
 2 SYSTEMPATH/Database/BaseBuilder.php(1616): CodeIgniter\Database\BaseConnection->query()
 3 APPPATH/Helpers/Common_helper.php(1444): CodeIgniter\Database\BaseBuilder->get()
 4 APPPATH/Filters/MainFilter.php(57): db_get()
 5 SYSTEMPATH/Filters/Filters.php(184): App\Filters\MainFilter->before()
 6 SYSTEMPATH/CodeIgniter.php(475): CodeIgniter\Filters\Filters->run()
 7 SYSTEMPATH/CodeIgniter.php(361): CodeIgniter\CodeIgniter->handleRequest()
 8 FCPATH/index.php(34): CodeIgniter\CodeIgniter->run()
ERROR - 2026-05-19 09:53:59 --> Error connecting to the database: mysqli_sql_exception: Too many connections in /var/www/wappbuzz/vendor/codeigniter4/framework/system/Database/MySQLi/Connection.php:185
Stack trace:
#0 /var/www/wappbuzz/vendor/codeigniter4/framework/system/Database/MySQLi/Connection.php(185): mysqli->real_connect()
#1 /var/www/wappbuzz/vendor/codeigniter4/framework/system/Database/BaseConnection.php(392): CodeIgniter\Database\MySQLi\Connection->connect()
#2 /var/www/wappbuzz/vendor/codeigniter4/framework/system/Database/BaseConnection.php(575): CodeIgniter\Database\BaseConnection->initialize()
#3 /var/www/wappbuzz/vendor/codeigniter4/framework/system/Database/BaseBuilder.php(1616): CodeIgniter\Database\BaseConnection->query()
#4 /var/www/wappbuzz/app/Helpers/Common_helper.php(1444): CodeIgniter\Database\BaseBuilder->get()
#5 /var/www/wappbuzz/app/Filters/MainFilter.php(57): db_get()
#6 /var/www/wappbuzz/vendor/codeigniter4/framework/system/Filters/Filters.php(184): App\Filters\MainFilter->before()
#7 /var/www/wappbuzz/vendor/codeigniter4/framework/system/CodeIgniter.php(475): CodeIgniter\Filters\Filters->run()
#8 /var/www/wappbuzz/vendor/codeigniter4/framework/system/CodeIgniter.php(361): CodeIgniter\CodeIgniter->handleRequest()
#9 /var/www/wappbuzz/index.php(34): CodeIgniter\CodeIgniter->run()
#10 {main}

Next CodeIgniter\Database\Exceptions\DatabaseException: Too many connections in /var/www/wappbuzz/vendor/codeigniter4/framework/system/Database/MySQLi/Connection.php:229
Stack trace:
#0 /var/www/wappbuzz/vendor/codeigniter4/framework/system/Database/BaseConnection.php(392): CodeIgniter\Database\MySQLi\Connection->connect()
#1 /var/www/wappbuzz/vendor/codeigniter4/framework/system/Database/BaseConnection.php(575): CodeIgniter\Database\BaseConnection->initialize()
#2 /var/www/wappbuzz/vendor/codeigniter4/framework/system/Database/BaseBuilder.php(1616): CodeIgniter\Database\BaseConnection->query()
#3 /var/www/wappbuzz/app/Helpers/Common_helper.php(1444): CodeIgniter\Database\BaseBuilder->get()
#4 /var/www/wappbuzz/app/Filters/MainFilter.php(57): db_get()
#5 /var/www/wappbuzz/vendor/codeigniter4/framework/system/Filters/Filters.php(184): App\Filters\MainFilter->before()
#6 /var/www/wappbuzz/vendor/codeigniter4/framework/system/CodeIgniter.php(475): CodeIgniter\Filters\Filters->run()
#7 /var/www/wappbuzz/vendor/codeigniter4/framework/system/CodeIgniter.php(361): CodeIgniter\CodeIgniter->handleRequest()
#8 /var/www/wappbuzz/index.php(34): CodeIgniter\CodeIgniter->run()
#9 {main}
CRITICAL - 2026-05-19 09:53:59 --> CodeIgniter\Database\Exceptions\DatabaseException: Unable to connect to the database.
Main connection [MySQLi]: Too many connections
in SYSTEMPATH/Database/BaseConnection.php on line 428.
 1 SYSTEMPATH/Database/BaseConnection.php(575): CodeIgniter\Database\BaseConnection->initialize()
 2 SYSTEMPATH/Database/BaseBuilder.php(1616): CodeIgniter\Database\BaseConnection->query()
 3 APPPATH/Helpers/Common_helper.php(1444): CodeIgniter\Database\BaseBuilder->get()
 4 APPPATH/Filters/MainFilter.php(57): db_get()
 5 SYSTEMPATH/Filters/Filters.php(184): App\Filters\MainFilter->before()
 6 SYSTEMPATH/CodeIgniter.php(475): CodeIgniter\Filters\Filters->run()
 7 SYSTEMPATH/CodeIgniter.php(361): CodeIgniter\CodeIgniter->handleRequest()
 8 FCPATH/index.php(34): CodeIgniter\CodeIgniter->run()
ERROR - 2026-05-19 09:53:59 --> Error connecting to the database: mysqli_sql_exception: Too many connections in /var/www/wappbuzz/vendor/codeigniter4/framework/system/Database/MySQLi/Connection.php:185
Stack trace:
#0 /var/www/wappbuzz/vendor/codeigniter4/framework/system/Database/MySQLi/Connection.php(185): mysqli->real_connect()
#1 /var/www/wappbuzz/vendor/codeigniter4/framework/system/Database/BaseConnection.php(392): CodeIgniter\Database\MySQLi\Connection->connect()
#2 /var/www/wappbuzz/vendor/codeigniter4/framework/system/Database/BaseConnection.php(575): CodeIgniter\Database\BaseConnection->initialize()
#3 /var/www/wappbuzz/vendor/codeigniter4/framework/system/Database/BaseBuilder.php(1616): CodeIgniter\Database\BaseConnection->query()
#4 /var/www/wappbuzz/app/Helpers/Common_helper.php(1444): CodeIgniter\Database\BaseBuilder->get()
#5 /var/www/wappbuzz/app/Filters/MainFilter.php(57): db_get()
#6 /var/www/wappbuzz/vendor/codeigniter4/framework/system/Filters/Filters.php(184): App\Filters\MainFilter->before()
#7 /var/www/wappbuzz/vendor/codeigniter4/framework/system/CodeIgniter.php(475): CodeIgniter\Filters\Filters->run()
#8 /var/www/wappbuzz/vendor/codeigniter4/framework/system/CodeIgniter.php(361): CodeIgniter\CodeIgniter->handleRequest()
#9 /var/www/wappbuzz/index.php(34): CodeIgniter\CodeIgniter->run()
#10 {main}

Next CodeIgniter\Database\Exceptions\DatabaseException: Too many connections in /var/www/wappbuzz/vendor/codeigniter4/framework/system/Database/MySQLi/Connection.php:229
Stack trace:
#0 /var/www/wappbuzz/vendor/codeigniter4/framework/system/Database/BaseConnection.php(392): CodeIgniter\Database\MySQLi\Connection->connect()
#1 /var/www/wappbuzz/vendor/codeigniter4/framework/system/Database/BaseConnection.php(575): CodeIgniter\Database\BaseConnection->initialize()
#2 /var/www/wappbuzz/vendor/codeigniter4/framework/system/Database/BaseBuilder.php(1616): CodeIgniter\Database\BaseConnection->query()
#3 /var/www/wappbuzz/app/Helpers/Common_helper.php(1444): CodeIgniter\Database\BaseBuilder->get()
#4 /var/www/wappbuzz/app/Filters/MainFilter.php(57): db_get()
#5 /var/www/wappbuzz/vendor/codeigniter4/framework/system/Filters/Filters.php(184): App\Filters\MainFilter->before()
#6 /var/www/wappbuzz/vendor/codeigniter4/framework/system/CodeIgniter.php(475): CodeIgniter\Filters\Filters->run()
#7 /var/www/wappbuzz/vendor/codeigniter4/framework/system/CodeIgniter.php(361): CodeIgniter\CodeIgniter->handleRequest()
#8 /var/www/wappbuzz/index.php(34): CodeIgniter\CodeIgniter->run()
#9 {main}
CRITICAL - 2026-05-19 09:53:59 --> CodeIgniter\Database\Exceptions\DatabaseException: Unable to connect to the database.
Main connection [MySQLi]: Too many connections
in SYSTEMPATH/Database/BaseConnection.php on line 428.
 1 SYSTEMPATH/Database/BaseConnection.php(575): CodeIgniter\Database\BaseConnection->initialize()
 2 SYSTEMPATH/Database/BaseBuilder.php(1616): CodeIgniter\Database\BaseConnection->query()
 3 APPPATH/Helpers/Common_helper.php(1444): CodeIgniter\Database\BaseBuilder->get()
 4 APPPATH/Filters/MainFilter.php(57): db_get()
 5 SYSTEMPATH/Filters/Filters.php(184): App\Filters\MainFilter->before()
 6 SYSTEMPATH/CodeIgniter.php(475): CodeIgniter\Filters\Filters->run()
 7 SYSTEMPATH/CodeIgniter.php(361): CodeIgniter\CodeIgniter->handleRequest()
 8 FCPATH/index.php(34): CodeIgniter\CodeIgniter->run()
ERROR - 2026-05-19 09:54:00 --> Error connecting to the database: mysqli_sql_exception: Too many connections in /var/www/wappbuzz/vendor/codeigniter4/framework/system/Database/MySQLi/Connection.php:185
Stack trace:
#0 /var/www/wappbuzz/vendor/codeigniter4/framework/system/Database/MySQLi/Connection.php(185): mysqli->real_connect()
#1 /var/www/wappbuzz/vendor/codeigniter4/framework/system/Database/BaseConnection.php(392): CodeIgniter\Database\MySQLi\Connection->connect()
#2 /var/www/wappbuzz/vendor/codeigniter4/framework/system/Database/BaseConnection.php(575): CodeIgniter\Database\BaseConnection->initialize()
#3 /var/www/wappbuzz/vendor/codeigniter4/framework/system/Database/BaseBuilder.php(1616): CodeIgniter\Database\BaseConnection->query()
#4 /var/www/wappbuzz/app/Helpers/Common_helper.php(1444): CodeIgniter\Database\BaseBuilder->get()
#5 /var/www/wappbuzz/app/Filters/MainFilter.php(57): db_get()
#6 /var/www/wappbuzz/vendor/codeigniter4/framework/system/Filters/Filters.php(184): App\Filters\MainFilter->before()
#7 /var/www/wappbuzz/vendor/codeigniter4/framework/system/CodeIgniter.php(475): CodeIgniter\Filters\Filters->run()
#8 /var/www/wappbuzz/vendor/codeigniter4/framework/system/CodeIgniter.php(361): CodeIgniter\CodeIgniter->handleRequest()
#9 /var/www/wappbuzz/index.php(34): CodeIgniter\CodeIgniter->run()
#10 {main}

Next CodeIgniter\Database\Exceptions\DatabaseException: Too many connections in /var/www/wappbuzz/vendor/codeigniter4/framework/system/Database/MySQLi/Connection.php:229
Stack trace:
#0 /var/www/wappbuzz/vendor/codeigniter4/framework/system/Database/BaseConnection.php(392): CodeIgniter\Database\MySQLi\Connection->connect()
#1 /var/www/wappbuzz/vendor/codeigniter4/framework/system/Database/BaseConnection.php(575): CodeIgniter\Database\BaseConnection->initialize()
#2 /var/www/wappbuzz/vendor/codeigniter4/framework/system/Database/BaseBuilder.php(1616): CodeIgniter\Database\BaseConnection->query()
#3 /var/www/wappbuzz/app/Helpers/Common_helper.php(1444): CodeIgniter\Database\BaseBuilder->get()
#4 /var/www/wappbuzz/app/Filters/MainFilter.php(57): db_get()
#5 /var/www/wappbuzz/vendor/codeigniter4/framework/system/Filters/Filters.php(184): App\Filters\MainFilter->before()
#6 /var/www/wappbuzz/vendor/codeigniter4/framework/system/CodeIgniter.php(475): CodeIgniter\Filters\Filters->run()
#7 /var/www/wappbuzz/vendor/codeigniter4/framework/system/CodeIgniter.php(361): CodeIgniter\CodeIgniter->handleRequest()
#8 /var/www/wappbuzz/index.php(34): CodeIgniter\CodeIgniter->run()
#9 {main}
CRITICAL - 2026-05-19 09:54:00 --> CodeIgniter\Database\Exceptions\DatabaseException: Unable to connect to the database.
Main connection [MySQLi]: Too many connections
in SYSTEMPATH/Database/BaseConnection.php on line 428.
 1 SYSTEMPATH/Database/BaseConnection.php(575): CodeIgniter\Database\BaseConnection->initialize()
 2 SYSTEMPATH/Database/BaseBuilder.php(1616): CodeIgniter\Database\BaseConnection->query()
 3 APPPATH/Helpers/Common_helper.php(1444): CodeIgniter\Database\BaseBuilder->get()
 4 APPPATH/Filters/MainFilter.php(57): db_get()
 5 SYSTEMPATH/Filters/Filters.php(184): App\Filters\MainFilter->before()
 6 SYSTEMPATH/CodeIgniter.php(475): CodeIgniter\Filters\Filters->run()
 7 SYSTEMPATH/CodeIgniter.php(361): CodeIgniter\CodeIgniter->handleRequest()
 8 FCPATH/index.php(34): CodeIgniter\CodeIgniter->run()
ERROR - 2026-05-19 09:54:00 --> Error connecting to the database: mysqli_sql_exception: Too many connections in /var/www/wappbuzz/vendor/codeigniter4/framework/system/Database/MySQLi/Connection.php:185
Stack trace:
#0 /var/www/wappbuzz/vendor/codeigniter4/framework/system/Database/MySQLi/Connection.php(185): mysqli->real_connect()
#1 /var/www/wappbuzz/vendor/codeigniter4/framework/system/Database/BaseConnection.php(392): CodeIgniter\Database\MySQLi\Connection->connect()
#2 /var/www/wappbuzz/vendor/codeigniter4/framework/system/Database/BaseConnection.php(575): CodeIgniter\Database\BaseConnection->initialize()
#3 /var/www/wappbuzz/vendor/codeigniter4/framework/system/Database/BaseBuilder.php(1616): CodeIgniter\Database\BaseConnection->query()
#4 /var/www/wappbuzz/app/Helpers/Common_helper.php(1444): CodeIgniter\Database\BaseBuilder->get()
#5 /var/www/wappbuzz/app/Helpers/Common_helper.php(1348): db_get()
#6 /var/www/wappbuzz/app/Helpers/Common_helper.php(1793): get_option()
#7 /var/www/wappbuzz/inc/core/Home/Controllers/Home.php(7): parse_config()
#8 /var/www/wappbuzz/vendor/codeigniter4/framework/system/CodeIgniter.php(915): Core\Home\Controllers\Home->__construct()
#9 /var/www/wappbuzz/vendor/codeigniter4/framework/system/CodeIgniter.php(971): CodeIgniter\CodeIgniter->createController()
#10 /var/www/wappbuzz/vendor/codeigniter4/framework/system/CodeIgniter.php(370): CodeIgniter\CodeIgniter->display404errors()
#11 /var/www/wappbuzz/index.php(34): CodeIgniter\CodeIgniter->run()
#12 {main}

Next CodeIgniter\Database\Exceptions\DatabaseException: Too many connections in /var/www/wappbuzz/vendor/codeigniter4/framework/system/Database/MySQLi/Connection.php:229
Stack trace:
#0 /var/www/wappbuzz/vendor/codeigniter4/framework/system/Database/BaseConnection.php(392): CodeIgniter\Database\MySQLi\Connection->connect()
#1 /var/www/wappbuzz/vendor/codeigniter4/framework/system/Database/BaseConnection.php(575): CodeIgniter\Database\BaseConnection->initialize()
#2 /var/www/wappbuzz/vendor/codeigniter4/framework/system/Database/BaseBuilder.php(1616): CodeIgniter\Database\BaseConnection->query()
#3 /var/www/wappbuzz/app/Helpers/Common_helper.php(1444): CodeIgniter\Database\BaseBuilder->get()
#4 /var/www/wappbuzz/app/Helpers/Common_helper.php(1348): db_get()
#5 /var/www/wappbuzz/app/Helpers/Common_helper.php(1793): get_option()
#6 /var/www/wappbuzz/inc/core/Home/Controllers/Home.php(7): parse_config()
#7 /var/www/wappbuzz/vendor/codeigniter4/framework/system/CodeIgniter.php(915): Core\Home\Controllers\Home->__construct()
#8 /var/www/wappbuzz/vendor/codeigniter4/framework/system/CodeIgniter.php(971): CodeIgniter\CodeIgniter->createController()
#9 /var/www/wappbuzz/vendor/codeigniter4/framework/system/CodeIgniter.php(370): CodeIgniter\CodeIgniter->display404errors()
#10 /var/www/wappbuzz/index.php(34): CodeIgniter\CodeIgniter->run()
#11 {main}
CRITICAL - 2026-05-19 09:54:00 --> CodeIgniter\Database\Exceptions\DatabaseException: Unable to connect to the database.
Main connection [MySQLi]: Too many connections
in SYSTEMPATH/Database/BaseConnection.php on line 428.
 1 SYSTEMPATH/Database/BaseConnection.php(575): CodeIgniter\Database\BaseConnection->initialize()
 2 SYSTEMPATH/Database/BaseBuilder.php(1616): CodeIgniter\Database\BaseConnection->query()
 3 APPPATH/Helpers/Common_helper.php(1444): CodeIgniter\Database\BaseBuilder->get()
 4 APPPATH/Helpers/Common_helper.php(1348): db_get()
 5 APPPATH/Helpers/Common_helper.php(1793): get_option()
 6 FCPATH/inc/core/Home/Controllers/Home.php(7): parse_config()
 7 SYSTEMPATH/CodeIgniter.php(915): Core\Home\Controllers\Home->__construct()
 8 SYSTEMPATH/CodeIgniter.php(971): CodeIgniter\CodeIgniter->createController()
 9 SYSTEMPATH/CodeIgniter.php(370): CodeIgniter\CodeIgniter->display404errors()
10 FCPATH/index.php(34): CodeIgniter\CodeIgniter->run()
ERROR - 2026-05-19 09:54:00 --> Error connecting to the database: mysqli_sql_exception: Too many connections in /var/www/wappbuzz/vendor/codeigniter4/framework/system/Database/MySQLi/Connection.php:185
Stack trace:
#0 /var/www/wappbuzz/vendor/codeigniter4/framework/system/Database/MySQLi/Connection.php(185): mysqli->real_connect()
#1 /var/www/wappbuzz/vendor/codeigniter4/framework/system/Database/BaseConnection.php(392): CodeIgniter\Database\MySQLi\Connection->connect()
#2 /var/www/wappbuzz/vendor/codeigniter4/framework/system/Database/BaseConnection.php(575): CodeIgniter\Database\BaseConnection->initialize()
#3 /var/www/wappbuzz/vendor/codeigniter4/framework/system/Database/BaseBuilder.php(1616): CodeIgniter\Database\BaseConnection->query()
#4 /var/www/wappbuzz/app/Helpers/Common_helper.php(1444): CodeIgniter\Database\BaseBuilder->get()
#5 /var/www/wappbuzz/app/Filters/MainFilter.php(57): db_get()
#6 /var/www/wappbuzz/vendor/codeigniter4/framework/system/Filters/Filters.php(184): App\Filters\MainFilter->before()
#7 /var/www/wappbuzz/vendor/codeigniter4/framework/system/CodeIgniter.php(475): CodeIgniter\Filters\Filters->run()
#8 /var/www/wappbuzz/vendor/codeigniter4/framework/system/CodeIgniter.php(361): CodeIgniter\CodeIgniter->handleRequest()
#9 /var/www/wappbuzz/index.php(34): CodeIgniter\CodeIgniter->run()
#10 {main}

Next CodeIgniter\Database\Exceptions\DatabaseException: Too many connections in /var/www/wappbuzz/vendor/codeigniter4/framework/system/Database/MySQLi/Connection.php:229
Stack trace:
#0 /var/www/wappbuzz/vendor/codeigniter4/framework/system/Database/BaseConnection.php(392): CodeIgniter\Database\MySQLi\Connection->connect()
#1 /var/www/wappbuzz/vendor/codeigniter4/framework/system/Database/BaseConnection.php(575): CodeIgniter\Database\BaseConnection->initialize()
#2 /var/www/wappbuzz/vendor/codeigniter4/framework/system/Database/BaseBuilder.php(1616): CodeIgniter\Database\BaseConnection->query()
#3 /var/www/wappbuzz/app/Helpers/Common_helper.php(1444): CodeIgniter\Database\BaseBuilder->get()
#4 /var/www/wappbuzz/app/Filters/MainFilter.php(57): db_get()
#5 /var/www/wappbuzz/vendor/codeigniter4/framework/system/Filters/Filters.php(184): App\Filters\MainFilter->before()
#6 /var/www/wappbuzz/vendor/codeigniter4/framework/system/CodeIgniter.php(475): CodeIgniter\Filters\Filters->run()
#7 /var/www/wappbuzz/vendor/codeigniter4/framework/system/CodeIgniter.php(361): CodeIgniter\CodeIgniter->handleRequest()
#8 /var/www/wappbuzz/index.php(34): CodeIgniter\CodeIgniter->run()
#9 {main}
CRITICAL - 2026-05-19 09:54:00 --> CodeIgniter\Database\Exceptions\DatabaseException: Unable to connect to the database.
Main connection [MySQLi]: Too many connections
in SYSTEMPATH/Database/BaseConnection.php on line 428.
 1 SYSTEMPATH/Database/BaseConnection.php(575): CodeIgniter\Database\BaseConnection->initialize()
 2 SYSTEMPATH/Database/BaseBuilder.php(1616): CodeIgniter\Database\BaseConnection->query()
 3 APPPATH/Helpers/Common_helper.php(1444): CodeIgniter\Database\BaseBuilder->get()
 4 APPPATH/Filters/MainFilter.php(57): db_get()
 5 SYSTEMPATH/Filters/Filters.php(184): App\Filters\MainFilter->before()
 6 SYSTEMPATH/CodeIgniter.php(475): CodeIgniter\Filters\Filters->run()
 7 SYSTEMPATH/CodeIgniter.php(361): CodeIgniter\CodeIgniter->handleRequest()
 8 FCPATH/index.php(34): CodeIgniter\CodeIgniter->run()
ERROR - 2026-05-19 09:54:00 --> Error connecting to the database: mysqli_sql_exception: Too many connections in /var/www/wappbuzz/vendor/codeigniter4/framework/system/Database/MySQLi/Connection.php:185
Stack trace:
#0 /var/www/wappbuzz/vendor/codeigniter4/framework/system/Database/MySQLi/Connection.php(185): mysqli->real_connect()
#1 /var/www/wappbuzz/vendor/codeigniter4/framework/system/Database/BaseConnection.php(392): CodeIgniter\Database\MySQLi\Connection->connect()
#2 /var/www/wappbuzz/vendor/codeigniter4/framework/system/Database/BaseConnection.php(575): CodeIgniter\Database\BaseConnection->initialize()
#3 /var/www/wappbuzz/vendor/codeigniter4/framework/system/Database/BaseBuilder.php(1616): CodeIgniter\Database\BaseConnection->query()
#4 /var/www/wappbuzz/app/Helpers/Common_helper.php(1444): CodeIgniter\Database\BaseBuilder->get()
#5 /var/www/wappbuzz/app/Filters/MainFilter.php(57): db_get()
#6 /var/www/wappbuzz/vendor/codeigniter4/framework/system/Filters/Filters.php(184): App\Filters\MainFilter->before()
#7 /var/www/wappbuzz/vendor/codeigniter4/framework/system/CodeIgniter.php(475): CodeIgniter\Filters\Filters->run()
#8 /var/www/wappbuzz/vendor/codeigniter4/framework/system/CodeIgniter.php(361): CodeIgniter\CodeIgniter->handleRequest()
#9 /var/www/wappbuzz/index.php(34): CodeIgniter\CodeIgniter->run()
#10 {main}

Next CodeIgniter\Database\Exceptions\DatabaseException: Too many connections in /var/www/wappbuzz/vendor/codeigniter4/framework/system/Database/MySQLi/Connection.php:229
Stack trace:
#0 /var/www/wappbuzz/vendor/codeigniter4/framework/system/Database/BaseConnection.php(392): CodeIgniter\Database\MySQLi\Connection->connect()
#1 /var/www/wappbuzz/vendor/codeigniter4/framework/system/Database/BaseConnection.php(575): CodeIgniter\Database\BaseConnection->initialize()
#2 /var/www/wappbuzz/vendor/codeigniter4/framework/system/Database/BaseBuilder.php(1616): CodeIgniter\Database\BaseConnection->query()
#3 /var/www/wappbuzz/app/Helpers/Common_helper.php(1444): CodeIgniter\Database\BaseBuilder->get()
#4 /var/www/wappbuzz/app/Filters/MainFilter.php(57): db_get()
#5 /var/www/wappbuzz/vendor/codeigniter4/framework/system/Filters/Filters.php(184): App\Filters\MainFilter->before()
#6 /var/www/wappbuzz/vendor/codeigniter4/framework/system/CodeIgniter.php(475): CodeIgniter\Filters\Filters->run()
#7 /var/www/wappbuzz/vendor/codeigniter4/framework/system/CodeIgniter.php(361): CodeIgniter\CodeIgniter->handleRequest()
#8 /var/www/wappbuzz/index.php(34): CodeIgniter\CodeIgniter->run()
#9 {main}
CRITICAL - 2026-05-19 09:54:00 --> CodeIgniter\Database\Exceptions\DatabaseException: Unable to connect to the database.
Main connection [MySQLi]: Too many connections
in SYSTEMPATH/Database/BaseConnection.php on line 428.
 1 SYSTEMPATH/Database/BaseConnection.php(575): CodeIgniter\Database\BaseConnection->initialize()
 2 SYSTEMPATH/Database/BaseBuilder.php(1616): CodeIgniter\Database\BaseConnection->query()
 3 APPPATH/Helpers/Common_helper.php(1444): CodeIgniter\Database\BaseBuilder->get()
 4 APPPATH/Filters/MainFilter.php(57): db_get()
 5 SYSTEMPATH/Filters/Filters.php(184): App\Filters\MainFilter->before()
 6 SYSTEMPATH/CodeIgniter.php(475): CodeIgniter\Filters\Filters->run()
 7 SYSTEMPATH/CodeIgniter.php(361): CodeIgniter\CodeIgniter->handleRequest()
 8 FCPATH/index.php(34): CodeIgniter\CodeIgniter->run()
ERROR - 2026-05-19 09:54:00 --> Error connecting to the database: mysqli_sql_exception: Too many connections in /var/www/wappbuzz/vendor/codeigniter4/framework/system/Database/MySQLi/Connection.php:185
Stack trace:
#0 /var/www/wappbuzz/vendor/codeigniter4/framework/system/Database/MySQLi/Connection.php(185): mysqli->real_connect()
#1 /var/www/wappbuzz/vendor/codeigniter4/framework/system/Database/BaseConnection.php(392): CodeIgniter\Database\MySQLi\Connection->connect()
#2 /var/www/wappbuzz/vendor/codeigniter4/framework/system/Database/BaseConnection.php(575): CodeIgniter\Database\BaseConnection->initialize()
#3 /var/www/wappbuzz/vendor/codeigniter4/framework/system/Database/BaseBuilder.php(1616): CodeIgniter\Database\BaseConnection->query()
#4 /var/www/wappbuzz/app/Helpers/Common_helper.php(1444): CodeIgniter\Database\BaseBuilder->get()
#5 /var/www/wappbuzz/app/Filters/MainFilter.php(57): db_get()
#6 /var/www/wappbuzz/vendor/codeigniter4/framework/system/Filters/Filters.php(184): App\Filters\MainFilter->before()
#7 /var/www/wappbuzz/vendor/codeigniter4/framework/system/CodeIgniter.php(475): CodeIgniter\Filters\Filters->run()
#8 /var/www/wappbuzz/vendor/codeigniter4/framework/system/CodeIgniter.php(361): CodeIgniter\CodeIgniter->handleRequest()
#9 /var/www/wappbuzz/index.php(34): CodeIgniter\CodeIgniter->run()
#10 {main}

Next CodeIgniter\Database\Exceptions\DatabaseException: Too many connections in /var/www/wappbuzz/vendor/codeigniter4/framework/system/Database/MySQLi/Connection.php:229
Stack trace:
#0 /var/www/wappbuzz/vendor/codeigniter4/framework/system/Database/BaseConnection.php(392): CodeIgniter\Database\MySQLi\Connection->connect()
#1 /var/www/wappbuzz/vendor/codeigniter4/framework/system/Database/BaseConnection.php(575): CodeIgniter\Database\BaseConnection->initialize()
#2 /var/www/wappbuzz/vendor/codeigniter4/framework/system/Database/BaseBuilder.php(1616): CodeIgniter\Database\BaseConnection->query()
#3 /var/www/wappbuzz/app/Helpers/Common_helper.php(1444): CodeIgniter\Database\BaseBuilder->get()
#4 /var/www/wappbuzz/app/Filters/MainFilter.php(57): db_get()
#5 /var/www/wappbuzz/vendor/codeigniter4/framework/system/Filters/Filters.php(184): App\Filters\MainFilter->before()
#6 /var/www/wappbuzz/vendor/codeigniter4/framework/system/CodeIgniter.php(475): CodeIgniter\Filters\Filters->run()
#7 /var/www/wappbuzz/vendor/codeigniter4/framework/system/CodeIgniter.php(361): CodeIgniter\CodeIgniter->handleRequest()
#8 /var/www/wappbuzz/index.php(34): CodeIgniter\CodeIgniter->run()
#9 {main}
CRITICAL - 2026-05-19 09:54:00 --> CodeIgniter\Database\Exceptions\DatabaseException: Unable to connect to the database.
Main connection [MySQLi]: Too many connections
in SYSTEMPATH/Database/BaseConnection.php on line 428.
 1 SYSTEMPATH/Database/BaseConnection.php(575): CodeIgniter\Database\BaseConnection->initialize()
 2 SYSTEMPATH/Database/BaseBuilder.php(1616): CodeIgniter\Database\BaseConnection->query()
 3 APPPATH/Helpers/Common_helper.php(1444): CodeIgniter\Database\BaseBuilder->get()
 4 APPPATH/Filters/MainFilter.php(57): db_get()
 5 SYSTEMPATH/Filters/Filters.php(184): App\Filters\MainFilter->before()
 6 SYSTEMPATH/CodeIgniter.php(475): CodeIgniter\Filters\Filters->run()
 7 SYSTEMPATH/CodeIgniter.php(361): CodeIgniter\CodeIgniter->handleRequest()
 8 FCPATH/index.php(34): CodeIgniter\CodeIgniter->run()
ERROR - 2026-05-19 09:54:00 --> Error connecting to the database: mysqli_sql_exception: Too many connections in /var/www/wappbuzz/vendor/codeigniter4/framework/system/Database/MySQLi/Connection.php:185
Stack trace:
#0 /var/www/wappbuzz/vendor/codeigniter4/framework/system/Database/MySQLi/Connection.php(185): mysqli->real_connect()
#1 /var/www/wappbuzz/vendor/codeigniter4/framework/system/Database/BaseConnection.php(392): CodeIgniter\Database\MySQLi\Connection->connect()
#2 /var/www/wappbuzz/vendor/codeigniter4/framework/system/Database/BaseConnection.php(575): CodeIgniter\Database\BaseConnection->initialize()
#3 /var/www/wappbuzz/vendor/codeigniter4/framework/system/Database/BaseBuilder.php(1616): CodeIgniter\Database\BaseConnection->query()
#4 /var/www/wappbuzz/app/Helpers/Common_helper.php(1444): CodeIgniter\Database\BaseBuilder->get()
#5 /var/www/wappbuzz/app/Filters/MainFilter.php(57): db_get()
#6 /var/www/wappbuzz/vendor/codeigniter4/framework/system/Filters/Filters.php(184): App\Filters\MainFilter->before()
#7 /var/www/wappbuzz/vendor/codeigniter4/framework/system/CodeIgniter.php(475): CodeIgniter\Filters\Filters->run()
#8 /var/www/wappbuzz/vendor/codeigniter4/framework/system/CodeIgniter.php(361): CodeIgniter\CodeIgniter->handleRequest()
#9 /var/www/wappbuzz/index.php(34): CodeIgniter\CodeIgniter->run()
#10 {main}

Next CodeIgniter\Database\Exceptions\DatabaseException: Too many connections in /var/www/wappbuzz/vendor/codeigniter4/framework/system/Database/MySQLi/Connection.php:229
Stack trace:
#0 /var/www/wappbuzz/vendor/codeigniter4/framework/system/Database/BaseConnection.php(392): CodeIgniter\Database\MySQLi\Connection->connect()
#1 /var/www/wappbuzz/vendor/codeigniter4/framework/system/Database/BaseConnection.php(575): CodeIgniter\Database\BaseConnection->initialize()
#2 /var/www/wappbuzz/vendor/codeigniter4/framework/system/Database/BaseBuilder.php(1616): CodeIgniter\Database\BaseConnection->query()
#3 /var/www/wappbuzz/app/Helpers/Common_helper.php(1444): CodeIgniter\Database\BaseBuilder->get()
#4 /var/www/wappbuzz/app/Filters/MainFilter.php(57): db_get()
#5 /var/www/wappbuzz/vendor/codeigniter4/framework/system/Filters/Filters.php(184): App\Filters\MainFilter->before()
#6 /var/www/wappbuzz/vendor/codeigniter4/framework/system/CodeIgniter.php(475): CodeIgniter\Filters\Filters->run()
#7 /var/www/wappbuzz/vendor/codeigniter4/framework/system/CodeIgniter.php(361): CodeIgniter\CodeIgniter->handleRequest()
#8 /var/www/wappbuzz/index.php(34): CodeIgniter\CodeIgniter->run()
#9 {main}
CRITICAL - 2026-05-19 09:54:00 --> CodeIgniter\Database\Exceptions\DatabaseException: Unable to connect to the database.
Main connection [MySQLi]: Too many connections
in SYSTEMPATH/Database/BaseConnection.php on line 428.
 1 SYSTEMPATH/Database/BaseConnection.php(575): CodeIgniter\Database\BaseConnection->initialize()
 2 SYSTEMPATH/Database/BaseBuilder.php(1616): CodeIgniter\Database\BaseConnection->query()
 3 APPPATH/Helpers/Common_helper.php(1444): CodeIgniter\Database\BaseBuilder->get()
 4 APPPATH/Filters/MainFilter.php(57): db_get()
 5 SYSTEMPATH/Filters/Filters.php(184): App\Filters\MainFilter->before()
 6 SYSTEMPATH/CodeIgniter.php(475): CodeIgniter\Filters\Filters->run()
 7 SYSTEMPATH/CodeIgniter.php(361): CodeIgniter\CodeIgniter->handleRequest()
 8 FCPATH/index.php(34): CodeIgniter\CodeIgniter->run()
ERROR - 2026-05-19 09:54:01 --> Error connecting to the database: mysqli_sql_exception: Too many connections in /var/www/wappbuzz/vendor/codeigniter4/framework/system/Database/MySQLi/Connection.php:185
Stack trace:
#0 /var/www/wappbuzz/vendor/codeigniter4/framework/system/Database/MySQLi/Connection.php(185): mysqli->real_connect()
#1 /var/www/wappbuzz/vendor/codeigniter4/framework/system/Database/BaseConnection.php(392): CodeIgniter\Database\MySQLi\Connection->connect()
#2 /var/www/wappbuzz/vendor/codeigniter4/framework/system/Database/BaseConnection.php(575): CodeIgniter\Database\BaseConnection->initialize()
#3 /var/www/wappbuzz/vendor/codeigniter4/framework/system/Database/BaseBuilder.php(1616): CodeIgniter\Database\BaseConnection->query()
#4 /var/www/wappbuzz/app/Helpers/Common_helper.php(1444): CodeIgniter\Database\BaseBuilder->get()
#5 /var/www/wappbuzz/app/Helpers/Common_helper.php(1348): db_get()
#6 /var/www/wappbuzz/app/Helpers/Common_helper.php(1793): get_option()
#7 /var/www/wappbuzz/inc/core/Home/Controllers/Home.php(7): parse_config()
#8 /var/www/wappbuzz/vendor/codeigniter4/framework/system/CodeIgniter.php(915): Core\Home\Controllers\Home->__construct()
#9 /var/www/wappbuzz/vendor/codeigniter4/framework/system/CodeIgniter.php(971): CodeIgniter\CodeIgniter->createController()
#10 /var/www/wappbuzz/vendor/codeigniter4/framework/system/CodeIgniter.php(370): CodeIgniter\CodeIgniter->display404errors()
#11 /var/www/wappbuzz/index.php(34): CodeIgniter\CodeIgniter->run()
#12 {main}

Next CodeIgniter\Database\Exceptions\DatabaseException: Too many connections in /var/www/wappbuzz/vendor/codeigniter4/framework/system/Database/MySQLi/Connection.php:229
Stack trace:
#0 /var/www/wappbuzz/vendor/codeigniter4/framework/system/Database/BaseConnection.php(392): CodeIgniter\Database\MySQLi\Connection->connect()
#1 /var/www/wappbuzz/vendor/codeigniter4/framework/system/Database/BaseConnection.php(575): CodeIgniter\Database\BaseConnection->initialize()
#2 /var/www/wappbuzz/vendor/codeigniter4/framework/system/Database/BaseBuilder.php(1616): CodeIgniter\Database\BaseConnection->query()
#3 /var/www/wappbuzz/app/Helpers/Common_helper.php(1444): CodeIgniter\Database\BaseBuilder->get()
#4 /var/www/wappbuzz/app/Helpers/Common_helper.php(1348): db_get()
#5 /var/www/wappbuzz/app/Helpers/Common_helper.php(1793): get_option()
#6 /var/www/wappbuzz/inc/core/Home/Controllers/Home.php(7): parse_config()
#7 /var/www/wappbuzz/vendor/codeigniter4/framework/system/CodeIgniter.php(915): Core\Home\Controllers\Home->__construct()
#8 /var/www/wappbuzz/vendor/codeigniter4/framework/system/CodeIgniter.php(971): CodeIgniter\CodeIgniter->createController()
#9 /var/www/wappbuzz/vendor/codeigniter4/framework/system/CodeIgniter.php(370): CodeIgniter\CodeIgniter->display404errors()
#10 /var/www/wappbuzz/index.php(34): CodeIgniter\CodeIgniter->run()
#11 {main}
CRITICAL - 2026-05-19 09:54:01 --> CodeIgniter\Database\Exceptions\DatabaseException: Unable to connect to the database.
Main connection [MySQLi]: Too many connections
in SYSTEMPATH/Database/BaseConnection.php on line 428.
 1 SYSTEMPATH/Database/BaseConnection.php(575): CodeIgniter\Database\BaseConnection->initialize()
 2 SYSTEMPATH/Database/BaseBuilder.php(1616): CodeIgniter\Database\BaseConnection->query()
 3 APPPATH/Helpers/Common_helper.php(1444): CodeIgniter\Database\BaseBuilder->get()
 4 APPPATH/Helpers/Common_helper.php(1348): db_get()
 5 APPPATH/Helpers/Common_helper.php(1793): get_option()
 6 FCPATH/inc/core/Home/Controllers/Home.php(7): parse_config()
 7 SYSTEMPATH/CodeIgniter.php(915): Core\Home\Controllers\Home->__construct()
 8 SYSTEMPATH/CodeIgniter.php(971): CodeIgniter\CodeIgniter->createController()
 9 SYSTEMPATH/CodeIgniter.php(370): CodeIgniter\CodeIgniter->display404errors()
10 FCPATH/index.php(34): CodeIgniter\CodeIgniter->run()
ERROR - 2026-05-19 09:54:01 --> Error connecting to the database: mysqli_sql_exception: Too many connections in /var/www/wappbuzz/vendor/codeigniter4/framework/system/Database/MySQLi/Connection.php:185
Stack trace:
#0 /var/www/wappbuzz/vendor/codeigniter4/framework/system/Database/MySQLi/Connection.php(185): mysqli->real_connect()
#1 /var/www/wappbuzz/vendor/codeigniter4/framework/system/Database/BaseConnection.php(392): CodeIgniter\Database\MySQLi\Connection->connect()
#2 /var/www/wappbuzz/vendor/codeigniter4/framework/system/Database/BaseConnection.php(575): CodeIgniter\Database\BaseConnection->initialize()
#3 /var/www/wappbuzz/vendor/codeigniter4/framework/system/Database/BaseBuilder.php(1616): CodeIgniter\Database\BaseConnection->query()
#4 /var/www/wappbuzz/app/Helpers/Common_helper.php(1444): CodeIgniter\Database\BaseBuilder->get()
#5 /var/www/wappbuzz/app/Helpers/Common_helper.php(1348): db_get()
#6 /var/www/wappbuzz/app/Helpers/Common_helper.php(1793): get_option()
#7 /var/www/wappbuzz/inc/core/Home/Controllers/Home.php(7): parse_config()
#8 /var/www/wappbuzz/vendor/codeigniter4/framework/system/CodeIgniter.php(915): Core\Home\Controllers\Home->__construct()
#9 /var/www/wappbuzz/vendor/codeigniter4/framework/system/CodeIgniter.php(971): CodeIgniter\CodeIgniter->createController()
#10 /var/www/wappbuzz/vendor/codeigniter4/framework/system/CodeIgniter.php(370): CodeIgniter\CodeIgniter->display404errors()
#11 /var/www/wappbuzz/index.php(34): CodeIgniter\CodeIgniter->run()
#12 {main}

Next CodeIgniter\Database\Exceptions\DatabaseException: Too many connections in /var/www/wappbuzz/vendor/codeigniter4/framework/system/Database/MySQLi/Connection.php:229
Stack trace:
#0 /var/www/wappbuzz/vendor/codeigniter4/framework/system/Database/BaseConnection.php(392): CodeIgniter\Database\MySQLi\Connection->connect()
#1 /var/www/wappbuzz/vendor/codeigniter4/framework/system/Database/BaseConnection.php(575): CodeIgniter\Database\BaseConnection->initialize()
#2 /var/www/wappbuzz/vendor/codeigniter4/framework/system/Database/BaseBuilder.php(1616): CodeIgniter\Database\BaseConnection->query()
#3 /var/www/wappbuzz/app/Helpers/Common_helper.php(1444): CodeIgniter\Database\BaseBuilder->get()
#4 /var/www/wappbuzz/app/Helpers/Common_helper.php(1348): db_get()
#5 /var/www/wappbuzz/app/Helpers/Common_helper.php(1793): get_option()
#6 /var/www/wappbuzz/inc/core/Home/Controllers/Home.php(7): parse_config()
#7 /var/www/wappbuzz/vendor/codeigniter4/framework/system/CodeIgniter.php(915): Core\Home\Controllers\Home->__construct()
#8 /var/www/wappbuzz/vendor/codeigniter4/framework/system/CodeIgniter.php(971): CodeIgniter\CodeIgniter->createController()
#9 /var/www/wappbuzz/vendor/codeigniter4/framework/system/CodeIgniter.php(370): CodeIgniter\CodeIgniter->display404errors()
#10 /var/www/wappbuzz/index.php(34): CodeIgniter\CodeIgniter->run()
#11 {main}
CRITICAL - 2026-05-19 09:54:01 --> CodeIgniter\Database\Exceptions\DatabaseException: Unable to connect to the database.
Main connection [MySQLi]: Too many connections
in SYSTEMPATH/Database/BaseConnection.php on line 428.
 1 SYSTEMPATH/Database/BaseConnection.php(575): CodeIgniter\Database\BaseConnection->initialize()
 2 SYSTEMPATH/Database/BaseBuilder.php(1616): CodeIgniter\Database\BaseConnection->query()
 3 APPPATH/Helpers/Common_helper.php(1444): CodeIgniter\Database\BaseBuilder->get()
 4 APPPATH/Helpers/Common_helper.php(1348): db_get()
 5 APPPATH/Helpers/Common_helper.php(1793): get_option()
 6 FCPATH/inc/core/Home/Controllers/Home.php(7): parse_config()
 7 SYSTEMPATH/CodeIgniter.php(915): Core\Home\Controllers\Home->__construct()
 8 SYSTEMPATH/CodeIgniter.php(971): CodeIgniter\CodeIgniter->createController()
 9 SYSTEMPATH/CodeIgniter.php(370): CodeIgniter\CodeIgniter->display404errors()
10 FCPATH/index.php(34): CodeIgniter\CodeIgniter->run()
ERROR - 2026-05-19 09:54:01 --> Error connecting to the database: mysqli_sql_exception: Too many connections in /var/www/wappbuzz/vendor/codeigniter4/framework/system/Database/MySQLi/Connection.php:185
Stack trace:
#0 /var/www/wappbuzz/vendor/codeigniter4/framework/system/Database/MySQLi/Connection.php(185): mysqli->real_connect()
#1 /var/www/wappbuzz/vendor/codeigniter4/framework/system/Database/BaseConnection.php(392): CodeIgniter\Database\MySQLi\Connection->connect()
#2 /var/www/wappbuzz/vendor/codeigniter4/framework/system/Database/BaseConnection.php(575): CodeIgniter\Database\BaseConnection->initialize()
#3 /var/www/wappbuzz/vendor/codeigniter4/framework/system/Database/BaseBuilder.php(1616): CodeIgniter\Database\BaseConnection->query()
#4 /var/www/wappbuzz/app/Helpers/Common_helper.php(1444): CodeIgniter\Database\BaseBuilder->get()
#5 /var/www/wappbuzz/app/Filters/MainFilter.php(57): db_get()
#6 /var/www/wappbuzz/vendor/codeigniter4/framework/system/Filters/Filters.php(184): App\Filters\MainFilter->before()
#7 /var/www/wappbuzz/vendor/codeigniter4/framework/system/CodeIgniter.php(475): CodeIgniter\Filters\Filters->run()
#8 /var/www/wappbuzz/vendor/codeigniter4/framework/system/CodeIgniter.php(361): CodeIgniter\CodeIgniter->handleRequest()
#9 /var/www/wappbuzz/index.php(34): CodeIgniter\CodeIgniter->run()
#10 {main}

Next CodeIgniter\Database\Exceptions\DatabaseException: Too many connections in /var/www/wappbuzz/vendor/codeigniter4/framework/system/Database/MySQLi/Connection.php:229
Stack trace:
#0 /var/www/wappbuzz/vendor/codeigniter4/framework/system/Database/BaseConnection.php(392): CodeIgniter\Database\MySQLi\Connection->connect()
#1 /var/www/wappbuzz/vendor/codeigniter4/framework/system/Database/BaseConnection.php(575): CodeIgniter\Database\BaseConnection->initialize()
#2 /var/www/wappbuzz/vendor/codeigniter4/framework/system/Database/BaseBuilder.php(1616): CodeIgniter\Database\BaseConnection->query()
#3 /var/www/wappbuzz/app/Helpers/Common_helper.php(1444): CodeIgniter\Database\BaseBuilder->get()
#4 /var/www/wappbuzz/app/Filters/MainFilter.php(57): db_get()
#5 /var/www/wappbuzz/vendor/codeigniter4/framework/system/Filters/Filters.php(184): App\Filters\MainFilter->before()
#6 /var/www/wappbuzz/vendor/codeigniter4/framework/system/CodeIgniter.php(475): CodeIgniter\Filters\Filters->run()
#7 /var/www/wappbuzz/vendor/codeigniter4/framework/system/CodeIgniter.php(361): CodeIgniter\CodeIgniter->handleRequest()
#8 /var/www/wappbuzz/index.php(34): CodeIgniter\CodeIgniter->run()
#9 {main}
CRITICAL - 2026-05-19 09:54:01 --> CodeIgniter\Database\Exceptions\DatabaseException: Unable to connect to the database.
Main connection [MySQLi]: Too many connections
in SYSTEMPATH/Database/BaseConnection.php on line 428.
 1 SYSTEMPATH/Database/BaseConnection.php(575): CodeIgniter\Database\BaseConnection->initialize()
 2 SYSTEMPATH/Database/BaseBuilder.php(1616): CodeIgniter\Database\BaseConnection->query()
 3 APPPATH/Helpers/Common_helper.php(1444): CodeIgniter\Database\BaseBuilder->get()
 4 APPPATH/Filters/MainFilter.php(57): db_get()
 5 SYSTEMPATH/Filters/Filters.php(184): App\Filters\MainFilter->before()
 6 SYSTEMPATH/CodeIgniter.php(475): CodeIgniter\Filters\Filters->run()
 7 SYSTEMPATH/CodeIgniter.php(361): CodeIgniter\CodeIgniter->handleRequest()
 8 FCPATH/index.php(34): CodeIgniter\CodeIgniter->run()
ERROR - 2026-05-19 09:54:01 --> Error connecting to the database: mysqli_sql_exception: Too many connections in /var/www/wappbuzz/vendor/codeigniter4/framework/system/Database/MySQLi/Connection.php:185
Stack trace:
#0 /var/www/wappbuzz/vendor/codeigniter4/framework/system/Database/MySQLi/Connection.php(185): mysqli->real_connect()
#1 /var/www/wappbuzz/vendor/codeigniter4/framework/system/Database/BaseConnection.php(392): CodeIgniter\Database\MySQLi\Connection->connect()
#2 /var/www/wappbuzz/vendor/codeigniter4/framework/system/Database/BaseConnection.php(575): CodeIgniter\Database\BaseConnection->initialize()
#3 /var/www/wappbuzz/vendor/codeigniter4/framework/system/Database/BaseBuilder.php(1616): CodeIgniter\Database\BaseConnection->query()
#4 /var/www/wappbuzz/app/Helpers/Common_helper.php(1444): CodeIgniter\Database\BaseBuilder->get()
#5 /var/www/wappbuzz/app/Filters/MainFilter.php(57): db_get()
#6 /var/www/wappbuzz/vendor/codeigniter4/framework/system/Filters/Filters.php(184): App\Filters\MainFilter->before()
#7 /var/www/wappbuzz/vendor/codeigniter4/framework/system/CodeIgniter.php(475): CodeIgniter\Filters\Filters->run()
#8 /var/www/wappbuzz/vendor/codeigniter4/framework/system/CodeIgniter.php(361): CodeIgniter\CodeIgniter->handleRequest()
#9 /var/www/wappbuzz/index.php(34): CodeIgniter\CodeIgniter->run()
#10 {main}

Next CodeIgniter\Database\Exceptions\DatabaseException: Too many connections in /var/www/wappbuzz/vendor/codeigniter4/framework/system/Database/MySQLi/Connection.php:229
Stack trace:
#0 /var/www/wappbuzz/vendor/codeigniter4/framework/system/Database/BaseConnection.php(392): CodeIgniter\Database\MySQLi\Connection->connect()
#1 /var/www/wappbuzz/vendor/codeigniter4/framework/system/Database/BaseConnection.php(575): CodeIgniter\Database\BaseConnection->initialize()
#2 /var/www/wappbuzz/vendor/codeigniter4/framework/system/Database/BaseBuilder.php(1616): CodeIgniter\Database\BaseConnection->query()
#3 /var/www/wappbuzz/app/Helpers/Common_helper.php(1444): CodeIgniter\Database\BaseBuilder->get()
#4 /var/www/wappbuzz/app/Filters/MainFilter.php(57): db_get()
#5 /var/www/wappbuzz/vendor/codeigniter4/framework/system/Filters/Filters.php(184): App\Filters\MainFilter->before()
#6 /var/www/wappbuzz/vendor/codeigniter4/framework/system/CodeIgniter.php(475): CodeIgniter\Filters\Filters->run()
#7 /var/www/wappbuzz/vendor/codeigniter4/framework/system/CodeIgniter.php(361): CodeIgniter\CodeIgniter->handleRequest()
#8 /var/www/wappbuzz/index.php(34): CodeIgniter\CodeIgniter->run()
#9 {main}
CRITICAL - 2026-05-19 09:54:01 --> CodeIgniter\Database\Exceptions\DatabaseException: Unable to connect to the database.
Main connection [MySQLi]: Too many connections
in SYSTEMPATH/Database/BaseConnection.php on line 428.
 1 SYSTEMPATH/Database/BaseConnection.php(575): CodeIgniter\Database\BaseConnection->initialize()
 2 SYSTEMPATH/Database/BaseBuilder.php(1616): CodeIgniter\Database\BaseConnection->query()
 3 APPPATH/Helpers/Common_helper.php(1444): CodeIgniter\Database\BaseBuilder->get()
 4 APPPATH/Filters/MainFilter.php(57): db_get()
 5 SYSTEMPATH/Filters/Filters.php(184): App\Filters\MainFilter->before()
 6 SYSTEMPATH/CodeIgniter.php(475): CodeIgniter\Filters\Filters->run()
 7 SYSTEMPATH/CodeIgniter.php(361): CodeIgniter\CodeIgniter->handleRequest()
 8 FCPATH/index.php(34): CodeIgniter\CodeIgniter->run()
ERROR - 2026-05-19 09:54:01 --> Error connecting to the database: mysqli_sql_exception: Too many connections in /var/www/wappbuzz/vendor/codeigniter4/framework/system/Database/MySQLi/Connection.php:185
Stack trace:
#0 /var/www/wappbuzz/vendor/codeigniter4/framework/system/Database/MySQLi/Connection.php(185): mysqli->real_connect()
#1 /var/www/wappbuzz/vendor/codeigniter4/framework/system/Database/BaseConnection.php(392): CodeIgniter\Database\MySQLi\Connection->connect()
#2 /var/www/wappbuzz/vendor/codeigniter4/framework/system/Database/BaseConnection.php(575): CodeIgniter\Database\BaseConnection->initialize()
#3 /var/www/wappbuzz/vendor/codeigniter4/framework/system/Database/BaseBuilder.php(1616): CodeIgniter\Database\BaseConnection->query()
#4 /var/www/wappbuzz/app/Helpers/Common_helper.php(1444): CodeIgniter\Database\BaseBuilder->get()
#5 /var/www/wappbuzz/app/Filters/MainFilter.php(57): db_get()
#6 /var/www/wappbuzz/vendor/codeigniter4/framework/system/Filters/Filters.php(184): App\Filters\MainFilter->before()
#7 /var/www/wappbuzz/vendor/codeigniter4/framework/system/CodeIgniter.php(475): CodeIgniter\Filters\Filters->run()
#8 /var/www/wappbuzz/vendor/codeigniter4/framework/system/CodeIgniter.php(361): CodeIgniter\CodeIgniter->handleRequest()
#9 /var/www/wappbuzz/index.php(34): CodeIgniter\CodeIgniter->run()
#10 {main}

Next CodeIgniter\Database\Exceptions\DatabaseException: Too many connections in /var/www/wappbuzz/vendor/codeigniter4/framework/system/Database/MySQLi/Connection.php:229
Stack trace:
#0 /var/www/wappbuzz/vendor/codeigniter4/framework/system/Database/BaseConnection.php(392): CodeIgniter\Database\MySQLi\Connection->connect()
#1 /var/www/wappbuzz/vendor/codeigniter4/framework/system/Database/BaseConnection.php(575): CodeIgniter\Database\BaseConnection->initialize()
#2 /var/www/wappbuzz/vendor/codeigniter4/framework/system/Database/BaseBuilder.php(1616): CodeIgniter\Database\BaseConnection->query()
#3 /var/www/wappbuzz/app/Helpers/Common_helper.php(1444): CodeIgniter\Database\BaseBuilder->get()
#4 /var/www/wappbuzz/app/Filters/MainFilter.php(57): db_get()
#5 /var/www/wappbuzz/vendor/codeigniter4/framework/system/Filters/Filters.php(184): App\Filters\MainFilter->before()
#6 /var/www/wappbuzz/vendor/codeigniter4/framework/system/CodeIgniter.php(475): CodeIgniter\Filters\Filters->run()
#7 /var/www/wappbuzz/vendor/codeigniter4/framework/system/CodeIgniter.php(361): CodeIgniter\CodeIgniter->handleRequest()
#8 /var/www/wappbuzz/index.php(34): CodeIgniter\CodeIgniter->run()
#9 {main}
CRITICAL - 2026-05-19 09:54:01 --> CodeIgniter\Database\Exceptions\DatabaseException: Unable to connect to the database.
Main connection [MySQLi]: Too many connections
in SYSTEMPATH/Database/BaseConnection.php on line 428.
 1 SYSTEMPATH/Database/BaseConnection.php(575): CodeIgniter\Database\BaseConnection->initialize()
 2 SYSTEMPATH/Database/BaseBuilder.php(1616): CodeIgniter\Database\BaseConnection->query()
 3 APPPATH/Helpers/Common_helper.php(1444): CodeIgniter\Database\BaseBuilder->get()
 4 APPPATH/Filters/MainFilter.php(57): db_get()
 5 SYSTEMPATH/Filters/Filters.php(184): App\Filters\MainFilter->before()
 6 SYSTEMPATH/CodeIgniter.php(475): CodeIgniter\Filters\Filters->run()
 7 SYSTEMPATH/CodeIgniter.php(361): CodeIgniter\CodeIgniter->handleRequest()
 8 FCPATH/index.php(34): CodeIgniter\CodeIgniter->run()
ERROR - 2026-05-19 09:54:02 --> Error connecting to the database: mysqli_sql_exception: Too many connections in /var/www/wappbuzz/vendor/codeigniter4/framework/system/Database/MySQLi/Connection.php:185
Stack trace:
#0 /var/www/wappbuzz/vendor/codeigniter4/framework/system/Database/MySQLi/Connection.php(185): mysqli->real_connect()
#1 /var/www/wappbuzz/vendor/codeigniter4/framework/system/Database/BaseConnection.php(392): CodeIgniter\Database\MySQLi\Connection->connect()
#2 /var/www/wappbuzz/vendor/codeigniter4/framework/system/Database/BaseConnection.php(575): CodeIgniter\Database\BaseConnection->initialize()
#3 /var/www/wappbuzz/vendor/codeigniter4/framework/system/Database/BaseBuilder.php(1616): CodeIgniter\Database\BaseConnection->query()
#4 /var/www/wappbuzz/app/Helpers/Common_helper.php(1444): CodeIgniter\Database\BaseBuilder->get()
#5 /var/www/wappbuzz/app/Filters/MainFilter.php(57): db_get()
#6 /var/www/wappbuzz/vendor/codeigniter4/framework/system/Filters/Filters.php(184): App\Filters\MainFilter->before()
#7 /var/www/wappbuzz/vendor/codeigniter4/framework/system/CodeIgniter.php(475): CodeIgniter\Filters\Filters->run()
#8 /var/www/wappbuzz/vendor/codeigniter4/framework/system/CodeIgniter.php(361): CodeIgniter\CodeIgniter->handleRequest()
#9 /var/www/wappbuzz/index.php(34): CodeIgniter\CodeIgniter->run()
#10 {main}

Next CodeIgniter\Database\Exceptions\DatabaseException: Too many connections in /var/www/wappbuzz/vendor/codeigniter4/framework/system/Database/MySQLi/Connection.php:229
Stack trace:
#0 /var/www/wappbuzz/vendor/codeigniter4/framework/system/Database/BaseConnection.php(392): CodeIgniter\Database\MySQLi\Connection->connect()
#1 /var/www/wappbuzz/vendor/codeigniter4/framework/system/Database/BaseConnection.php(575): CodeIgniter\Database\BaseConnection->initialize()
#2 /var/www/wappbuzz/vendor/codeigniter4/framework/system/Database/BaseBuilder.php(1616): CodeIgniter\Database\BaseConnection->query()
#3 /var/www/wappbuzz/app/Helpers/Common_helper.php(1444): CodeIgniter\Database\BaseBuilder->get()
#4 /var/www/wappbuzz/app/Filters/MainFilter.php(57): db_get()
#5 /var/www/wappbuzz/vendor/codeigniter4/framework/system/Filters/Filters.php(184): App\Filters\MainFilter->before()
#6 /var/www/wappbuzz/vendor/codeigniter4/framework/system/CodeIgniter.php(475): CodeIgniter\Filters\Filters->run()
#7 /var/www/wappbuzz/vendor/codeigniter4/framework/system/CodeIgniter.php(361): CodeIgniter\CodeIgniter->handleRequest()
#8 /var/www/wappbuzz/index.php(34): CodeIgniter\CodeIgniter->run()
#9 {main}
CRITICAL - 2026-05-19 09:54:02 --> CodeIgniter\Database\Exceptions\DatabaseException: Unable to connect to the database.
Main connection [MySQLi]: Too many connections
in SYSTEMPATH/Database/BaseConnection.php on line 428.
 1 SYSTEMPATH/Database/BaseConnection.php(575): CodeIgniter\Database\BaseConnection->initialize()
 2 SYSTEMPATH/Database/BaseBuilder.php(1616): CodeIgniter\Database\BaseConnection->query()
 3 APPPATH/Helpers/Common_helper.php(1444): CodeIgniter\Database\BaseBuilder->get()
 4 APPPATH/Filters/MainFilter.php(57): db_get()
 5 SYSTEMPATH/Filters/Filters.php(184): App\Filters\MainFilter->before()
 6 SYSTEMPATH/CodeIgniter.php(475): CodeIgniter\Filters\Filters->run()
 7 SYSTEMPATH/CodeIgniter.php(361): CodeIgniter\CodeIgniter->handleRequest()
 8 FCPATH/index.php(34): CodeIgniter\CodeIgniter->run()
ERROR - 2026-05-19 09:54:02 --> Error connecting to the database: mysqli_sql_exception: Too many connections in /var/www/wappbuzz/vendor/codeigniter4/framework/system/Database/MySQLi/Connection.php:185
Stack trace:
#0 /var/www/wappbuzz/vendor/codeigniter4/framework/system/Database/MySQLi/Connection.php(185): mysqli->real_connect()
#1 /var/www/wappbuzz/vendor/codeigniter4/framework/system/Database/BaseConnection.php(392): CodeIgniter\Database\MySQLi\Connection->connect()
#2 /var/www/wappbuzz/vendor/codeigniter4/framework/system/Database/BaseConnection.php(575): CodeIgniter\Database\BaseConnection->initialize()
#3 /var/www/wappbuzz/vendor/codeigniter4/framework/system/Database/BaseBuilder.php(1616): CodeIgniter\Database\BaseConnection->query()
#4 /var/www/wappbuzz/app/Helpers/Common_helper.php(1444): CodeIgniter\Database\BaseBuilder->get()
#5 /var/www/wappbuzz/app/Filters/MainFilter.php(57): db_get()
#6 /var/www/wappbuzz/vendor/codeigniter4/framework/system/Filters/Filters.php(184): App\Filters\MainFilter->before()
#7 /var/www/wappbuzz/vendor/codeigniter4/framework/system/CodeIgniter.php(475): CodeIgniter\Filters\Filters->run()
#8 /var/www/wappbuzz/vendor/codeigniter4/framework/system/CodeIgniter.php(361): CodeIgniter\CodeIgniter->handleRequest()
#9 /var/www/wappbuzz/index.php(34): CodeIgniter\CodeIgniter->run()
#10 {main}

Next CodeIgniter\Database\Exceptions\DatabaseException: Too many connections in /var/www/wappbuzz/vendor/codeigniter4/framework/system/Database/MySQLi/Connection.php:229
Stack trace:
#0 /var/www/wappbuzz/vendor/codeigniter4/framework/system/Database/BaseConnection.php(392): CodeIgniter\Database\MySQLi\Connection->connect()
#1 /var/www/wappbuzz/vendor/codeigniter4/framework/system/Database/BaseConnection.php(575): CodeIgniter\Database\BaseConnection->initialize()
#2 /var/www/wappbuzz/vendor/codeigniter4/framework/system/Database/BaseBuilder.php(1616): CodeIgniter\Database\BaseConnection->query()
#3 /var/www/wappbuzz/app/Helpers/Common_helper.php(1444): CodeIgniter\Database\BaseBuilder->get()
#4 /var/www/wappbuzz/app/Filters/MainFilter.php(57): db_get()
#5 /var/www/wappbuzz/vendor/codeigniter4/framework/system/Filters/Filters.php(184): App\Filters\MainFilter->before()
#6 /var/www/wappbuzz/vendor/codeigniter4/framework/system/CodeIgniter.php(475): CodeIgniter\Filters\Filters->run()
#7 /var/www/wappbuzz/vendor/codeigniter4/framework/system/CodeIgniter.php(361): CodeIgniter\CodeIgniter->handleRequest()
#8 /var/www/wappbuzz/index.php(34): CodeIgniter\CodeIgniter->run()
#9 {main}
CRITICAL - 2026-05-19 09:54:02 --> CodeIgniter\Database\Exceptions\DatabaseException: Unable to connect to the database.
Main connection [MySQLi]: Too many connections
in SYSTEMPATH/Database/BaseConnection.php on line 428.
 1 SYSTEMPATH/Database/BaseConnection.php(575): CodeIgniter\Database\BaseConnection->initialize()
 2 SYSTEMPATH/Database/BaseBuilder.php(1616): CodeIgniter\Database\BaseConnection->query()
 3 APPPATH/Helpers/Common_helper.php(1444): CodeIgniter\Database\BaseBuilder->get()
 4 APPPATH/Filters/MainFilter.php(57): db_get()
 5 SYSTEMPATH/Filters/Filters.php(184): App\Filters\MainFilter->before()
 6 SYSTEMPATH/CodeIgniter.php(475): CodeIgniter\Filters\Filters->run()
 7 SYSTEMPATH/CodeIgniter.php(361): CodeIgniter\CodeIgniter->handleRequest()
 8 FCPATH/index.php(34): CodeIgniter\CodeIgniter->run()
ERROR - 2026-05-19 09:54:02 --> Error connecting to the database: mysqli_sql_exception: Too many connections in /var/www/wappbuzz/vendor/codeigniter4/framework/system/Database/MySQLi/Connection.php:185
Stack trace:
#0 /var/www/wappbuzz/vendor/codeigniter4/framework/system/Database/MySQLi/Connection.php(185): mysqli->real_connect()
#1 /var/www/wappbuzz/vendor/codeigniter4/framework/system/Database/BaseConnection.php(392): CodeIgniter\Database\MySQLi\Connection->connect()
#2 /var/www/wappbuzz/vendor/codeigniter4/framework/system/Database/BaseConnection.php(575): CodeIgniter\Database\BaseConnection->initialize()
#3 /var/www/wappbuzz/vendor/codeigniter4/framework/system/Database/BaseBuilder.php(1616): CodeIgniter\Database\BaseConnection->query()
#4 /var/www/wappbuzz/app/Helpers/Common_helper.php(1444): CodeIgniter\Database\BaseBuilder->get()
#5 /var/www/wappbuzz/app/Filters/MainFilter.php(57): db_get()
#6 /var/www/wappbuzz/vendor/codeigniter4/framework/system/Filters/Filters.php(184): App\Filters\MainFilter->before()
#7 /var/www/wappbuzz/vendor/codeigniter4/framework/system/CodeIgniter.php(475): CodeIgniter\Filters\Filters->run()
#8 /var/www/wappbuzz/vendor/codeigniter4/framework/system/CodeIgniter.php(361): CodeIgniter\CodeIgniter->handleRequest()
#9 /var/www/wappbuzz/index.php(34): CodeIgniter\CodeIgniter->run()
#10 {main}

Next CodeIgniter\Database\Exceptions\DatabaseException: Too many connections in /var/www/wappbuzz/vendor/codeigniter4/framework/system/Database/MySQLi/Connection.php:229
Stack trace:
#0 /var/www/wappbuzz/vendor/codeigniter4/framework/system/Database/BaseConnection.php(392): CodeIgniter\Database\MySQLi\Connection->connect()
#1 /var/www/wappbuzz/vendor/codeigniter4/framework/system/Database/BaseConnection.php(575): CodeIgniter\Database\BaseConnection->initialize()
#2 /var/www/wappbuzz/vendor/codeigniter4/framework/system/Database/BaseBuilder.php(1616): CodeIgniter\Database\BaseConnection->query()
#3 /var/www/wappbuzz/app/Helpers/Common_helper.php(1444): CodeIgniter\Database\BaseBuilder->get()
#4 /var/www/wappbuzz/app/Filters/MainFilter.php(57): db_get()
#5 /var/www/wappbuzz/vendor/codeigniter4/framework/system/Filters/Filters.php(184): App\Filters\MainFilter->before()
#6 /var/www/wappbuzz/vendor/codeigniter4/framework/system/CodeIgniter.php(475): CodeIgniter\Filters\Filters->run()
#7 /var/www/wappbuzz/vendor/codeigniter4/framework/system/CodeIgniter.php(361): CodeIgniter\CodeIgniter->handleRequest()
#8 /var/www/wappbuzz/index.php(34): CodeIgniter\CodeIgniter->run()
#9 {main}
CRITICAL - 2026-05-19 09:54:02 --> CodeIgniter\Database\Exceptions\DatabaseException: Unable to connect to the database.
Main connection [MySQLi]: Too many connections
in SYSTEMPATH/Database/BaseConnection.php on line 428.
 1 SYSTEMPATH/Database/BaseConnection.php(575): CodeIgniter\Database\BaseConnection->initialize()
 2 SYSTEMPATH/Database/BaseBuilder.php(1616): CodeIgniter\Database\BaseConnection->query()
 3 APPPATH/Helpers/Common_helper.php(1444): CodeIgniter\Database\BaseBuilder->get()
 4 APPPATH/Filters/MainFilter.php(57): db_get()
 5 SYSTEMPATH/Filters/Filters.php(184): App\Filters\MainFilter->before()
 6 SYSTEMPATH/CodeIgniter.php(475): CodeIgniter\Filters\Filters->run()
 7 SYSTEMPATH/CodeIgniter.php(361): CodeIgniter\CodeIgniter->handleRequest()
 8 FCPATH/index.php(34): CodeIgniter\CodeIgniter->run()
ERROR - 2026-05-19 09:54:02 --> Error connecting to the database: mysqli_sql_exception: Too many connections in /var/www/wappbuzz/vendor/codeigniter4/framework/system/Database/MySQLi/Connection.php:185
Stack trace:
#0 /var/www/wappbuzz/vendor/codeigniter4/framework/system/Database/MySQLi/Connection.php(185): mysqli->real_connect()
#1 /var/www/wappbuzz/vendor/codeigniter4/framework/system/Database/BaseConnection.php(392): CodeIgniter\Database\MySQLi\Connection->connect()
#2 /var/www/wappbuzz/vendor/codeigniter4/framework/system/Database/BaseConnection.php(575): CodeIgniter\Database\BaseConnection->initialize()
#3 /var/www/wappbuzz/vendor/codeigniter4/framework/system/Database/BaseBuilder.php(1616): CodeIgniter\Database\BaseConnection->query()
#4 /var/www/wappbuzz/app/Helpers/Common_helper.php(1444): CodeIgniter\Database\BaseBuilder->get()
#5 /var/www/wappbuzz/app/Filters/MainFilter.php(57): db_get()
#6 /var/www/wappbuzz/vendor/codeigniter4/framework/system/Filters/Filters.php(184): App\Filters\MainFilter->before()
#7 /var/www/wappbuzz/vendor/codeigniter4/framework/system/CodeIgniter.php(475): CodeIgniter\Filters\Filters->run()
#8 /var/www/wappbuzz/vendor/codeigniter4/framework/system/CodeIgniter.php(361): CodeIgniter\CodeIgniter->handleRequest()
#9 /var/www/wappbuzz/index.php(34): CodeIgniter\CodeIgniter->run()
#10 {main}

Next CodeIgniter\Database\Exceptions\DatabaseException: Too many connections in /var/www/wappbuzz/vendor/codeigniter4/framework/system/Database/MySQLi/Connection.php:229
Stack trace:
#0 /var/www/wappbuzz/vendor/codeigniter4/framework/system/Database/BaseConnection.php(392): CodeIgniter\Database\MySQLi\Connection->connect()
#1 /var/www/wappbuzz/vendor/codeigniter4/framework/system/Database/BaseConnection.php(575): CodeIgniter\Database\BaseConnection->initialize()
#2 /var/www/wappbuzz/vendor/codeigniter4/framework/system/Database/BaseBuilder.php(1616): CodeIgniter\Database\BaseConnection->query()
#3 /var/www/wappbuzz/app/Helpers/Common_helper.php(1444): CodeIgniter\Database\BaseBuilder->get()
#4 /var/www/wappbuzz/app/Filters/MainFilter.php(57): db_get()
#5 /var/www/wappbuzz/vendor/codeigniter4/framework/system/Filters/Filters.php(184): App\Filters\MainFilter->before()
#6 /var/www/wappbuzz/vendor/codeigniter4/framework/system/CodeIgniter.php(475): CodeIgniter\Filters\Filters->run()
#7 /var/www/wappbuzz/vendor/codeigniter4/framework/system/CodeIgniter.php(361): CodeIgniter\CodeIgniter->handleRequest()
#8 /var/www/wappbuzz/index.php(34): CodeIgniter\CodeIgniter->run()
#9 {main}
CRITICAL - 2026-05-19 09:54:02 --> CodeIgniter\Database\Exceptions\DatabaseException: Unable to connect to the database.
Main connection [MySQLi]: Too many connections
in SYSTEMPATH/Database/BaseConnection.php on line 428.
 1 SYSTEMPATH/Database/BaseConnection.php(575): CodeIgniter\Database\BaseConnection->initialize()
 2 SYSTEMPATH/Database/BaseBuilder.php(1616): CodeIgniter\Database\BaseConnection->query()
 3 APPPATH/Helpers/Common_helper.php(1444): CodeIgniter\Database\BaseBuilder->get()
 4 APPPATH/Filters/MainFilter.php(57): db_get()
 5 SYSTEMPATH/Filters/Filters.php(184): App\Filters\MainFilter->before()
 6 SYSTEMPATH/CodeIgniter.php(475): CodeIgniter\Filters\Filters->run()
 7 SYSTEMPATH/CodeIgniter.php(361): CodeIgniter\CodeIgniter->handleRequest()
 8 FCPATH/index.php(34): CodeIgniter\CodeIgniter->run()
ERROR - 2026-05-19 09:54:03 --> Error connecting to the database: mysqli_sql_exception: Too many connections in /var/www/wappbuzz/vendor/codeigniter4/framework/system/Database/MySQLi/Connection.php:185
Stack trace:
#0 /var/www/wappbuzz/vendor/codeigniter4/framework/system/Database/MySQLi/Connection.php(185): mysqli->real_connect()
#1 /var/www/wappbuzz/vendor/codeigniter4/framework/system/Database/BaseConnection.php(392): CodeIgniter\Database\MySQLi\Connection->connect()
#2 /var/www/wappbuzz/vendor/codeigniter4/framework/system/Database/BaseConnection.php(575): CodeIgniter\Database\BaseConnection->initialize()
#3 /var/www/wappbuzz/vendor/codeigniter4/framework/system/Database/BaseBuilder.php(1616): CodeIgniter\Database\BaseConnection->query()
#4 /var/www/wappbuzz/app/Helpers/Common_helper.php(1444): CodeIgniter\Database\BaseBuilder->get()
#5 /var/www/wappbuzz/app/Helpers/Common_helper.php(1348): db_get()
#6 /var/www/wappbuzz/app/Helpers/Common_helper.php(1793): get_option()
#7 /var/www/wappbuzz/inc/core/Home/Controllers/Home.php(7): parse_config()
#8 /var/www/wappbuzz/vendor/codeigniter4/framework/system/CodeIgniter.php(915): Core\Home\Controllers\Home->__construct()
#9 /var/www/wappbuzz/vendor/codeigniter4/framework/system/CodeIgniter.php(971): CodeIgniter\CodeIgniter->createController()
#10 /var/www/wappbuzz/vendor/codeigniter4/framework/system/CodeIgniter.php(370): CodeIgniter\CodeIgniter->display404errors()
#11 /var/www/wappbuzz/index.php(34): CodeIgniter\CodeIgniter->run()
#12 {main}

Next CodeIgniter\Database\Exceptions\DatabaseException: Too many connections in /var/www/wappbuzz/vendor/codeigniter4/framework/system/Database/MySQLi/Connection.php:229
Stack trace:
#0 /var/www/wappbuzz/vendor/codeigniter4/framework/system/Database/BaseConnection.php(392): CodeIgniter\Database\MySQLi\Connection->connect()
#1 /var/www/wappbuzz/vendor/codeigniter4/framework/system/Database/BaseConnection.php(575): CodeIgniter\Database\BaseConnection->initialize()
#2 /var/www/wappbuzz/vendor/codeigniter4/framework/system/Database/BaseBuilder.php(1616): CodeIgniter\Database\BaseConnection->query()
#3 /var/www/wappbuzz/app/Helpers/Common_helper.php(1444): CodeIgniter\Database\BaseBuilder->get()
#4 /var/www/wappbuzz/app/Helpers/Common_helper.php(1348): db_get()
#5 /var/www/wappbuzz/app/Helpers/Common_helper.php(1793): get_option()
#6 /var/www/wappbuzz/inc/core/Home/Controllers/Home.php(7): parse_config()
#7 /var/www/wappbuzz/vendor/codeigniter4/framework/system/CodeIgniter.php(915): Core\Home\Controllers\Home->__construct()
#8 /var/www/wappbuzz/vendor/codeigniter4/framework/system/CodeIgniter.php(971): CodeIgniter\CodeIgniter->createController()
#9 /var/www/wappbuzz/vendor/codeigniter4/framework/system/CodeIgniter.php(370): CodeIgniter\CodeIgniter->display404errors()
#10 /var/www/wappbuzz/index.php(34): CodeIgniter\CodeIgniter->run()
#11 {main}
CRITICAL - 2026-05-19 09:54:03 --> CodeIgniter\Database\Exceptions\DatabaseException: Unable to connect to the database.
Main connection [MySQLi]: Too many connections
in SYSTEMPATH/Database/BaseConnection.php on line 428.
 1 SYSTEMPATH/Database/BaseConnection.php(575): CodeIgniter\Database\BaseConnection->initialize()
 2 SYSTEMPATH/Database/BaseBuilder.php(1616): CodeIgniter\Database\BaseConnection->query()
 3 APPPATH/Helpers/Common_helper.php(1444): CodeIgniter\Database\BaseBuilder->get()
 4 APPPATH/Helpers/Common_helper.php(1348): db_get()
 5 APPPATH/Helpers/Common_helper.php(1793): get_option()
 6 FCPATH/inc/core/Home/Controllers/Home.php(7): parse_config()
 7 SYSTEMPATH/CodeIgniter.php(915): Core\Home\Controllers\Home->__construct()
 8 SYSTEMPATH/CodeIgniter.php(971): CodeIgniter\CodeIgniter->createController()
 9 SYSTEMPATH/CodeIgniter.php(370): CodeIgniter\CodeIgniter->display404errors()
10 FCPATH/index.php(34): CodeIgniter\CodeIgniter->run()
ERROR - 2026-05-19 09:54:03 --> Error connecting to the database: mysqli_sql_exception: Too many connections in /var/www/wappbuzz/vendor/codeigniter4/framework/system/Database/MySQLi/Connection.php:185
Stack trace:
#0 /var/www/wappbuzz/vendor/codeigniter4/framework/system/Database/MySQLi/Connection.php(185): mysqli->real_connect()
#1 /var/www/wappbuzz/vendor/codeigniter4/framework/system/Database/BaseConnection.php(392): CodeIgniter\Database\MySQLi\Connection->connect()
#2 /var/www/wappbuzz/vendor/codeigniter4/framework/system/Database/BaseConnection.php(575): CodeIgniter\Database\BaseConnection->initialize()
#3 /var/www/wappbuzz/vendor/codeigniter4/framework/system/Database/BaseBuilder.php(1616): CodeIgniter\Database\BaseConnection->query()
#4 /var/www/wappbuzz/app/Helpers/Common_helper.php(1444): CodeIgniter\Database\BaseBuilder->get()
#5 /var/www/wappbuzz/app/Filters/MainFilter.php(57): db_get()
#6 /var/www/wappbuzz/vendor/codeigniter4/framework/system/Filters/Filters.php(184): App\Filters\MainFilter->before()
#7 /var/www/wappbuzz/vendor/codeigniter4/framework/system/CodeIgniter.php(475): CodeIgniter\Filters\Filters->run()
#8 /var/www/wappbuzz/vendor/codeigniter4/framework/system/CodeIgniter.php(361): CodeIgniter\CodeIgniter->handleRequest()
#9 /var/www/wappbuzz/index.php(34): CodeIgniter\CodeIgniter->run()
#10 {main}

Next CodeIgniter\Database\Exceptions\DatabaseException: Too many connections in /var/www/wappbuzz/vendor/codeigniter4/framework/system/Database/MySQLi/Connection.php:229
Stack trace:
#0 /var/www/wappbuzz/vendor/codeigniter4/framework/system/Database/BaseConnection.php(392): CodeIgniter\Database\MySQLi\Connection->connect()
#1 /var/www/wappbuzz/vendor/codeigniter4/framework/system/Database/BaseConnection.php(575): CodeIgniter\Database\BaseConnection->initialize()
#2 /var/www/wappbuzz/vendor/codeigniter4/framework/system/Database/BaseBuilder.php(1616): CodeIgniter\Database\BaseConnection->query()
#3 /var/www/wappbuzz/app/Helpers/Common_helper.php(1444): CodeIgniter\Database\BaseBuilder->get()
#4 /var/www/wappbuzz/app/Filters/MainFilter.php(57): db_get()
#5 /var/www/wappbuzz/vendor/codeigniter4/framework/system/Filters/Filters.php(184): App\Filters\MainFilter->before()
#6 /var/www/wappbuzz/vendor/codeigniter4/framework/system/CodeIgniter.php(475): CodeIgniter\Filters\Filters->run()
#7 /var/www/wappbuzz/vendor/codeigniter4/framework/system/CodeIgniter.php(361): CodeIgniter\CodeIgniter->handleRequest()
#8 /var/www/wappbuzz/index.php(34): CodeIgniter\CodeIgniter->run()
#9 {main}
CRITICAL - 2026-05-19 09:54:03 --> CodeIgniter\Database\Exceptions\DatabaseException: Unable to connect to the database.
Main connection [MySQLi]: Too many connections
in SYSTEMPATH/Database/BaseConnection.php on line 428.
 1 SYSTEMPATH/Database/BaseConnection.php(575): CodeIgniter\Database\BaseConnection->initialize()
 2 SYSTEMPATH/Database/BaseBuilder.php(1616): CodeIgniter\Database\BaseConnection->query()
 3 APPPATH/Helpers/Common_helper.php(1444): CodeIgniter\Database\BaseBuilder->get()
 4 APPPATH/Filters/MainFilter.php(57): db_get()
 5 SYSTEMPATH/Filters/Filters.php(184): App\Filters\MainFilter->before()
 6 SYSTEMPATH/CodeIgniter.php(475): CodeIgniter\Filters\Filters->run()
 7 SYSTEMPATH/CodeIgniter.php(361): CodeIgniter\CodeIgniter->handleRequest()
 8 FCPATH/index.php(34): CodeIgniter\CodeIgniter->run()
ERROR - 2026-05-19 09:54:04 --> Error connecting to the database: mysqli_sql_exception: Too many connections in /var/www/wappbuzz/vendor/codeigniter4/framework/system/Database/MySQLi/Connection.php:185
Stack trace:
#0 /var/www/wappbuzz/vendor/codeigniter4/framework/system/Database/MySQLi/Connection.php(185): mysqli->real_connect()
#1 /var/www/wappbuzz/vendor/codeigniter4/framework/system/Database/BaseConnection.php(392): CodeIgniter\Database\MySQLi\Connection->connect()
#2 /var/www/wappbuzz/vendor/codeigniter4/framework/system/Database/BaseConnection.php(575): CodeIgniter\Database\BaseConnection->initialize()
#3 /var/www/wappbuzz/vendor/codeigniter4/framework/system/Database/BaseBuilder.php(1616): CodeIgniter\Database\BaseConnection->query()
#4 /var/www/wappbuzz/app/Helpers/Common_helper.php(1444): CodeIgniter\Database\BaseBuilder->get()
#5 /var/www/wappbuzz/app/Filters/MainFilter.php(57): db_get()
#6 /var/www/wappbuzz/vendor/codeigniter4/framework/system/Filters/Filters.php(184): App\Filters\MainFilter->before()
#7 /var/www/wappbuzz/vendor/codeigniter4/framework/system/CodeIgniter.php(475): CodeIgniter\Filters\Filters->run()
#8 /var/www/wappbuzz/vendor/codeigniter4/framework/system/CodeIgniter.php(361): CodeIgniter\CodeIgniter->handleRequest()
#9 /var/www/wappbuzz/index.php(34): CodeIgniter\CodeIgniter->run()
#10 {main}

Next CodeIgniter\Database\Exceptions\DatabaseException: Too many connections in /var/www/wappbuzz/vendor/codeigniter4/framework/system/Database/MySQLi/Connection.php:229
Stack trace:
#0 /var/www/wappbuzz/vendor/codeigniter4/framework/system/Database/BaseConnection.php(392): CodeIgniter\Database\MySQLi\Connection->connect()
#1 /var/www/wappbuzz/vendor/codeigniter4/framework/system/Database/BaseConnection.php(575): CodeIgniter\Database\BaseConnection->initialize()
#2 /var/www/wappbuzz/vendor/codeigniter4/framework/system/Database/BaseBuilder.php(1616): CodeIgniter\Database\BaseConnection->query()
#3 /var/www/wappbuzz/app/Helpers/Common_helper.php(1444): CodeIgniter\Database\BaseBuilder->get()
#4 /var/www/wappbuzz/app/Filters/MainFilter.php(57): db_get()
#5 /var/www/wappbuzz/vendor/codeigniter4/framework/system/Filters/Filters.php(184): App\Filters\MainFilter->before()
#6 /var/www/wappbuzz/vendor/codeigniter4/framework/system/CodeIgniter.php(475): CodeIgniter\Filters\Filters->run()
#7 /var/www/wappbuzz/vendor/codeigniter4/framework/system/CodeIgniter.php(361): CodeIgniter\CodeIgniter->handleRequest()
#8 /var/www/wappbuzz/index.php(34): CodeIgniter\CodeIgniter->run()
#9 {main}
CRITICAL - 2026-05-19 09:54:04 --> CodeIgniter\Database\Exceptions\DatabaseException: Unable to connect to the database.
Main connection [MySQLi]: Too many connections
in SYSTEMPATH/Database/BaseConnection.php on line 428.
 1 SYSTEMPATH/Database/BaseConnection.php(575): CodeIgniter\Database\BaseConnection->initialize()
 2 SYSTEMPATH/Database/BaseBuilder.php(1616): CodeIgniter\Database\BaseConnection->query()
 3 APPPATH/Helpers/Common_helper.php(1444): CodeIgniter\Database\BaseBuilder->get()
 4 APPPATH/Filters/MainFilter.php(57): db_get()
 5 SYSTEMPATH/Filters/Filters.php(184): App\Filters\MainFilter->before()
 6 SYSTEMPATH/CodeIgniter.php(475): CodeIgniter\Filters\Filters->run()
 7 SYSTEMPATH/CodeIgniter.php(361): CodeIgniter\CodeIgniter->handleRequest()
 8 FCPATH/index.php(34): CodeIgniter\CodeIgniter->run()
ERROR - 2026-05-19 09:54:04 --> Error connecting to the database: mysqli_sql_exception: Too many connections in /var/www/wappbuzz/vendor/codeigniter4/framework/system/Database/MySQLi/Connection.php:185
Stack trace:
#0 /var/www/wappbuzz/vendor/codeigniter4/framework/system/Database/MySQLi/Connection.php(185): mysqli->real_connect()
#1 /var/www/wappbuzz/vendor/codeigniter4/framework/system/Database/BaseConnection.php(392): CodeIgniter\Database\MySQLi\Connection->connect()
#2 /var/www/wappbuzz/vendor/codeigniter4/framework/system/Database/BaseConnection.php(575): CodeIgniter\Database\BaseConnection->initialize()
#3 /var/www/wappbuzz/vendor/codeigniter4/framework/system/Database/BaseBuilder.php(1616): CodeIgniter\Database\BaseConnection->query()
#4 /var/www/wappbuzz/app/Helpers/Common_helper.php(1444): CodeIgniter\Database\BaseBuilder->get()
#5 /var/www/wappbuzz/app/Filters/MainFilter.php(57): db_get()
#6 /var/www/wappbuzz/vendor/codeigniter4/framework/system/Filters/Filters.php(184): App\Filters\MainFilter->before()
#7 /var/www/wappbuzz/vendor/codeigniter4/framework/system/CodeIgniter.php(475): CodeIgniter\Filters\Filters->run()
#8 /var/www/wappbuzz/vendor/codeigniter4/framework/system/CodeIgniter.php(361): CodeIgniter\CodeIgniter->handleRequest()
#9 /var/www/wappbuzz/index.php(34): CodeIgniter\CodeIgniter->run()
#10 {main}

Next CodeIgniter\Database\Exceptions\DatabaseException: Too many connections in /var/www/wappbuzz/vendor/codeigniter4/framework/system/Database/MySQLi/Connection.php:229
Stack trace:
#0 /var/www/wappbuzz/vendor/codeigniter4/framework/system/Database/BaseConnection.php(392): CodeIgniter\Database\MySQLi\Connection->connect()
#1 /var/www/wappbuzz/vendor/codeigniter4/framework/system/Database/BaseConnection.php(575): CodeIgniter\Database\BaseConnection->initialize()
#2 /var/www/wappbuzz/vendor/codeigniter4/framework/system/Database/BaseBuilder.php(1616): CodeIgniter\Database\BaseConnection->query()
#3 /var/www/wappbuzz/app/Helpers/Common_helper.php(1444): CodeIgniter\Database\BaseBuilder->get()
#4 /var/www/wappbuzz/app/Filters/MainFilter.php(57): db_get()
#5 /var/www/wappbuzz/vendor/codeigniter4/framework/system/Filters/Filters.php(184): App\Filters\MainFilter->before()
#6 /var/www/wappbuzz/vendor/codeigniter4/framework/system/CodeIgniter.php(475): CodeIgniter\Filters\Filters->run()
#7 /var/www/wappbuzz/vendor/codeigniter4/framework/system/CodeIgniter.php(361): CodeIgniter\CodeIgniter->handleRequest()
#8 /var/www/wappbuzz/index.php(34): CodeIgniter\CodeIgniter->run()
#9 {main}
CRITICAL - 2026-05-19 09:54:04 --> CodeIgniter\Database\Exceptions\DatabaseException: Unable to connect to the database.
Main connection [MySQLi]: Too many connections
in SYSTEMPATH/Database/BaseConnection.php on line 428.
 1 SYSTEMPATH/Database/BaseConnection.php(575): CodeIgniter\Database\BaseConnection->initialize()
 2 SYSTEMPATH/Database/BaseBuilder.php(1616): CodeIgniter\Database\BaseConnection->query()
 3 APPPATH/Helpers/Common_helper.php(1444): CodeIgniter\Database\BaseBuilder->get()
 4 APPPATH/Filters/MainFilter.php(57): db_get()
 5 SYSTEMPATH/Filters/Filters.php(184): App\Filters\MainFilter->before()
 6 SYSTEMPATH/CodeIgniter.php(475): CodeIgniter\Filters\Filters->run()
 7 SYSTEMPATH/CodeIgniter.php(361): CodeIgniter\CodeIgniter->handleRequest()
 8 FCPATH/index.php(34): CodeIgniter\CodeIgniter->run()
ERROR - 2026-05-19 09:54:04 --> Error connecting to the database: mysqli_sql_exception: Too many connections in /var/www/wappbuzz/vendor/codeigniter4/framework/system/Database/MySQLi/Connection.php:185
Stack trace:
#0 /var/www/wappbuzz/vendor/codeigniter4/framework/system/Database/MySQLi/Connection.php(185): mysqli->real_connect()
#1 /var/www/wappbuzz/vendor/codeigniter4/framework/system/Database/BaseConnection.php(392): CodeIgniter\Database\MySQLi\Connection->connect()
#2 /var/www/wappbuzz/vendor/codeigniter4/framework/system/Database/BaseConnection.php(575): CodeIgniter\Database\BaseConnection->initialize()
#3 /var/www/wappbuzz/vendor/codeigniter4/framework/system/Database/BaseBuilder.php(1616): CodeIgniter\Database\BaseConnection->query()
#4 /var/www/wappbuzz/app/Helpers/Common_helper.php(1444): CodeIgniter\Database\BaseBuilder->get()
#5 /var/www/wappbuzz/app/Filters/MainFilter.php(57): db_get()
#6 /var/www/wappbuzz/vendor/codeigniter4/framework/system/Filters/Filters.php(184): App\Filters\MainFilter->before()
#7 /var/www/wappbuzz/vendor/codeigniter4/framework/system/CodeIgniter.php(475): CodeIgniter\Filters\Filters->run()
#8 /var/www/wappbuzz/vendor/codeigniter4/framework/system/CodeIgniter.php(361): CodeIgniter\CodeIgniter->handleRequest()
#9 /var/www/wappbuzz/index.php(34): CodeIgniter\CodeIgniter->run()
#10 {main}

Next CodeIgniter\Database\Exceptions\DatabaseException: Too many connections in /var/www/wappbuzz/vendor/codeigniter4/framework/system/Database/MySQLi/Connection.php:229
Stack trace:
#0 /var/www/wappbuzz/vendor/codeigniter4/framework/system/Database/BaseConnection.php(392): CodeIgniter\Database\MySQLi\Connection->connect()
#1 /var/www/wappbuzz/vendor/codeigniter4/framework/system/Database/BaseConnection.php(575): CodeIgniter\Database\BaseConnection->initialize()
#2 /var/www/wappbuzz/vendor/codeigniter4/framework/system/Database/BaseBuilder.php(1616): CodeIgniter\Database\BaseConnection->query()
#3 /var/www/wappbuzz/app/Helpers/Common_helper.php(1444): CodeIgniter\Database\BaseBuilder->get()
#4 /var/www/wappbuzz/app/Filters/MainFilter.php(57): db_get()
#5 /var/www/wappbuzz/vendor/codeigniter4/framework/system/Filters/Filters.php(184): App\Filters\MainFilter->before()
#6 /var/www/wappbuzz/vendor/codeigniter4/framework/system/CodeIgniter.php(475): CodeIgniter\Filters\Filters->run()
#7 /var/www/wappbuzz/vendor/codeigniter4/framework/system/CodeIgniter.php(361): CodeIgniter\CodeIgniter->handleRequest()
#8 /var/www/wappbuzz/index.php(34): CodeIgniter\CodeIgniter->run()
#9 {main}
CRITICAL - 2026-05-19 09:54:04 --> CodeIgniter\Database\Exceptions\DatabaseException: Unable to connect to the database.
Main connection [MySQLi]: Too many connections
in SYSTEMPATH/Database/BaseConnection.php on line 428.
 1 SYSTEMPATH/Database/BaseConnection.php(575): CodeIgniter\Database\BaseConnection->initialize()
 2 SYSTEMPATH/Database/BaseBuilder.php(1616): CodeIgniter\Database\BaseConnection->query()
 3 APPPATH/Helpers/Common_helper.php(1444): CodeIgniter\Database\BaseBuilder->get()
 4 APPPATH/Filters/MainFilter.php(57): db_get()
 5 SYSTEMPATH/Filters/Filters.php(184): App\Filters\MainFilter->before()
 6 SYSTEMPATH/CodeIgniter.php(475): CodeIgniter\Filters\Filters->run()
 7 SYSTEMPATH/CodeIgniter.php(361): CodeIgniter\CodeIgniter->handleRequest()
 8 FCPATH/index.php(34): CodeIgniter\CodeIgniter->run()
ERROR - 2026-05-19 09:54:04 --> Error connecting to the database: mysqli_sql_exception: Too many connections in /var/www/wappbuzz/vendor/codeigniter4/framework/system/Database/MySQLi/Connection.php:185
Stack trace:
#0 /var/www/wappbuzz/vendor/codeigniter4/framework/system/Database/MySQLi/Connection.php(185): mysqli->real_connect()
#1 /var/www/wappbuzz/vendor/codeigniter4/framework/system/Database/BaseConnection.php(392): CodeIgniter\Database\MySQLi\Connection->connect()
#2 /var/www/wappbuzz/vendor/codeigniter4/framework/system/Database/BaseConnection.php(575): CodeIgniter\Database\BaseConnection->initialize()
#3 /var/www/wappbuzz/vendor/codeigniter4/framework/system/Database/BaseBuilder.php(1616): CodeIgniter\Database\BaseConnection->query()
#4 /var/www/wappbuzz/app/Helpers/Common_helper.php(1444): CodeIgniter\Database\BaseBuilder->get()
#5 /var/www/wappbuzz/app/Helpers/Common_helper.php(1348): db_get()
#6 /var/www/wappbuzz/app/Helpers/Common_helper.php(1793): get_option()
#7 /var/www/wappbuzz/inc/core/Home/Controllers/Home.php(7): parse_config()
#8 /var/www/wappbuzz/vendor/codeigniter4/framework/system/CodeIgniter.php(915): Core\Home\Controllers\Home->__construct()
#9 /var/www/wappbuzz/vendor/codeigniter4/framework/system/CodeIgniter.php(971): CodeIgniter\CodeIgniter->createController()
#10 /var/www/wappbuzz/vendor/codeigniter4/framework/system/CodeIgniter.php(370): CodeIgniter\CodeIgniter->display404errors()
#11 /var/www/wappbuzz/index.php(34): CodeIgniter\CodeIgniter->run()
#12 {main}

Next CodeIgniter\Database\Exceptions\DatabaseException: Too many connections in /var/www/wappbuzz/vendor/codeigniter4/framework/system/Database/MySQLi/Connection.php:229
Stack trace:
#0 /var/www/wappbuzz/vendor/codeigniter4/framework/system/Database/BaseConnection.php(392): CodeIgniter\Database\MySQLi\Connection->connect()
#1 /var/www/wappbuzz/vendor/codeigniter4/framework/system/Database/BaseConnection.php(575): CodeIgniter\Database\BaseConnection->initialize()
#2 /var/www/wappbuzz/vendor/codeigniter4/framework/system/Database/BaseBuilder.php(1616): CodeIgniter\Database\BaseConnection->query()
#3 /var/www/wappbuzz/app/Helpers/Common_helper.php(1444): CodeIgniter\Database\BaseBuilder->get()
#4 /var/www/wappbuzz/app/Helpers/Common_helper.php(1348): db_get()
#5 /var/www/wappbuzz/app/Helpers/Common_helper.php(1793): get_option()
#6 /var/www/wappbuzz/inc/core/Home/Controllers/Home.php(7): parse_config()
#7 /var/www/wappbuzz/vendor/codeigniter4/framework/system/CodeIgniter.php(915): Core\Home\Controllers\Home->__construct()
#8 /var/www/wappbuzz/vendor/codeigniter4/framework/system/CodeIgniter.php(971): CodeIgniter\CodeIgniter->createController()
#9 /var/www/wappbuzz/vendor/codeigniter4/framework/system/CodeIgniter.php(370): CodeIgniter\CodeIgniter->display404errors()
#10 /var/www/wappbuzz/index.php(34): CodeIgniter\CodeIgniter->run()
#11 {main}
CRITICAL - 2026-05-19 09:54:04 --> CodeIgniter\Database\Exceptions\DatabaseException: Unable to connect to the database.
Main connection [MySQLi]: Too many connections
in SYSTEMPATH/Database/BaseConnection.php on line 428.
 1 SYSTEMPATH/Database/BaseConnection.php(575): CodeIgniter\Database\BaseConnection->initialize()
 2 SYSTEMPATH/Database/BaseBuilder.php(1616): CodeIgniter\Database\BaseConnection->query()
 3 APPPATH/Helpers/Common_helper.php(1444): CodeIgniter\Database\BaseBuilder->get()
 4 APPPATH/Helpers/Common_helper.php(1348): db_get()
 5 APPPATH/Helpers/Common_helper.php(1793): get_option()
 6 FCPATH/inc/core/Home/Controllers/Home.php(7): parse_config()
 7 SYSTEMPATH/CodeIgniter.php(915): Core\Home\Controllers\Home->__construct()
 8 SYSTEMPATH/CodeIgniter.php(971): CodeIgniter\CodeIgniter->createController()
 9 SYSTEMPATH/CodeIgniter.php(370): CodeIgniter\CodeIgniter->display404errors()
10 FCPATH/index.php(34): CodeIgniter\CodeIgniter->run()
ERROR - 2026-05-19 09:54:04 --> Error connecting to the database: mysqli_sql_exception: Too many connections in /var/www/wappbuzz/vendor/codeigniter4/framework/system/Database/MySQLi/Connection.php:185
Stack trace:
#0 /var/www/wappbuzz/vendor/codeigniter4/framework/system/Database/MySQLi/Connection.php(185): mysqli->real_connect()
#1 /var/www/wappbuzz/vendor/codeigniter4/framework/system/Database/BaseConnection.php(392): CodeIgniter\Database\MySQLi\Connection->connect()
#2 /var/www/wappbuzz/vendor/codeigniter4/framework/system/Database/BaseConnection.php(575): CodeIgniter\Database\BaseConnection->initialize()
#3 /var/www/wappbuzz/vendor/codeigniter4/framework/system/Database/BaseBuilder.php(1616): CodeIgniter\Database\BaseConnection->query()
#4 /var/www/wappbuzz/app/Helpers/Common_helper.php(1444): CodeIgniter\Database\BaseBuilder->get()
#5 /var/www/wappbuzz/app/Helpers/Common_helper.php(1348): db_get()
#6 /var/www/wappbuzz/app/Helpers/Common_helper.php(1793): get_option()
#7 /var/www/wappbuzz/inc/core/Home/Controllers/Home.php(7): parse_config()
#8 /var/www/wappbuzz/vendor/codeigniter4/framework/system/CodeIgniter.php(915): Core\Home\Controllers\Home->__construct()
#9 /var/www/wappbuzz/vendor/codeigniter4/framework/system/CodeIgniter.php(971): CodeIgniter\CodeIgniter->createController()
#10 /var/www/wappbuzz/vendor/codeigniter4/framework/system/CodeIgniter.php(370): CodeIgniter\CodeIgniter->display404errors()
#11 /var/www/wappbuzz/index.php(34): CodeIgniter\CodeIgniter->run()
#12 {main}

Next CodeIgniter\Database\Exceptions\DatabaseException: Too many connections in /var/www/wappbuzz/vendor/codeigniter4/framework/system/Database/MySQLi/Connection.php:229
Stack trace:
#0 /var/www/wappbuzz/vendor/codeigniter4/framework/system/Database/BaseConnection.php(392): CodeIgniter\Database\MySQLi\Connection->connect()
#1 /var/www/wappbuzz/vendor/codeigniter4/framework/system/Database/BaseConnection.php(575): CodeIgniter\Database\BaseConnection->initialize()
#2 /var/www/wappbuzz/vendor/codeigniter4/framework/system/Database/BaseBuilder.php(1616): CodeIgniter\Database\BaseConnection->query()
#3 /var/www/wappbuzz/app/Helpers/Common_helper.php(1444): CodeIgniter\Database\BaseBuilder->get()
#4 /var/www/wappbuzz/app/Helpers/Common_helper.php(1348): db_get()
#5 /var/www/wappbuzz/app/Helpers/Common_helper.php(1793): get_option()
#6 /var/www/wappbuzz/inc/core/Home/Controllers/Home.php(7): parse_config()
#7 /var/www/wappbuzz/vendor/codeigniter4/framework/system/CodeIgniter.php(915): Core\Home\Controllers\Home->__construct()
#8 /var/www/wappbuzz/vendor/codeigniter4/framework/system/CodeIgniter.php(971): CodeIgniter\CodeIgniter->createController()
#9 /var/www/wappbuzz/vendor/codeigniter4/framework/system/CodeIgniter.php(370): CodeIgniter\CodeIgniter->display404errors()
#10 /var/www/wappbuzz/index.php(34): CodeIgniter\CodeIgniter->run()
#11 {main}
CRITICAL - 2026-05-19 09:54:04 --> CodeIgniter\Database\Exceptions\DatabaseException: Unable to connect to the database.
Main connection [MySQLi]: Too many connections
in SYSTEMPATH/Database/BaseConnection.php on line 428.
 1 SYSTEMPATH/Database/BaseConnection.php(575): CodeIgniter\Database\BaseConnection->initialize()
 2 SYSTEMPATH/Database/BaseBuilder.php(1616): CodeIgniter\Database\BaseConnection->query()
 3 APPPATH/Helpers/Common_helper.php(1444): CodeIgniter\Database\BaseBuilder->get()
 4 APPPATH/Helpers/Common_helper.php(1348): db_get()
 5 APPPATH/Helpers/Common_helper.php(1793): get_option()
 6 FCPATH/inc/core/Home/Controllers/Home.php(7): parse_config()
 7 SYSTEMPATH/CodeIgniter.php(915): Core\Home\Controllers\Home->__construct()
 8 SYSTEMPATH/CodeIgniter.php(971): CodeIgniter\CodeIgniter->createController()
 9 SYSTEMPATH/CodeIgniter.php(370): CodeIgniter\CodeIgniter->display404errors()
10 FCPATH/index.php(34): CodeIgniter\CodeIgniter->run()
ERROR - 2026-05-19 09:54:04 --> Error connecting to the database: mysqli_sql_exception: Too many connections in /var/www/wappbuzz/vendor/codeigniter4/framework/system/Database/MySQLi/Connection.php:185
Stack trace:
#0 /var/www/wappbuzz/vendor/codeigniter4/framework/system/Database/MySQLi/Connection.php(185): mysqli->real_connect()
#1 /var/www/wappbuzz/vendor/codeigniter4/framework/system/Database/BaseConnection.php(392): CodeIgniter\Database\MySQLi\Connection->connect()
#2 /var/www/wappbuzz/vendor/codeigniter4/framework/system/Database/BaseConnection.php(575): CodeIgniter\Database\BaseConnection->initialize()
#3 /var/www/wappbuzz/vendor/codeigniter4/framework/system/Database/BaseBuilder.php(1616): CodeIgniter\Database\BaseConnection->query()
#4 /var/www/wappbuzz/app/Helpers/Common_helper.php(1444): CodeIgniter\Database\BaseBuilder->get()
#5 /var/www/wappbuzz/app/Filters/MainFilter.php(57): db_get()
#6 /var/www/wappbuzz/vendor/codeigniter4/framework/system/Filters/Filters.php(184): App\Filters\MainFilter->before()
#7 /var/www/wappbuzz/vendor/codeigniter4/framework/system/CodeIgniter.php(475): CodeIgniter\Filters\Filters->run()
#8 /var/www/wappbuzz/vendor/codeigniter4/framework/system/CodeIgniter.php(361): CodeIgniter\CodeIgniter->handleRequest()
#9 /var/www/wappbuzz/index.php(34): CodeIgniter\CodeIgniter->run()
#10 {main}

Next CodeIgniter\Database\Exceptions\DatabaseException: Too many connections in /var/www/wappbuzz/vendor/codeigniter4/framework/system/Database/MySQLi/Connection.php:229
Stack trace:
#0 /var/www/wappbuzz/vendor/codeigniter4/framework/system/Database/BaseConnection.php(392): CodeIgniter\Database\MySQLi\Connection->connect()
#1 /var/www/wappbuzz/vendor/codeigniter4/framework/system/Database/BaseConnection.php(575): CodeIgniter\Database\BaseConnection->initialize()
#2 /var/www/wappbuzz/vendor/codeigniter4/framework/system/Database/BaseBuilder.php(1616): CodeIgniter\Database\BaseConnection->query()
#3 /var/www/wappbuzz/app/Helpers/Common_helper.php(1444): CodeIgniter\Database\BaseBuilder->get()
#4 /var/www/wappbuzz/app/Filters/MainFilter.php(57): db_get()
#5 /var/www/wappbuzz/vendor/codeigniter4/framework/system/Filters/Filters.php(184): App\Filters\MainFilter->before()
#6 /var/www/wappbuzz/vendor/codeigniter4/framework/system/CodeIgniter.php(475): CodeIgniter\Filters\Filters->run()
#7 /var/www/wappbuzz/vendor/codeigniter4/framework/system/CodeIgniter.php(361): CodeIgniter\CodeIgniter->handleRequest()
#8 /var/www/wappbuzz/index.php(34): CodeIgniter\CodeIgniter->run()
#9 {main}
CRITICAL - 2026-05-19 09:54:04 --> CodeIgniter\Database\Exceptions\DatabaseException: Unable to connect to the database.
Main connection [MySQLi]: Too many connections
in SYSTEMPATH/Database/BaseConnection.php on line 428.
 1 SYSTEMPATH/Database/BaseConnection.php(575): CodeIgniter\Database\BaseConnection->initialize()
 2 SYSTEMPATH/Database/BaseBuilder.php(1616): CodeIgniter\Database\BaseConnection->query()
 3 APPPATH/Helpers/Common_helper.php(1444): CodeIgniter\Database\BaseBuilder->get()
 4 APPPATH/Filters/MainFilter.php(57): db_get()
 5 SYSTEMPATH/Filters/Filters.php(184): App\Filters\MainFilter->before()
 6 SYSTEMPATH/CodeIgniter.php(475): CodeIgniter\Filters\Filters->run()
 7 SYSTEMPATH/CodeIgniter.php(361): CodeIgniter\CodeIgniter->handleRequest()
 8 FCPATH/index.php(34): CodeIgniter\CodeIgniter->run()
ERROR - 2026-05-19 09:54:05 --> Error connecting to the database: mysqli_sql_exception: Too many connections in /var/www/wappbuzz/vendor/codeigniter4/framework/system/Database/MySQLi/Connection.php:185
Stack trace:
#0 /var/www/wappbuzz/vendor/codeigniter4/framework/system/Database/MySQLi/Connection.php(185): mysqli->real_connect()
#1 /var/www/wappbuzz/vendor/codeigniter4/framework/system/Database/BaseConnection.php(392): CodeIgniter\Database\MySQLi\Connection->connect()
#2 /var/www/wappbuzz/vendor/codeigniter4/framework/system/Database/BaseConnection.php(575): CodeIgniter\Database\BaseConnection->initialize()
#3 /var/www/wappbuzz/vendor/codeigniter4/framework/system/Database/BaseBuilder.php(1616): CodeIgniter\Database\BaseConnection->query()
#4 /var/www/wappbuzz/app/Helpers/Common_helper.php(1444): CodeIgniter\Database\BaseBuilder->get()
#5 /var/www/wappbuzz/app/Filters/MainFilter.php(57): db_get()
#6 /var/www/wappbuzz/vendor/codeigniter4/framework/system/Filters/Filters.php(184): App\Filters\MainFilter->before()
#7 /var/www/wappbuzz/vendor/codeigniter4/framework/system/CodeIgniter.php(475): CodeIgniter\Filters\Filters->run()
#8 /var/www/wappbuzz/vendor/codeigniter4/framework/system/CodeIgniter.php(361): CodeIgniter\CodeIgniter->handleRequest()
#9 /var/www/wappbuzz/index.php(34): CodeIgniter\CodeIgniter->run()
#10 {main}

Next CodeIgniter\Database\Exceptions\DatabaseException: Too many connections in /var/www/wappbuzz/vendor/codeigniter4/framework/system/Database/MySQLi/Connection.php:229
Stack trace:
#0 /var/www/wappbuzz/vendor/codeigniter4/framework/system/Database/BaseConnection.php(392): CodeIgniter\Database\MySQLi\Connection->connect()
#1 /var/www/wappbuzz/vendor/codeigniter4/framework/system/Database/BaseConnection.php(575): CodeIgniter\Database\BaseConnection->initialize()
#2 /var/www/wappbuzz/vendor/codeigniter4/framework/system/Database/BaseBuilder.php(1616): CodeIgniter\Database\BaseConnection->query()
#3 /var/www/wappbuzz/app/Helpers/Common_helper.php(1444): CodeIgniter\Database\BaseBuilder->get()
#4 /var/www/wappbuzz/app/Filters/MainFilter.php(57): db_get()
#5 /var/www/wappbuzz/vendor/codeigniter4/framework/system/Filters/Filters.php(184): App\Filters\MainFilter->before()
#6 /var/www/wappbuzz/vendor/codeigniter4/framework/system/CodeIgniter.php(475): CodeIgniter\Filters\Filters->run()
#7 /var/www/wappbuzz/vendor/codeigniter4/framework/system/CodeIgniter.php(361): CodeIgniter\CodeIgniter->handleRequest()
#8 /var/www/wappbuzz/index.php(34): CodeIgniter\CodeIgniter->run()
#9 {main}
CRITICAL - 2026-05-19 09:54:05 --> CodeIgniter\Database\Exceptions\DatabaseException: Unable to connect to the database.
Main connection [MySQLi]: Too many connections
in SYSTEMPATH/Database/BaseConnection.php on line 428.
 1 SYSTEMPATH/Database/BaseConnection.php(575): CodeIgniter\Database\BaseConnection->initialize()
 2 SYSTEMPATH/Database/BaseBuilder.php(1616): CodeIgniter\Database\BaseConnection->query()
 3 APPPATH/Helpers/Common_helper.php(1444): CodeIgniter\Database\BaseBuilder->get()
 4 APPPATH/Filters/MainFilter.php(57): db_get()
 5 SYSTEMPATH/Filters/Filters.php(184): App\Filters\MainFilter->before()
 6 SYSTEMPATH/CodeIgniter.php(475): CodeIgniter\Filters\Filters->run()
 7 SYSTEMPATH/CodeIgniter.php(361): CodeIgniter\CodeIgniter->handleRequest()
 8 FCPATH/index.php(34): CodeIgniter\CodeIgniter->run()
ERROR - 2026-05-19 09:54:05 --> Error connecting to the database: mysqli_sql_exception: Too many connections in /var/www/wappbuzz/vendor/codeigniter4/framework/system/Database/MySQLi/Connection.php:185
Stack trace:
#0 /var/www/wappbuzz/vendor/codeigniter4/framework/system/Database/MySQLi/Connection.php(185): mysqli->real_connect()
#1 /var/www/wappbuzz/vendor/codeigniter4/framework/system/Database/BaseConnection.php(392): CodeIgniter\Database\MySQLi\Connection->connect()
#2 /var/www/wappbuzz/vendor/codeigniter4/framework/system/Database/BaseConnection.php(575): CodeIgniter\Database\BaseConnection->initialize()
#3 /var/www/wappbuzz/vendor/codeigniter4/framework/system/Database/BaseBuilder.php(1616): CodeIgniter\Database\BaseConnection->query()
#4 /var/www/wappbuzz/app/Helpers/Common_helper.php(1444): CodeIgniter\Database\BaseBuilder->get()
#5 /var/www/wappbuzz/app/Filters/MainFilter.php(57): db_get()
#6 /var/www/wappbuzz/vendor/codeigniter4/framework/system/Filters/Filters.php(184): App\Filters\MainFilter->before()
#7 /var/www/wappbuzz/vendor/codeigniter4/framework/system/CodeIgniter.php(475): CodeIgniter\Filters\Filters->run()
#8 /var/www/wappbuzz/vendor/codeigniter4/framework/system/CodeIgniter.php(361): CodeIgniter\CodeIgniter->handleRequest()
#9 /var/www/wappbuzz/index.php(34): CodeIgniter\CodeIgniter->run()
#10 {main}

Next CodeIgniter\Database\Exceptions\DatabaseException: Too many connections in /var/www/wappbuzz/vendor/codeigniter4/framework/system/Database/MySQLi/Connection.php:229
Stack trace:
#0 /var/www/wappbuzz/vendor/codeigniter4/framework/system/Database/BaseConnection.php(392): CodeIgniter\Database\MySQLi\Connection->connect()
#1 /var/www/wappbuzz/vendor/codeigniter4/framework/system/Database/BaseConnection.php(575): CodeIgniter\Database\BaseConnection->initialize()
#2 /var/www/wappbuzz/vendor/codeigniter4/framework/system/Database/BaseBuilder.php(1616): CodeIgniter\Database\BaseConnection->query()
#3 /var/www/wappbuzz/app/Helpers/Common_helper.php(1444): CodeIgniter\Database\BaseBuilder->get()
#4 /var/www/wappbuzz/app/Filters/MainFilter.php(57): db_get()
#5 /var/www/wappbuzz/vendor/codeigniter4/framework/system/Filters/Filters.php(184): App\Filters\MainFilter->before()
#6 /var/www/wappbuzz/vendor/codeigniter4/framework/system/CodeIgniter.php(475): CodeIgniter\Filters\Filters->run()
#7 /var/www/wappbuzz/vendor/codeigniter4/framework/system/CodeIgniter.php(361): CodeIgniter\CodeIgniter->handleRequest()
#8 /var/www/wappbuzz/index.php(34): CodeIgniter\CodeIgniter->run()
#9 {main}
CRITICAL - 2026-05-19 09:54:05 --> CodeIgniter\Database\Exceptions\DatabaseException: Unable to connect to the database.
Main connection [MySQLi]: Too many connections
in SYSTEMPATH/Database/BaseConnection.php on line 428.
 1 SYSTEMPATH/Database/BaseConnection.php(575): CodeIgniter\Database\BaseConnection->initialize()
 2 SYSTEMPATH/Database/BaseBuilder.php(1616): CodeIgniter\Database\BaseConnection->query()
 3 APPPATH/Helpers/Common_helper.php(1444): CodeIgniter\Database\BaseBuilder->get()
 4 APPPATH/Filters/MainFilter.php(57): db_get()
 5 SYSTEMPATH/Filters/Filters.php(184): App\Filters\MainFilter->before()
 6 SYSTEMPATH/CodeIgniter.php(475): CodeIgniter\Filters\Filters->run()
 7 SYSTEMPATH/CodeIgniter.php(361): CodeIgniter\CodeIgniter->handleRequest()
 8 FCPATH/index.php(34): CodeIgniter\CodeIgniter->run()
ERROR - 2026-05-19 09:54:05 --> Error connecting to the database: mysqli_sql_exception: Too many connections in /var/www/wappbuzz/vendor/codeigniter4/framework/system/Database/MySQLi/Connection.php:185
Stack trace:
#0 /var/www/wappbuzz/vendor/codeigniter4/framework/system/Database/MySQLi/Connection.php(185): mysqli->real_connect()
#1 /var/www/wappbuzz/vendor/codeigniter4/framework/system/Database/BaseConnection.php(392): CodeIgniter\Database\MySQLi\Connection->connect()
#2 /var/www/wappbuzz/vendor/codeigniter4/framework/system/Database/BaseConnection.php(575): CodeIgniter\Database\BaseConnection->initialize()
#3 /var/www/wappbuzz/vendor/codeigniter4/framework/system/Database/BaseBuilder.php(1616): CodeIgniter\Database\BaseConnection->query()
#4 /var/www/wappbuzz/app/Helpers/Common_helper.php(1444): CodeIgniter\Database\BaseBuilder->get()
#5 /var/www/wappbuzz/app/Filters/MainFilter.php(57): db_get()
#6 /var/www/wappbuzz/vendor/codeigniter4/framework/system/Filters/Filters.php(184): App\Filters\MainFilter->before()
#7 /var/www/wappbuzz/vendor/codeigniter4/framework/system/CodeIgniter.php(475): CodeIgniter\Filters\Filters->run()
#8 /var/www/wappbuzz/vendor/codeigniter4/framework/system/CodeIgniter.php(361): CodeIgniter\CodeIgniter->handleRequest()
#9 /var/www/wappbuzz/index.php(34): CodeIgniter\CodeIgniter->run()
#10 {main}

Next CodeIgniter\Database\Exceptions\DatabaseException: Too many connections in /var/www/wappbuzz/vendor/codeigniter4/framework/system/Database/MySQLi/Connection.php:229
Stack trace:
#0 /var/www/wappbuzz/vendor/codeigniter4/framework/system/Database/BaseConnection.php(392): CodeIgniter\Database\MySQLi\Connection->connect()
#1 /var/www/wappbuzz/vendor/codeigniter4/framework/system/Database/BaseConnection.php(575): CodeIgniter\Database\BaseConnection->initialize()
#2 /var/www/wappbuzz/vendor/codeigniter4/framework/system/Database/BaseBuilder.php(1616): CodeIgniter\Database\BaseConnection->query()
#3 /var/www/wappbuzz/app/Helpers/Common_helper.php(1444): CodeIgniter\Database\BaseBuilder->get()
#4 /var/www/wappbuzz/app/Filters/MainFilter.php(57): db_get()
#5 /var/www/wappbuzz/vendor/codeigniter4/framework/system/Filters/Filters.php(184): App\Filters\MainFilter->before()
#6 /var/www/wappbuzz/vendor/codeigniter4/framework/system/CodeIgniter.php(475): CodeIgniter\Filters\Filters->run()
#7 /var/www/wappbuzz/vendor/codeigniter4/framework/system/CodeIgniter.php(361): CodeIgniter\CodeIgniter->handleRequest()
#8 /var/www/wappbuzz/index.php(34): CodeIgniter\CodeIgniter->run()
#9 {main}
CRITICAL - 2026-05-19 09:54:05 --> CodeIgniter\Database\Exceptions\DatabaseException: Unable to connect to the database.
Main connection [MySQLi]: Too many connections
in SYSTEMPATH/Database/BaseConnection.php on line 428.
 1 SYSTEMPATH/Database/BaseConnection.php(575): CodeIgniter\Database\BaseConnection->initialize()
 2 SYSTEMPATH/Database/BaseBuilder.php(1616): CodeIgniter\Database\BaseConnection->query()
 3 APPPATH/Helpers/Common_helper.php(1444): CodeIgniter\Database\BaseBuilder->get()
 4 APPPATH/Filters/MainFilter.php(57): db_get()
 5 SYSTEMPATH/Filters/Filters.php(184): App\Filters\MainFilter->before()
 6 SYSTEMPATH/CodeIgniter.php(475): CodeIgniter\Filters\Filters->run()
 7 SYSTEMPATH/CodeIgniter.php(361): CodeIgniter\CodeIgniter->handleRequest()
 8 FCPATH/index.php(34): CodeIgniter\CodeIgniter->run()
ERROR - 2026-05-19 09:54:05 --> Error connecting to the database: mysqli_sql_exception: Too many connections in /var/www/wappbuzz/vendor/codeigniter4/framework/system/Database/MySQLi/Connection.php:185
Stack trace:
#0 /var/www/wappbuzz/vendor/codeigniter4/framework/system/Database/MySQLi/Connection.php(185): mysqli->real_connect()
#1 /var/www/wappbuzz/vendor/codeigniter4/framework/system/Database/BaseConnection.php(392): CodeIgniter\Database\MySQLi\Connection->connect()
#2 /var/www/wappbuzz/vendor/codeigniter4/framework/system/Database/BaseConnection.php(575): CodeIgniter\Database\BaseConnection->initialize()
#3 /var/www/wappbuzz/vendor/codeigniter4/framework/system/Database/BaseBuilder.php(1616): CodeIgniter\Database\BaseConnection->query()
#4 /var/www/wappbuzz/app/Helpers/Common_helper.php(1444): CodeIgniter\Database\BaseBuilder->get()
#5 /var/www/wappbuzz/app/Filters/MainFilter.php(57): db_get()
#6 /var/www/wappbuzz/vendor/codeigniter4/framework/system/Filters/Filters.php(184): App\Filters\MainFilter->before()
#7 /var/www/wappbuzz/vendor/codeigniter4/framework/system/CodeIgniter.php(475): CodeIgniter\Filters\Filters->run()
#8 /var/www/wappbuzz/vendor/codeigniter4/framework/system/CodeIgniter.php(361): CodeIgniter\CodeIgniter->handleRequest()
#9 /var/www/wappbuzz/index.php(34): CodeIgniter\CodeIgniter->run()
#10 {main}

Next CodeIgniter\Database\Exceptions\DatabaseException: Too many connections in /var/www/wappbuzz/vendor/codeigniter4/framework/system/Database/MySQLi/Connection.php:229
Stack trace:
#0 /var/www/wappbuzz/vendor/codeigniter4/framework/system/Database/BaseConnection.php(392): CodeIgniter\Database\MySQLi\Connection->connect()
#1 /var/www/wappbuzz/vendor/codeigniter4/framework/system/Database/BaseConnection.php(575): CodeIgniter\Database\BaseConnection->initialize()
#2 /var/www/wappbuzz/vendor/codeigniter4/framework/system/Database/BaseBuilder.php(1616): CodeIgniter\Database\BaseConnection->query()
#3 /var/www/wappbuzz/app/Helpers/Common_helper.php(1444): CodeIgniter\Database\BaseBuilder->get()
#4 /var/www/wappbuzz/app/Filters/MainFilter.php(57): db_get()
#5 /var/www/wappbuzz/vendor/codeigniter4/framework/system/Filters/Filters.php(184): App\Filters\MainFilter->before()
#6 /var/www/wappbuzz/vendor/codeigniter4/framework/system/CodeIgniter.php(475): CodeIgniter\Filters\Filters->run()
#7 /var/www/wappbuzz/vendor/codeigniter4/framework/system/CodeIgniter.php(361): CodeIgniter\CodeIgniter->handleRequest()
#8 /var/www/wappbuzz/index.php(34): CodeIgniter\CodeIgniter->run()
#9 {main}
CRITICAL - 2026-05-19 09:54:05 --> CodeIgniter\Database\Exceptions\DatabaseException: Unable to connect to the database.
Main connection [MySQLi]: Too many connections
in SYSTEMPATH/Database/BaseConnection.php on line 428.
 1 SYSTEMPATH/Database/BaseConnection.php(575): CodeIgniter\Database\BaseConnection->initialize()
 2 SYSTEMPATH/Database/BaseBuilder.php(1616): CodeIgniter\Database\BaseConnection->query()
 3 APPPATH/Helpers/Common_helper.php(1444): CodeIgniter\Database\BaseBuilder->get()
 4 APPPATH/Filters/MainFilter.php(57): db_get()
 5 SYSTEMPATH/Filters/Filters.php(184): App\Filters\MainFilter->before()
 6 SYSTEMPATH/CodeIgniter.php(475): CodeIgniter\Filters\Filters->run()
 7 SYSTEMPATH/CodeIgniter.php(361): CodeIgniter\CodeIgniter->handleRequest()
 8 FCPATH/index.php(34): CodeIgniter\CodeIgniter->run()
ERROR - 2026-05-19 09:54:05 --> Error connecting to the database: mysqli_sql_exception: Too many connections in /var/www/wappbuzz/vendor/codeigniter4/framework/system/Database/MySQLi/Connection.php:185
Stack trace:
#0 /var/www/wappbuzz/vendor/codeigniter4/framework/system/Database/MySQLi/Connection.php(185): mysqli->real_connect()
#1 /var/www/wappbuzz/vendor/codeigniter4/framework/system/Database/BaseConnection.php(392): CodeIgniter\Database\MySQLi\Connection->connect()
#2 /var/www/wappbuzz/vendor/codeigniter4/framework/system/Database/BaseConnection.php(575): CodeIgniter\Database\BaseConnection->initialize()
#3 /var/www/wappbuzz/vendor/codeigniter4/framework/system/Database/BaseBuilder.php(1616): CodeIgniter\Database\BaseConnection->query()
#4 /var/www/wappbuzz/app/Helpers/Common_helper.php(1444): CodeIgniter\Database\BaseBuilder->get()
#5 /var/www/wappbuzz/app/Filters/MainFilter.php(57): db_get()
#6 /var/www/wappbuzz/vendor/codeigniter4/framework/system/Filters/Filters.php(184): App\Filters\MainFilter->before()
#7 /var/www/wappbuzz/vendor/codeigniter4/framework/system/CodeIgniter.php(475): CodeIgniter\Filters\Filters->run()
#8 /var/www/wappbuzz/vendor/codeigniter4/framework/system/CodeIgniter.php(361): CodeIgniter\CodeIgniter->handleRequest()
#9 /var/www/wappbuzz/index.php(34): CodeIgniter\CodeIgniter->run()
#10 {main}

Next CodeIgniter\Database\Exceptions\DatabaseException: Too many connections in /var/www/wappbuzz/vendor/codeigniter4/framework/system/Database/MySQLi/Connection.php:229
Stack trace:
#0 /var/www/wappbuzz/vendor/codeigniter4/framework/system/Database/BaseConnection.php(392): CodeIgniter\Database\MySQLi\Connection->connect()
#1 /var/www/wappbuzz/vendor/codeigniter4/framework/system/Database/BaseConnection.php(575): CodeIgniter\Database\BaseConnection->initialize()
#2 /var/www/wappbuzz/vendor/codeigniter4/framework/system/Database/BaseBuilder.php(1616): CodeIgniter\Database\BaseConnection->query()
#3 /var/www/wappbuzz/app/Helpers/Common_helper.php(1444): CodeIgniter\Database\BaseBuilder->get()
#4 /var/www/wappbuzz/app/Filters/MainFilter.php(57): db_get()
#5 /var/www/wappbuzz/vendor/codeigniter4/framework/system/Filters/Filters.php(184): App\Filters\MainFilter->before()
#6 /var/www/wappbuzz/vendor/codeigniter4/framework/system/CodeIgniter.php(475): CodeIgniter\Filters\Filters->run()
#7 /var/www/wappbuzz/vendor/codeigniter4/framework/system/CodeIgniter.php(361): CodeIgniter\CodeIgniter->handleRequest()
#8 /var/www/wappbuzz/index.php(34): CodeIgniter\CodeIgniter->run()
#9 {main}
CRITICAL - 2026-05-19 09:54:05 --> CodeIgniter\Database\Exceptions\DatabaseException: Unable to connect to the database.
Main connection [MySQLi]: Too many connections
in SYSTEMPATH/Database/BaseConnection.php on line 428.
 1 SYSTEMPATH/Database/BaseConnection.php(575): CodeIgniter\Database\BaseConnection->initialize()
 2 SYSTEMPATH/Database/BaseBuilder.php(1616): CodeIgniter\Database\BaseConnection->query()
 3 APPPATH/Helpers/Common_helper.php(1444): CodeIgniter\Database\BaseBuilder->get()
 4 APPPATH/Filters/MainFilter.php(57): db_get()
 5 SYSTEMPATH/Filters/Filters.php(184): App\Filters\MainFilter->before()
 6 SYSTEMPATH/CodeIgniter.php(475): CodeIgniter\Filters\Filters->run()
 7 SYSTEMPATH/CodeIgniter.php(361): CodeIgniter\CodeIgniter->handleRequest()
 8 FCPATH/index.php(34): CodeIgniter\CodeIgniter->run()
ERROR - 2026-05-19 09:54:06 --> Error connecting to the database: mysqli_sql_exception: Too many connections in /var/www/wappbuzz/vendor/codeigniter4/framework/system/Database/MySQLi/Connection.php:185
Stack trace:
#0 /var/www/wappbuzz/vendor/codeigniter4/framework/system/Database/MySQLi/Connection.php(185): mysqli->real_connect()
#1 /var/www/wappbuzz/vendor/codeigniter4/framework/system/Database/BaseConnection.php(392): CodeIgniter\Database\MySQLi\Connection->connect()
#2 /var/www/wappbuzz/vendor/codeigniter4/framework/system/Database/BaseConnection.php(575): CodeIgniter\Database\BaseConnection->initialize()
#3 /var/www/wappbuzz/vendor/codeigniter4/framework/system/Database/BaseBuilder.php(1616): CodeIgniter\Database\BaseConnection->query()
#4 /var/www/wappbuzz/app/Helpers/Common_helper.php(1444): CodeIgniter\Database\BaseBuilder->get()
#5 /var/www/wappbuzz/app/Filters/MainFilter.php(57): db_get()
#6 /var/www/wappbuzz/vendor/codeigniter4/framework/system/Filters/Filters.php(184): App\Filters\MainFilter->before()
#7 /var/www/wappbuzz/vendor/codeigniter4/framework/system/CodeIgniter.php(475): CodeIgniter\Filters\Filters->run()
#8 /var/www/wappbuzz/vendor/codeigniter4/framework/system/CodeIgniter.php(361): CodeIgniter\CodeIgniter->handleRequest()
#9 /var/www/wappbuzz/index.php(34): CodeIgniter\CodeIgniter->run()
#10 {main}

Next CodeIgniter\Database\Exceptions\DatabaseException: Too many connections in /var/www/wappbuzz/vendor/codeigniter4/framework/system/Database/MySQLi/Connection.php:229
Stack trace:
#0 /var/www/wappbuzz/vendor/codeigniter4/framework/system/Database/BaseConnection.php(392): CodeIgniter\Database\MySQLi\Connection->connect()
#1 /var/www/wappbuzz/vendor/codeigniter4/framework/system/Database/BaseConnection.php(575): CodeIgniter\Database\BaseConnection->initialize()
#2 /var/www/wappbuzz/vendor/codeigniter4/framework/system/Database/BaseBuilder.php(1616): CodeIgniter\Database\BaseConnection->query()
#3 /var/www/wappbuzz/app/Helpers/Common_helper.php(1444): CodeIgniter\Database\BaseBuilder->get()
#4 /var/www/wappbuzz/app/Filters/MainFilter.php(57): db_get()
#5 /var/www/wappbuzz/vendor/codeigniter4/framework/system/Filters/Filters.php(184): App\Filters\MainFilter->before()
#6 /var/www/wappbuzz/vendor/codeigniter4/framework/system/CodeIgniter.php(475): CodeIgniter\Filters\Filters->run()
#7 /var/www/wappbuzz/vendor/codeigniter4/framework/system/CodeIgniter.php(361): CodeIgniter\CodeIgniter->handleRequest()
#8 /var/www/wappbuzz/index.php(34): CodeIgniter\CodeIgniter->run()
#9 {main}
CRITICAL - 2026-05-19 09:54:06 --> CodeIgniter\Database\Exceptions\DatabaseException: Unable to connect to the database.
Main connection [MySQLi]: Too many connections
in SYSTEMPATH/Database/BaseConnection.php on line 428.
 1 SYSTEMPATH/Database/BaseConnection.php(575): CodeIgniter\Database\BaseConnection->initialize()
 2 SYSTEMPATH/Database/BaseBuilder.php(1616): CodeIgniter\Database\BaseConnection->query()
 3 APPPATH/Helpers/Common_helper.php(1444): CodeIgniter\Database\BaseBuilder->get()
 4 APPPATH/Filters/MainFilter.php(57): db_get()
 5 SYSTEMPATH/Filters/Filters.php(184): App\Filters\MainFilter->before()
 6 SYSTEMPATH/CodeIgniter.php(475): CodeIgniter\Filters\Filters->run()
 7 SYSTEMPATH/CodeIgniter.php(361): CodeIgniter\CodeIgniter->handleRequest()
 8 FCPATH/index.php(34): CodeIgniter\CodeIgniter->run()
ERROR - 2026-05-19 09:54:06 --> Error connecting to the database: mysqli_sql_exception: Too many connections in /var/www/wappbuzz/vendor/codeigniter4/framework/system/Database/MySQLi/Connection.php:185
Stack trace:
#0 /var/www/wappbuzz/vendor/codeigniter4/framework/system/Database/MySQLi/Connection.php(185): mysqli->real_connect()
#1 /var/www/wappbuzz/vendor/codeigniter4/framework/system/Database/BaseConnection.php(392): CodeIgniter\Database\MySQLi\Connection->connect()
#2 /var/www/wappbuzz/vendor/codeigniter4/framework/system/Database/BaseConnection.php(575): CodeIgniter\Database\BaseConnection->initialize()
#3 /var/www/wappbuzz/vendor/codeigniter4/framework/system/Database/BaseBuilder.php(1616): CodeIgniter\Database\BaseConnection->query()
#4 /var/www/wappbuzz/app/Helpers/Common_helper.php(1444): CodeIgniter\Database\BaseBuilder->get()
#5 /var/www/wappbuzz/app/Filters/MainFilter.php(57): db_get()
#6 /var/www/wappbuzz/vendor/codeigniter4/framework/system/Filters/Filters.php(184): App\Filters\MainFilter->before()
#7 /var/www/wappbuzz/vendor/codeigniter4/framework/system/CodeIgniter.php(475): CodeIgniter\Filters\Filters->run()
#8 /var/www/wappbuzz/vendor/codeigniter4/framework/system/CodeIgniter.php(361): CodeIgniter\CodeIgniter->handleRequest()
#9 /var/www/wappbuzz/index.php(34): CodeIgniter\CodeIgniter->run()
#10 {main}

Next CodeIgniter\Database\Exceptions\DatabaseException: Too many connections in /var/www/wappbuzz/vendor/codeigniter4/framework/system/Database/MySQLi/Connection.php:229
Stack trace:
#0 /var/www/wappbuzz/vendor/codeigniter4/framework/system/Database/BaseConnection.php(392): CodeIgniter\Database\MySQLi\Connection->connect()
#1 /var/www/wappbuzz/vendor/codeigniter4/framework/system/Database/BaseConnection.php(575): CodeIgniter\Database\BaseConnection->initialize()
#2 /var/www/wappbuzz/vendor/codeigniter4/framework/system/Database/BaseBuilder.php(1616): CodeIgniter\Database\BaseConnection->query()
#3 /var/www/wappbuzz/app/Helpers/Common_helper.php(1444): CodeIgniter\Database\BaseBuilder->get()
#4 /var/www/wappbuzz/app/Filters/MainFilter.php(57): db_get()
#5 /var/www/wappbuzz/vendor/codeigniter4/framework/system/Filters/Filters.php(184): App\Filters\MainFilter->before()
#6 /var/www/wappbuzz/vendor/codeigniter4/framework/system/CodeIgniter.php(475): CodeIgniter\Filters\Filters->run()
#7 /var/www/wappbuzz/vendor/codeigniter4/framework/system/CodeIgniter.php(361): CodeIgniter\CodeIgniter->handleRequest()
#8 /var/www/wappbuzz/index.php(34): CodeIgniter\CodeIgniter->run()
#9 {main}
CRITICAL - 2026-05-19 09:54:06 --> CodeIgniter\Database\Exceptions\DatabaseException: Unable to connect to the database.
Main connection [MySQLi]: Too many connections
in SYSTEMPATH/Database/BaseConnection.php on line 428.
 1 SYSTEMPATH/Database/BaseConnection.php(575): CodeIgniter\Database\BaseConnection->initialize()
 2 SYSTEMPATH/Database/BaseBuilder.php(1616): CodeIgniter\Database\BaseConnection->query()
 3 APPPATH/Helpers/Common_helper.php(1444): CodeIgniter\Database\BaseBuilder->get()
 4 APPPATH/Filters/MainFilter.php(57): db_get()
 5 SYSTEMPATH/Filters/Filters.php(184): App\Filters\MainFilter->before()
 6 SYSTEMPATH/CodeIgniter.php(475): CodeIgniter\Filters\Filters->run()
 7 SYSTEMPATH/CodeIgniter.php(361): CodeIgniter\CodeIgniter->handleRequest()
 8 FCPATH/index.php(34): CodeIgniter\CodeIgniter->run()
ERROR - 2026-05-19 09:54:06 --> Error connecting to the database: mysqli_sql_exception: Too many connections in /var/www/wappbuzz/vendor/codeigniter4/framework/system/Database/MySQLi/Connection.php:185
Stack trace:
#0 /var/www/wappbuzz/vendor/codeigniter4/framework/system/Database/MySQLi/Connection.php(185): mysqli->real_connect()
#1 /var/www/wappbuzz/vendor/codeigniter4/framework/system/Database/BaseConnection.php(392): CodeIgniter\Database\MySQLi\Connection->connect()
#2 /var/www/wappbuzz/vendor/codeigniter4/framework/system/Database/BaseConnection.php(575): CodeIgniter\Database\BaseConnection->initialize()
#3 /var/www/wappbuzz/vendor/codeigniter4/framework/system/Database/BaseBuilder.php(1616): CodeIgniter\Database\BaseConnection->query()
#4 /var/www/wappbuzz/app/Helpers/Common_helper.php(1444): CodeIgniter\Database\BaseBuilder->get()
#5 /var/www/wappbuzz/app/Filters/MainFilter.php(57): db_get()
#6 /var/www/wappbuzz/vendor/codeigniter4/framework/system/Filters/Filters.php(184): App\Filters\MainFilter->before()
#7 /var/www/wappbuzz/vendor/codeigniter4/framework/system/CodeIgniter.php(475): CodeIgniter\Filters\Filters->run()
#8 /var/www/wappbuzz/vendor/codeigniter4/framework/system/CodeIgniter.php(361): CodeIgniter\CodeIgniter->handleRequest()
#9 /var/www/wappbuzz/index.php(34): CodeIgniter\CodeIgniter->run()
#10 {main}

Next CodeIgniter\Database\Exceptions\DatabaseException: Too many connections in /var/www/wappbuzz/vendor/codeigniter4/framework/system/Database/MySQLi/Connection.php:229
Stack trace:
#0 /var/www/wappbuzz/vendor/codeigniter4/framework/system/Database/BaseConnection.php(392): CodeIgniter\Database\MySQLi\Connection->connect()
#1 /var/www/wappbuzz/vendor/codeigniter4/framework/system/Database/BaseConnection.php(575): CodeIgniter\Database\BaseConnection->initialize()
#2 /var/www/wappbuzz/vendor/codeigniter4/framework/system/Database/BaseBuilder.php(1616): CodeIgniter\Database\BaseConnection->query()
#3 /var/www/wappbuzz/app/Helpers/Common_helper.php(1444): CodeIgniter\Database\BaseBuilder->get()
#4 /var/www/wappbuzz/app/Filters/MainFilter.php(57): db_get()
#5 /var/www/wappbuzz/vendor/codeigniter4/framework/system/Filters/Filters.php(184): App\Filters\MainFilter->before()
#6 /var/www/wappbuzz/vendor/codeigniter4/framework/system/CodeIgniter.php(475): CodeIgniter\Filters\Filters->run()
#7 /var/www/wappbuzz/vendor/codeigniter4/framework/system/CodeIgniter.php(361): CodeIgniter\CodeIgniter->handleRequest()
#8 /var/www/wappbuzz/index.php(34): CodeIgniter\CodeIgniter->run()
#9 {main}
CRITICAL - 2026-05-19 09:54:06 --> CodeIgniter\Database\Exceptions\DatabaseException: Unable to connect to the database.
Main connection [MySQLi]: Too many connections
in SYSTEMPATH/Database/BaseConnection.php on line 428.
 1 SYSTEMPATH/Database/BaseConnection.php(575): CodeIgniter\Database\BaseConnection->initialize()
 2 SYSTEMPATH/Database/BaseBuilder.php(1616): CodeIgniter\Database\BaseConnection->query()
 3 APPPATH/Helpers/Common_helper.php(1444): CodeIgniter\Database\BaseBuilder->get()
 4 APPPATH/Filters/MainFilter.php(57): db_get()
 5 SYSTEMPATH/Filters/Filters.php(184): App\Filters\MainFilter->before()
 6 SYSTEMPATH/CodeIgniter.php(475): CodeIgniter\Filters\Filters->run()
 7 SYSTEMPATH/CodeIgniter.php(361): CodeIgniter\CodeIgniter->handleRequest()
 8 FCPATH/index.php(34): CodeIgniter\CodeIgniter->run()
ERROR - 2026-05-19 09:54:06 --> Error connecting to the database: mysqli_sql_exception: Too many connections in /var/www/wappbuzz/vendor/codeigniter4/framework/system/Database/MySQLi/Connection.php:185
Stack trace:
#0 /var/www/wappbuzz/vendor/codeigniter4/framework/system/Database/MySQLi/Connection.php(185): mysqli->real_connect()
#1 /var/www/wappbuzz/vendor/codeigniter4/framework/system/Database/BaseConnection.php(392): CodeIgniter\Database\MySQLi\Connection->connect()
#2 /var/www/wappbuzz/vendor/codeigniter4/framework/system/Database/BaseConnection.php(575): CodeIgniter\Database\BaseConnection->initialize()
#3 /var/www/wappbuzz/vendor/codeigniter4/framework/system/Database/BaseBuilder.php(1616): CodeIgniter\Database\BaseConnection->query()
#4 /var/www/wappbuzz/app/Helpers/Common_helper.php(1444): CodeIgniter\Database\BaseBuilder->get()
#5 /var/www/wappbuzz/app/Helpers/Common_helper.php(1348): db_get()
#6 /var/www/wappbuzz/app/Helpers/Common_helper.php(1793): get_option()
#7 /var/www/wappbuzz/inc/core/Home/Controllers/Home.php(7): parse_config()
#8 /var/www/wappbuzz/vendor/codeigniter4/framework/system/CodeIgniter.php(915): Core\Home\Controllers\Home->__construct()
#9 /var/www/wappbuzz/vendor/codeigniter4/framework/system/CodeIgniter.php(971): CodeIgniter\CodeIgniter->createController()
#10 /var/www/wappbuzz/vendor/codeigniter4/framework/system/CodeIgniter.php(370): CodeIgniter\CodeIgniter->display404errors()
#11 /var/www/wappbuzz/index.php(34): CodeIgniter\CodeIgniter->run()
#12 {main}

Next CodeIgniter\Database\Exceptions\DatabaseException: Too many connections in /var/www/wappbuzz/vendor/codeigniter4/framework/system/Database/MySQLi/Connection.php:229
Stack trace:
#0 /var/www/wappbuzz/vendor/codeigniter4/framework/system/Database/BaseConnection.php(392): CodeIgniter\Database\MySQLi\Connection->connect()
#1 /var/www/wappbuzz/vendor/codeigniter4/framework/system/Database/BaseConnection.php(575): CodeIgniter\Database\BaseConnection->initialize()
#2 /var/www/wappbuzz/vendor/codeigniter4/framework/system/Database/BaseBuilder.php(1616): CodeIgniter\Database\BaseConnection->query()
#3 /var/www/wappbuzz/app/Helpers/Common_helper.php(1444): CodeIgniter\Database\BaseBuilder->get()
#4 /var/www/wappbuzz/app/Helpers/Common_helper.php(1348): db_get()
#5 /var/www/wappbuzz/app/Helpers/Common_helper.php(1793): get_option()
#6 /var/www/wappbuzz/inc/core/Home/Controllers/Home.php(7): parse_config()
#7 /var/www/wappbuzz/vendor/codeigniter4/framework/system/CodeIgniter.php(915): Core\Home\Controllers\Home->__construct()
#8 /var/www/wappbuzz/vendor/codeigniter4/framework/system/CodeIgniter.php(971): CodeIgniter\CodeIgniter->createController()
#9 /var/www/wappbuzz/vendor/codeigniter4/framework/system/CodeIgniter.php(370): CodeIgniter\CodeIgniter->display404errors()
#10 /var/www/wappbuzz/index.php(34): CodeIgniter\CodeIgniter->run()
#11 {main}
CRITICAL - 2026-05-19 09:54:06 --> CodeIgniter\Database\Exceptions\DatabaseException: Unable to connect to the database.
Main connection [MySQLi]: Too many connections
in SYSTEMPATH/Database/BaseConnection.php on line 428.
 1 SYSTEMPATH/Database/BaseConnection.php(575): CodeIgniter\Database\BaseConnection->initialize()
 2 SYSTEMPATH/Database/BaseBuilder.php(1616): CodeIgniter\Database\BaseConnection->query()
 3 APPPATH/Helpers/Common_helper.php(1444): CodeIgniter\Database\BaseBuilder->get()
 4 APPPATH/Helpers/Common_helper.php(1348): db_get()
 5 APPPATH/Helpers/Common_helper.php(1793): get_option()
 6 FCPATH/inc/core/Home/Controllers/Home.php(7): parse_config()
 7 SYSTEMPATH/CodeIgniter.php(915): Core\Home\Controllers\Home->__construct()
 8 SYSTEMPATH/CodeIgniter.php(971): CodeIgniter\CodeIgniter->createController()
 9 SYSTEMPATH/CodeIgniter.php(370): CodeIgniter\CodeIgniter->display404errors()
10 FCPATH/index.php(34): CodeIgniter\CodeIgniter->run()
ERROR - 2026-05-19 09:54:06 --> Error connecting to the database: mysqli_sql_exception: Too many connections in /var/www/wappbuzz/vendor/codeigniter4/framework/system/Database/MySQLi/Connection.php:185
Stack trace:
#0 /var/www/wappbuzz/vendor/codeigniter4/framework/system/Database/MySQLi/Connection.php(185): mysqli->real_connect()
#1 /var/www/wappbuzz/vendor/codeigniter4/framework/system/Database/BaseConnection.php(392): CodeIgniter\Database\MySQLi\Connection->connect()
#2 /var/www/wappbuzz/vendor/codeigniter4/framework/system/Database/BaseConnection.php(575): CodeIgniter\Database\BaseConnection->initialize()
#3 /var/www/wappbuzz/vendor/codeigniter4/framework/system/Database/BaseBuilder.php(1616): CodeIgniter\Database\BaseConnection->query()
#4 /var/www/wappbuzz/app/Helpers/Common_helper.php(1444): CodeIgniter\Database\BaseBuilder->get()
#5 /var/www/wappbuzz/app/Helpers/Common_helper.php(1348): db_get()
#6 /var/www/wappbuzz/app/Helpers/Common_helper.php(1793): get_option()
#7 /var/www/wappbuzz/inc/core/Home/Controllers/Home.php(7): parse_config()
#8 /var/www/wappbuzz/vendor/codeigniter4/framework/system/CodeIgniter.php(915): Core\Home\Controllers\Home->__construct()
#9 /var/www/wappbuzz/vendor/codeigniter4/framework/system/CodeIgniter.php(971): CodeIgniter\CodeIgniter->createController()
#10 /var/www/wappbuzz/vendor/codeigniter4/framework/system/CodeIgniter.php(370): CodeIgniter\CodeIgniter->display404errors()
#11 /var/www/wappbuzz/index.php(34): CodeIgniter\CodeIgniter->run()
#12 {main}

Next CodeIgniter\Database\Exceptions\DatabaseException: Too many connections in /var/www/wappbuzz/vendor/codeigniter4/framework/system/Database/MySQLi/Connection.php:229
Stack trace:
#0 /var/www/wappbuzz/vendor/codeigniter4/framework/system/Database/BaseConnection.php(392): CodeIgniter\Database\MySQLi\Connection->connect()
#1 /var/www/wappbuzz/vendor/codeigniter4/framework/system/Database/BaseConnection.php(575): CodeIgniter\Database\BaseConnection->initialize()
#2 /var/www/wappbuzz/vendor/codeigniter4/framework/system/Database/BaseBuilder.php(1616): CodeIgniter\Database\BaseConnection->query()
#3 /var/www/wappbuzz/app/Helpers/Common_helper.php(1444): CodeIgniter\Database\BaseBuilder->get()
#4 /var/www/wappbuzz/app/Helpers/Common_helper.php(1348): db_get()
#5 /var/www/wappbuzz/app/Helpers/Common_helper.php(1793): get_option()
#6 /var/www/wappbuzz/inc/core/Home/Controllers/Home.php(7): parse_config()
#7 /var/www/wappbuzz/vendor/codeigniter4/framework/system/CodeIgniter.php(915): Core\Home\Controllers\Home->__construct()
#8 /var/www/wappbuzz/vendor/codeigniter4/framework/system/CodeIgniter.php(971): CodeIgniter\CodeIgniter->createController()
#9 /var/www/wappbuzz/vendor/codeigniter4/framework/system/CodeIgniter.php(370): CodeIgniter\CodeIgniter->display404errors()
#10 /var/www/wappbuzz/index.php(34): CodeIgniter\CodeIgniter->run()
#11 {main}
CRITICAL - 2026-05-19 09:54:06 --> CodeIgniter\Database\Exceptions\DatabaseException: Unable to connect to the database.
Main connection [MySQLi]: Too many connections
in SYSTEMPATH/Database/BaseConnection.php on line 428.
 1 SYSTEMPATH/Database/BaseConnection.php(575): CodeIgniter\Database\BaseConnection->initialize()
 2 SYSTEMPATH/Database/BaseBuilder.php(1616): CodeIgniter\Database\BaseConnection->query()
 3 APPPATH/Helpers/Common_helper.php(1444): CodeIgniter\Database\BaseBuilder->get()
 4 APPPATH/Helpers/Common_helper.php(1348): db_get()
 5 APPPATH/Helpers/Common_helper.php(1793): get_option()
 6 FCPATH/inc/core/Home/Controllers/Home.php(7): parse_config()
 7 SYSTEMPATH/CodeIgniter.php(915): Core\Home\Controllers\Home->__construct()
 8 SYSTEMPATH/CodeIgniter.php(971): CodeIgniter\CodeIgniter->createController()
 9 SYSTEMPATH/CodeIgniter.php(370): CodeIgniter\CodeIgniter->display404errors()
10 FCPATH/index.php(34): CodeIgniter\CodeIgniter->run()
ERROR - 2026-05-19 09:54:06 --> Error connecting to the database: mysqli_sql_exception: Too many connections in /var/www/wappbuzz/vendor/codeigniter4/framework/system/Database/MySQLi/Connection.php:185
Stack trace:
#0 /var/www/wappbuzz/vendor/codeigniter4/framework/system/Database/MySQLi/Connection.php(185): mysqli->real_connect()
#1 /var/www/wappbuzz/vendor/codeigniter4/framework/system/Database/BaseConnection.php(392): CodeIgniter\Database\MySQLi\Connection->connect()
#2 /var/www/wappbuzz/vendor/codeigniter4/framework/system/Database/BaseConnection.php(575): CodeIgniter\Database\BaseConnection->initialize()
#3 /var/www/wappbuzz/vendor/codeigniter4/framework/system/Database/BaseBuilder.php(1616): CodeIgniter\Database\BaseConnection->query()
#4 /var/www/wappbuzz/app/Helpers/Common_helper.php(1444): CodeIgniter\Database\BaseBuilder->get()
#5 /var/www/wappbuzz/app/Helpers/Common_helper.php(1348): db_get()
#6 /var/www/wappbuzz/app/Helpers/Common_helper.php(1793): get_option()
#7 /var/www/wappbuzz/inc/core/Home/Controllers/Home.php(7): parse_config()
#8 /var/www/wappbuzz/vendor/codeigniter4/framework/system/CodeIgniter.php(915): Core\Home\Controllers\Home->__construct()
#9 /var/www/wappbuzz/vendor/codeigniter4/framework/system/CodeIgniter.php(971): CodeIgniter\CodeIgniter->createController()
#10 /var/www/wappbuzz/vendor/codeigniter4/framework/system/CodeIgniter.php(370): CodeIgniter\CodeIgniter->display404errors()
#11 /var/www/wappbuzz/index.php(34): CodeIgniter\CodeIgniter->run()
#12 {main}

Next CodeIgniter\Database\Exceptions\DatabaseException: Too many connections in /var/www/wappbuzz/vendor/codeigniter4/framework/system/Database/MySQLi/Connection.php:229
Stack trace:
#0 /var/www/wappbuzz/vendor/codeigniter4/framework/system/Database/BaseConnection.php(392): CodeIgniter\Database\MySQLi\Connection->connect()
#1 /var/www/wappbuzz/vendor/codeigniter4/framework/system/Database/BaseConnection.php(575): CodeIgniter\Database\BaseConnection->initialize()
#2 /var/www/wappbuzz/vendor/codeigniter4/framework/system/Database/BaseBuilder.php(1616): CodeIgniter\Database\BaseConnection->query()
#3 /var/www/wappbuzz/app/Helpers/Common_helper.php(1444): CodeIgniter\Database\BaseBuilder->get()
#4 /var/www/wappbuzz/app/Helpers/Common_helper.php(1348): db_get()
#5 /var/www/wappbuzz/app/Helpers/Common_helper.php(1793): get_option()
#6 /var/www/wappbuzz/inc/core/Home/Controllers/Home.php(7): parse_config()
#7 /var/www/wappbuzz/vendor/codeigniter4/framework/system/CodeIgniter.php(915): Core\Home\Controllers\Home->__construct()
#8 /var/www/wappbuzz/vendor/codeigniter4/framework/system/CodeIgniter.php(971): CodeIgniter\CodeIgniter->createController()
#9 /var/www/wappbuzz/vendor/codeigniter4/framework/system/CodeIgniter.php(370): CodeIgniter\CodeIgniter->display404errors()
#10 /var/www/wappbuzz/index.php(34): CodeIgniter\CodeIgniter->run()
#11 {main}
CRITICAL - 2026-05-19 09:54:06 --> CodeIgniter\Database\Exceptions\DatabaseException: Unable to connect to the database.
Main connection [MySQLi]: Too many connections
in SYSTEMPATH/Database/BaseConnection.php on line 428.
 1 SYSTEMPATH/Database/BaseConnection.php(575): CodeIgniter\Database\BaseConnection->initialize()
 2 SYSTEMPATH/Database/BaseBuilder.php(1616): CodeIgniter\Database\BaseConnection->query()
 3 APPPATH/Helpers/Common_helper.php(1444): CodeIgniter\Database\BaseBuilder->get()
 4 APPPATH/Helpers/Common_helper.php(1348): db_get()
 5 APPPATH/Helpers/Common_helper.php(1793): get_option()
 6 FCPATH/inc/core/Home/Controllers/Home.php(7): parse_config()
 7 SYSTEMPATH/CodeIgniter.php(915): Core\Home\Controllers\Home->__construct()
 8 SYSTEMPATH/CodeIgniter.php(971): CodeIgniter\CodeIgniter->createController()
 9 SYSTEMPATH/CodeIgniter.php(370): CodeIgniter\CodeIgniter->display404errors()
10 FCPATH/index.php(34): CodeIgniter\CodeIgniter->run()
ERROR - 2026-05-19 09:54:07 --> Error connecting to the database: mysqli_sql_exception: Too many connections in /var/www/wappbuzz/vendor/codeigniter4/framework/system/Database/MySQLi/Connection.php:185
Stack trace:
#0 /var/www/wappbuzz/vendor/codeigniter4/framework/system/Database/MySQLi/Connection.php(185): mysqli->real_connect()
#1 /var/www/wappbuzz/vendor/codeigniter4/framework/system/Database/BaseConnection.php(392): CodeIgniter\Database\MySQLi\Connection->connect()
#2 /var/www/wappbuzz/vendor/codeigniter4/framework/system/Database/BaseConnection.php(575): CodeIgniter\Database\BaseConnection->initialize()
#3 /var/www/wappbuzz/vendor/codeigniter4/framework/system/Database/BaseBuilder.php(1616): CodeIgniter\Database\BaseConnection->query()
#4 /var/www/wappbuzz/app/Helpers/Common_helper.php(1444): CodeIgniter\Database\BaseBuilder->get()
#5 /var/www/wappbuzz/app/Helpers/Common_helper.php(1348): db_get()
#6 /var/www/wappbuzz/app/Helpers/Common_helper.php(1793): get_option()
#7 /var/www/wappbuzz/inc/core/Home/Controllers/Home.php(7): parse_config()
#8 /var/www/wappbuzz/vendor/codeigniter4/framework/system/CodeIgniter.php(915): Core\Home\Controllers\Home->__construct()
#9 /var/www/wappbuzz/vendor/codeigniter4/framework/system/CodeIgniter.php(971): CodeIgniter\CodeIgniter->createController()
#10 /var/www/wappbuzz/vendor/codeigniter4/framework/system/CodeIgniter.php(370): CodeIgniter\CodeIgniter->display404errors()
#11 /var/www/wappbuzz/index.php(34): CodeIgniter\CodeIgniter->run()
#12 {main}

Next CodeIgniter\Database\Exceptions\DatabaseException: Too many connections in /var/www/wappbuzz/vendor/codeigniter4/framework/system/Database/MySQLi/Connection.php:229
Stack trace:
#0 /var/www/wappbuzz/vendor/codeigniter4/framework/system/Database/BaseConnection.php(392): CodeIgniter\Database\MySQLi\Connection->connect()
#1 /var/www/wappbuzz/vendor/codeigniter4/framework/system/Database/BaseConnection.php(575): CodeIgniter\Database\BaseConnection->initialize()
#2 /var/www/wappbuzz/vendor/codeigniter4/framework/system/Database/BaseBuilder.php(1616): CodeIgniter\Database\BaseConnection->query()
#3 /var/www/wappbuzz/app/Helpers/Common_helper.php(1444): CodeIgniter\Database\BaseBuilder->get()
#4 /var/www/wappbuzz/app/Helpers/Common_helper.php(1348): db_get()
#5 /var/www/wappbuzz/app/Helpers/Common_helper.php(1793): get_option()
#6 /var/www/wappbuzz/inc/core/Home/Controllers/Home.php(7): parse_config()
#7 /var/www/wappbuzz/vendor/codeigniter4/framework/system/CodeIgniter.php(915): Core\Home\Controllers\Home->__construct()
#8 /var/www/wappbuzz/vendor/codeigniter4/framework/system/CodeIgniter.php(971): CodeIgniter\CodeIgniter->createController()
#9 /var/www/wappbuzz/vendor/codeigniter4/framework/system/CodeIgniter.php(370): CodeIgniter\CodeIgniter->display404errors()
#10 /var/www/wappbuzz/index.php(34): CodeIgniter\CodeIgniter->run()
#11 {main}
CRITICAL - 2026-05-19 09:54:07 --> CodeIgniter\Database\Exceptions\DatabaseException: Unable to connect to the database.
Main connection [MySQLi]: Too many connections
in SYSTEMPATH/Database/BaseConnection.php on line 428.
 1 SYSTEMPATH/Database/BaseConnection.php(575): CodeIgniter\Database\BaseConnection->initialize()
 2 SYSTEMPATH/Database/BaseBuilder.php(1616): CodeIgniter\Database\BaseConnection->query()
 3 APPPATH/Helpers/Common_helper.php(1444): CodeIgniter\Database\BaseBuilder->get()
 4 APPPATH/Helpers/Common_helper.php(1348): db_get()
 5 APPPATH/Helpers/Common_helper.php(1793): get_option()
 6 FCPATH/inc/core/Home/Controllers/Home.php(7): parse_config()
 7 SYSTEMPATH/CodeIgniter.php(915): Core\Home\Controllers\Home->__construct()
 8 SYSTEMPATH/CodeIgniter.php(971): CodeIgniter\CodeIgniter->createController()
 9 SYSTEMPATH/CodeIgniter.php(370): CodeIgniter\CodeIgniter->display404errors()
10 FCPATH/index.php(34): CodeIgniter\CodeIgniter->run()
ERROR - 2026-05-19 09:54:07 --> Error connecting to the database: mysqli_sql_exception: Too many connections in /var/www/wappbuzz/vendor/codeigniter4/framework/system/Database/MySQLi/Connection.php:185
Stack trace:
#0 /var/www/wappbuzz/vendor/codeigniter4/framework/system/Database/MySQLi/Connection.php(185): mysqli->real_connect()
#1 /var/www/wappbuzz/vendor/codeigniter4/framework/system/Database/BaseConnection.php(392): CodeIgniter\Database\MySQLi\Connection->connect()
#2 /var/www/wappbuzz/vendor/codeigniter4/framework/system/Database/BaseConnection.php(575): CodeIgniter\Database\BaseConnection->initialize()
#3 /var/www/wappbuzz/vendor/codeigniter4/framework/system/Database/BaseBuilder.php(1616): CodeIgniter\Database\BaseConnection->query()
#4 /var/www/wappbuzz/app/Helpers/Common_helper.php(1444): CodeIgniter\Database\BaseBuilder->get()
#5 /var/www/wappbuzz/app/Filters/MainFilter.php(57): db_get()
#6 /var/www/wappbuzz/vendor/codeigniter4/framework/system/Filters/Filters.php(184): App\Filters\MainFilter->before()
#7 /var/www/wappbuzz/vendor/codeigniter4/framework/system/CodeIgniter.php(475): CodeIgniter\Filters\Filters->run()
#8 /var/www/wappbuzz/vendor/codeigniter4/framework/system/CodeIgniter.php(361): CodeIgniter\CodeIgniter->handleRequest()
#9 /var/www/wappbuzz/index.php(34): CodeIgniter\CodeIgniter->run()
#10 {main}

Next CodeIgniter\Database\Exceptions\DatabaseException: Too many connections in /var/www/wappbuzz/vendor/codeigniter4/framework/system/Database/MySQLi/Connection.php:229
Stack trace:
#0 /var/www/wappbuzz/vendor/codeigniter4/framework/system/Database/BaseConnection.php(392): CodeIgniter\Database\MySQLi\Connection->connect()
#1 /var/www/wappbuzz/vendor/codeigniter4/framework/system/Database/BaseConnection.php(575): CodeIgniter\Database\BaseConnection->initialize()
#2 /var/www/wappbuzz/vendor/codeigniter4/framework/system/Database/BaseBuilder.php(1616): CodeIgniter\Database\BaseConnection->query()
#3 /var/www/wappbuzz/app/Helpers/Common_helper.php(1444): CodeIgniter\Database\BaseBuilder->get()
#4 /var/www/wappbuzz/app/Filters/MainFilter.php(57): db_get()
#5 /var/www/wappbuzz/vendor/codeigniter4/framework/system/Filters/Filters.php(184): App\Filters\MainFilter->before()
#6 /var/www/wappbuzz/vendor/codeigniter4/framework/system/CodeIgniter.php(475): CodeIgniter\Filters\Filters->run()
#7 /var/www/wappbuzz/vendor/codeigniter4/framework/system/CodeIgniter.php(361): CodeIgniter\CodeIgniter->handleRequest()
#8 /var/www/wappbuzz/index.php(34): CodeIgniter\CodeIgniter->run()
#9 {main}
CRITICAL - 2026-05-19 09:54:07 --> CodeIgniter\Database\Exceptions\DatabaseException: Unable to connect to the database.
Main connection [MySQLi]: Too many connections
in SYSTEMPATH/Database/BaseConnection.php on line 428.
 1 SYSTEMPATH/Database/BaseConnection.php(575): CodeIgniter\Database\BaseConnection->initialize()
 2 SYSTEMPATH/Database/BaseBuilder.php(1616): CodeIgniter\Database\BaseConnection->query()
 3 APPPATH/Helpers/Common_helper.php(1444): CodeIgniter\Database\BaseBuilder->get()
 4 APPPATH/Filters/MainFilter.php(57): db_get()
 5 SYSTEMPATH/Filters/Filters.php(184): App\Filters\MainFilter->before()
 6 SYSTEMPATH/CodeIgniter.php(475): CodeIgniter\Filters\Filters->run()
 7 SYSTEMPATH/CodeIgniter.php(361): CodeIgniter\CodeIgniter->handleRequest()
 8 FCPATH/index.php(34): CodeIgniter\CodeIgniter->run()
ERROR - 2026-05-19 09:54:07 --> Error connecting to the database: mysqli_sql_exception: Too many connections in /var/www/wappbuzz/vendor/codeigniter4/framework/system/Database/MySQLi/Connection.php:185
Stack trace:
#0 /var/www/wappbuzz/vendor/codeigniter4/framework/system/Database/MySQLi/Connection.php(185): mysqli->real_connect()
#1 /var/www/wappbuzz/vendor/codeigniter4/framework/system/Database/BaseConnection.php(392): CodeIgniter\Database\MySQLi\Connection->connect()
#2 /var/www/wappbuzz/vendor/codeigniter4/framework/system/Database/BaseConnection.php(575): CodeIgniter\Database\BaseConnection->initialize()
#3 /var/www/wappbuzz/vendor/codeigniter4/framework/system/Database/BaseBuilder.php(1616): CodeIgniter\Database\BaseConnection->query()
#4 /var/www/wappbuzz/app/Helpers/Common_helper.php(1444): CodeIgniter\Database\BaseBuilder->get()
#5 /var/www/wappbuzz/app/Helpers/Common_helper.php(1348): db_get()
#6 /var/www/wappbuzz/app/Helpers/Common_helper.php(1793): get_option()
#7 /var/www/wappbuzz/inc/core/Home/Controllers/Home.php(7): parse_config()
#8 /var/www/wappbuzz/vendor/codeigniter4/framework/system/CodeIgniter.php(915): Core\Home\Controllers\Home->__construct()
#9 /var/www/wappbuzz/vendor/codeigniter4/framework/system/CodeIgniter.php(971): CodeIgniter\CodeIgniter->createController()
#10 /var/www/wappbuzz/vendor/codeigniter4/framework/system/CodeIgniter.php(370): CodeIgniter\CodeIgniter->display404errors()
#11 /var/www/wappbuzz/index.php(34): CodeIgniter\CodeIgniter->run()
#12 {main}

Next CodeIgniter\Database\Exceptions\DatabaseException: Too many connections in /var/www/wappbuzz/vendor/codeigniter4/framework/system/Database/MySQLi/Connection.php:229
Stack trace:
#0 /var/www/wappbuzz/vendor/codeigniter4/framework/system/Database/BaseConnection.php(392): CodeIgniter\Database\MySQLi\Connection->connect()
#1 /var/www/wappbuzz/vendor/codeigniter4/framework/system/Database/BaseConnection.php(575): CodeIgniter\Database\BaseConnection->initialize()
#2 /var/www/wappbuzz/vendor/codeigniter4/framework/system/Database/BaseBuilder.php(1616): CodeIgniter\Database\BaseConnection->query()
#3 /var/www/wappbuzz/app/Helpers/Common_helper.php(1444): CodeIgniter\Database\BaseBuilder->get()
#4 /var/www/wappbuzz/app/Helpers/Common_helper.php(1348): db_get()
#5 /var/www/wappbuzz/app/Helpers/Common_helper.php(1793): get_option()
#6 /var/www/wappbuzz/inc/core/Home/Controllers/Home.php(7): parse_config()
#7 /var/www/wappbuzz/vendor/codeigniter4/framework/system/CodeIgniter.php(915): Core\Home\Controllers\Home->__construct()
#8 /var/www/wappbuzz/vendor/codeigniter4/framework/system/CodeIgniter.php(971): CodeIgniter\CodeIgniter->createController()
#9 /var/www/wappbuzz/vendor/codeigniter4/framework/system/CodeIgniter.php(370): CodeIgniter\CodeIgniter->display404errors()
#10 /var/www/wappbuzz/index.php(34): CodeIgniter\CodeIgniter->run()
#11 {main}
CRITICAL - 2026-05-19 09:54:07 --> CodeIgniter\Database\Exceptions\DatabaseException: Unable to connect to the database.
Main connection [MySQLi]: Too many connections
in SYSTEMPATH/Database/BaseConnection.php on line 428.
 1 SYSTEMPATH/Database/BaseConnection.php(575): CodeIgniter\Database\BaseConnection->initialize()
 2 SYSTEMPATH/Database/BaseBuilder.php(1616): CodeIgniter\Database\BaseConnection->query()
 3 APPPATH/Helpers/Common_helper.php(1444): CodeIgniter\Database\BaseBuilder->get()
 4 APPPATH/Helpers/Common_helper.php(1348): db_get()
 5 APPPATH/Helpers/Common_helper.php(1793): get_option()
 6 FCPATH/inc/core/Home/Controllers/Home.php(7): parse_config()
 7 SYSTEMPATH/CodeIgniter.php(915): Core\Home\Controllers\Home->__construct()
 8 SYSTEMPATH/CodeIgniter.php(971): CodeIgniter\CodeIgniter->createController()
 9 SYSTEMPATH/CodeIgniter.php(370): CodeIgniter\CodeIgniter->display404errors()
10 FCPATH/index.php(34): CodeIgniter\CodeIgniter->run()
ERROR - 2026-05-19 09:54:07 --> Error connecting to the database: mysqli_sql_exception: Too many connections in /var/www/wappbuzz/vendor/codeigniter4/framework/system/Database/MySQLi/Connection.php:185
Stack trace:
#0 /var/www/wappbuzz/vendor/codeigniter4/framework/system/Database/MySQLi/Connection.php(185): mysqli->real_connect()
#1 /var/www/wappbuzz/vendor/codeigniter4/framework/system/Database/BaseConnection.php(392): CodeIgniter\Database\MySQLi\Connection->connect()
#2 /var/www/wappbuzz/vendor/codeigniter4/framework/system/Database/BaseConnection.php(575): CodeIgniter\Database\BaseConnection->initialize()
#3 /var/www/wappbuzz/vendor/codeigniter4/framework/system/Database/BaseBuilder.php(1616): CodeIgniter\Database\BaseConnection->query()
#4 /var/www/wappbuzz/app/Helpers/Common_helper.php(1444): CodeIgniter\Database\BaseBuilder->get()
#5 /var/www/wappbuzz/app/Filters/MainFilter.php(57): db_get()
#6 /var/www/wappbuzz/vendor/codeigniter4/framework/system/Filters/Filters.php(184): App\Filters\MainFilter->before()
#7 /var/www/wappbuzz/vendor/codeigniter4/framework/system/CodeIgniter.php(475): CodeIgniter\Filters\Filters->run()
#8 /var/www/wappbuzz/vendor/codeigniter4/framework/system/CodeIgniter.php(361): CodeIgniter\CodeIgniter->handleRequest()
#9 /var/www/wappbuzz/index.php(34): CodeIgniter\CodeIgniter->run()
#10 {main}

Next CodeIgniter\Database\Exceptions\DatabaseException: Too many connections in /var/www/wappbuzz/vendor/codeigniter4/framework/system/Database/MySQLi/Connection.php:229
Stack trace:
#0 /var/www/wappbuzz/vendor/codeigniter4/framework/system/Database/BaseConnection.php(392): CodeIgniter\Database\MySQLi\Connection->connect()
#1 /var/www/wappbuzz/vendor/codeigniter4/framework/system/Database/BaseConnection.php(575): CodeIgniter\Database\BaseConnection->initialize()
#2 /var/www/wappbuzz/vendor/codeigniter4/framework/system/Database/BaseBuilder.php(1616): CodeIgniter\Database\BaseConnection->query()
#3 /var/www/wappbuzz/app/Helpers/Common_helper.php(1444): CodeIgniter\Database\BaseBuilder->get()
#4 /var/www/wappbuzz/app/Filters/MainFilter.php(57): db_get()
#5 /var/www/wappbuzz/vendor/codeigniter4/framework/system/Filters/Filters.php(184): App\Filters\MainFilter->before()
#6 /var/www/wappbuzz/vendor/codeigniter4/framework/system/CodeIgniter.php(475): CodeIgniter\Filters\Filters->run()
#7 /var/www/wappbuzz/vendor/codeigniter4/framework/system/CodeIgniter.php(361): CodeIgniter\CodeIgniter->handleRequest()
#8 /var/www/wappbuzz/index.php(34): CodeIgniter\CodeIgniter->run()
#9 {main}
CRITICAL - 2026-05-19 09:54:07 --> CodeIgniter\Database\Exceptions\DatabaseException: Unable to connect to the database.
Main connection [MySQLi]: Too many connections
in SYSTEMPATH/Database/BaseConnection.php on line 428.
 1 SYSTEMPATH/Database/BaseConnection.php(575): CodeIgniter\Database\BaseConnection->initialize()
 2 SYSTEMPATH/Database/BaseBuilder.php(1616): CodeIgniter\Database\BaseConnection->query()
 3 APPPATH/Helpers/Common_helper.php(1444): CodeIgniter\Database\BaseBuilder->get()
 4 APPPATH/Filters/MainFilter.php(57): db_get()
 5 SYSTEMPATH/Filters/Filters.php(184): App\Filters\MainFilter->before()
 6 SYSTEMPATH/CodeIgniter.php(475): CodeIgniter\Filters\Filters->run()
 7 SYSTEMPATH/CodeIgniter.php(361): CodeIgniter\CodeIgniter->handleRequest()
 8 FCPATH/index.php(34): CodeIgniter\CodeIgniter->run()
ERROR - 2026-05-19 09:54:07 --> Error connecting to the database: mysqli_sql_exception: Too many connections in /var/www/wappbuzz/vendor/codeigniter4/framework/system/Database/MySQLi/Connection.php:185
Stack trace:
#0 /var/www/wappbuzz/vendor/codeigniter4/framework/system/Database/MySQLi/Connection.php(185): mysqli->real_connect()
#1 /var/www/wappbuzz/vendor/codeigniter4/framework/system/Database/BaseConnection.php(392): CodeIgniter\Database\MySQLi\Connection->connect()
#2 /var/www/wappbuzz/vendor/codeigniter4/framework/system/Database/BaseConnection.php(575): CodeIgniter\Database\BaseConnection->initialize()
#3 /var/www/wappbuzz/vendor/codeigniter4/framework/system/Database/BaseBuilder.php(1616): CodeIgniter\Database\BaseConnection->query()
#4 /var/www/wappbuzz/app/Helpers/Common_helper.php(1444): CodeIgniter\Database\BaseBuilder->get()
#5 /var/www/wappbuzz/app/Filters/MainFilter.php(57): db_get()
#6 /var/www/wappbuzz/vendor/codeigniter4/framework/system/Filters/Filters.php(184): App\Filters\MainFilter->before()
#7 /var/www/wappbuzz/vendor/codeigniter4/framework/system/CodeIgniter.php(475): CodeIgniter\Filters\Filters->run()
#8 /var/www/wappbuzz/vendor/codeigniter4/framework/system/CodeIgniter.php(361): CodeIgniter\CodeIgniter->handleRequest()
#9 /var/www/wappbuzz/index.php(34): CodeIgniter\CodeIgniter->run()
#10 {main}

Next CodeIgniter\Database\Exceptions\DatabaseException: Too many connections in /var/www/wappbuzz/vendor/codeigniter4/framework/system/Database/MySQLi/Connection.php:229
Stack trace:
#0 /var/www/wappbuzz/vendor/codeigniter4/framework/system/Database/BaseConnection.php(392): CodeIgniter\Database\MySQLi\Connection->connect()
#1 /var/www/wappbuzz/vendor/codeigniter4/framework/system/Database/BaseConnection.php(575): CodeIgniter\Database\BaseConnection->initialize()
#2 /var/www/wappbuzz/vendor/codeigniter4/framework/system/Database/BaseBuilder.php(1616): CodeIgniter\Database\BaseConnection->query()
#3 /var/www/wappbuzz/app/Helpers/Common_helper.php(1444): CodeIgniter\Database\BaseBuilder->get()
#4 /var/www/wappbuzz/app/Filters/MainFilter.php(57): db_get()
#5 /var/www/wappbuzz/vendor/codeigniter4/framework/system/Filters/Filters.php(184): App\Filters\MainFilter->before()
#6 /var/www/wappbuzz/vendor/codeigniter4/framework/system/CodeIgniter.php(475): CodeIgniter\Filters\Filters->run()
#7 /var/www/wappbuzz/vendor/codeigniter4/framework/system/CodeIgniter.php(361): CodeIgniter\CodeIgniter->handleRequest()
#8 /var/www/wappbuzz/index.php(34): CodeIgniter\CodeIgniter->run()
#9 {main}
CRITICAL - 2026-05-19 09:54:07 --> CodeIgniter\Database\Exceptions\DatabaseException: Unable to connect to the database.
Main connection [MySQLi]: Too many connections
in SYSTEMPATH/Database/BaseConnection.php on line 428.
 1 SYSTEMPATH/Database/BaseConnection.php(575): CodeIgniter\Database\BaseConnection->initialize()
 2 SYSTEMPATH/Database/BaseBuilder.php(1616): CodeIgniter\Database\BaseConnection->query()
 3 APPPATH/Helpers/Common_helper.php(1444): CodeIgniter\Database\BaseBuilder->get()
 4 APPPATH/Filters/MainFilter.php(57): db_get()
 5 SYSTEMPATH/Filters/Filters.php(184): App\Filters\MainFilter->before()
 6 SYSTEMPATH/CodeIgniter.php(475): CodeIgniter\Filters\Filters->run()
 7 SYSTEMPATH/CodeIgniter.php(361): CodeIgniter\CodeIgniter->handleRequest()
 8 FCPATH/index.php(34): CodeIgniter\CodeIgniter->run()
ERROR - 2026-05-19 09:54:08 --> Error connecting to the database: mysqli_sql_exception: Too many connections in /var/www/wappbuzz/vendor/codeigniter4/framework/system/Database/MySQLi/Connection.php:185
Stack trace:
#0 /var/www/wappbuzz/vendor/codeigniter4/framework/system/Database/MySQLi/Connection.php(185): mysqli->real_connect()
#1 /var/www/wappbuzz/vendor/codeigniter4/framework/system/Database/BaseConnection.php(392): CodeIgniter\Database\MySQLi\Connection->connect()
#2 /var/www/wappbuzz/vendor/codeigniter4/framework/system/Database/BaseConnection.php(575): CodeIgniter\Database\BaseConnection->initialize()
#3 /var/www/wappbuzz/vendor/codeigniter4/framework/system/Database/BaseBuilder.php(1616): CodeIgniter\Database\BaseConnection->query()
#4 /var/www/wappbuzz/app/Helpers/Common_helper.php(1444): CodeIgniter\Database\BaseBuilder->get()
#5 /var/www/wappbuzz/app/Filters/MainFilter.php(57): db_get()
#6 /var/www/wappbuzz/vendor/codeigniter4/framework/system/Filters/Filters.php(184): App\Filters\MainFilter->before()
#7 /var/www/wappbuzz/vendor/codeigniter4/framework/system/CodeIgniter.php(475): CodeIgniter\Filters\Filters->run()
#8 /var/www/wappbuzz/vendor/codeigniter4/framework/system/CodeIgniter.php(361): CodeIgniter\CodeIgniter->handleRequest()
#9 /var/www/wappbuzz/index.php(34): CodeIgniter\CodeIgniter->run()
#10 {main}

Next CodeIgniter\Database\Exceptions\DatabaseException: Too many connections in /var/www/wappbuzz/vendor/codeigniter4/framework/system/Database/MySQLi/Connection.php:229
Stack trace:
#0 /var/www/wappbuzz/vendor/codeigniter4/framework/system/Database/BaseConnection.php(392): CodeIgniter\Database\MySQLi\Connection->connect()
#1 /var/www/wappbuzz/vendor/codeigniter4/framework/system/Database/BaseConnection.php(575): CodeIgniter\Database\BaseConnection->initialize()
#2 /var/www/wappbuzz/vendor/codeigniter4/framework/system/Database/BaseBuilder.php(1616): CodeIgniter\Database\BaseConnection->query()
#3 /var/www/wappbuzz/app/Helpers/Common_helper.php(1444): CodeIgniter\Database\BaseBuilder->get()
#4 /var/www/wappbuzz/app/Filters/MainFilter.php(57): db_get()
#5 /var/www/wappbuzz/vendor/codeigniter4/framework/system/Filters/Filters.php(184): App\Filters\MainFilter->before()
#6 /var/www/wappbuzz/vendor/codeigniter4/framework/system/CodeIgniter.php(475): CodeIgniter\Filters\Filters->run()
#7 /var/www/wappbuzz/vendor/codeigniter4/framework/system/CodeIgniter.php(361): CodeIgniter\CodeIgniter->handleRequest()
#8 /var/www/wappbuzz/index.php(34): CodeIgniter\CodeIgniter->run()
#9 {main}
CRITICAL - 2026-05-19 09:54:08 --> CodeIgniter\Database\Exceptions\DatabaseException: Unable to connect to the database.
Main connection [MySQLi]: Too many connections
in SYSTEMPATH/Database/BaseConnection.php on line 428.
 1 SYSTEMPATH/Database/BaseConnection.php(575): CodeIgniter\Database\BaseConnection->initialize()
 2 SYSTEMPATH/Database/BaseBuilder.php(1616): CodeIgniter\Database\BaseConnection->query()
 3 APPPATH/Helpers/Common_helper.php(1444): CodeIgniter\Database\BaseBuilder->get()
 4 APPPATH/Filters/MainFilter.php(57): db_get()
 5 SYSTEMPATH/Filters/Filters.php(184): App\Filters\MainFilter->before()
 6 SYSTEMPATH/CodeIgniter.php(475): CodeIgniter\Filters\Filters->run()
 7 SYSTEMPATH/CodeIgniter.php(361): CodeIgniter\CodeIgniter->handleRequest()
 8 FCPATH/index.php(34): CodeIgniter\CodeIgniter->run()
ERROR - 2026-05-19 09:54:08 --> Error connecting to the database: mysqli_sql_exception: Too many connections in /var/www/wappbuzz/vendor/codeigniter4/framework/system/Database/MySQLi/Connection.php:185
Stack trace:
#0 /var/www/wappbuzz/vendor/codeigniter4/framework/system/Database/MySQLi/Connection.php(185): mysqli->real_connect()
#1 /var/www/wappbuzz/vendor/codeigniter4/framework/system/Database/BaseConnection.php(392): CodeIgniter\Database\MySQLi\Connection->connect()
#2 /var/www/wappbuzz/vendor/codeigniter4/framework/system/Database/BaseConnection.php(575): CodeIgniter\Database\BaseConnection->initialize()
#3 /var/www/wappbuzz/vendor/codeigniter4/framework/system/Database/BaseBuilder.php(1616): CodeIgniter\Database\BaseConnection->query()
#4 /var/www/wappbuzz/app/Helpers/Common_helper.php(1444): CodeIgniter\Database\BaseBuilder->get()
#5 /var/www/wappbuzz/app/Filters/MainFilter.php(57): db_get()
#6 /var/www/wappbuzz/vendor/codeigniter4/framework/system/Filters/Filters.php(184): App\Filters\MainFilter->before()
#7 /var/www/wappbuzz/vendor/codeigniter4/framework/system/CodeIgniter.php(475): CodeIgniter\Filters\Filters->run()
#8 /var/www/wappbuzz/vendor/codeigniter4/framework/system/CodeIgniter.php(361): CodeIgniter\CodeIgniter->handleRequest()
#9 /var/www/wappbuzz/index.php(34): CodeIgniter\CodeIgniter->run()
#10 {main}

Next CodeIgniter\Database\Exceptions\DatabaseException: Too many connections in /var/www/wappbuzz/vendor/codeigniter4/framework/system/Database/MySQLi/Connection.php:229
Stack trace:
#0 /var/www/wappbuzz/vendor/codeigniter4/framework/system/Database/BaseConnection.php(392): CodeIgniter\Database\MySQLi\Connection->connect()
#1 /var/www/wappbuzz/vendor/codeigniter4/framework/system/Database/BaseConnection.php(575): CodeIgniter\Database\BaseConnection->initialize()
#2 /var/www/wappbuzz/vendor/codeigniter4/framework/system/Database/BaseBuilder.php(1616): CodeIgniter\Database\BaseConnection->query()
#3 /var/www/wappbuzz/app/Helpers/Common_helper.php(1444): CodeIgniter\Database\BaseBuilder->get()
#4 /var/www/wappbuzz/app/Filters/MainFilter.php(57): db_get()
#5 /var/www/wappbuzz/vendor/codeigniter4/framework/system/Filters/Filters.php(184): App\Filters\MainFilter->before()
#6 /var/www/wappbuzz/vendor/codeigniter4/framework/system/CodeIgniter.php(475): CodeIgniter\Filters\Filters->run()
#7 /var/www/wappbuzz/vendor/codeigniter4/framework/system/CodeIgniter.php(361): CodeIgniter\CodeIgniter->handleRequest()
#8 /var/www/wappbuzz/index.php(34): CodeIgniter\CodeIgniter->run()
#9 {main}
CRITICAL - 2026-05-19 09:54:08 --> CodeIgniter\Database\Exceptions\DatabaseException: Unable to connect to the database.
Main connection [MySQLi]: Too many connections
in SYSTEMPATH/Database/BaseConnection.php on line 428.
 1 SYSTEMPATH/Database/BaseConnection.php(575): CodeIgniter\Database\BaseConnection->initialize()
 2 SYSTEMPATH/Database/BaseBuilder.php(1616): CodeIgniter\Database\BaseConnection->query()
 3 APPPATH/Helpers/Common_helper.php(1444): CodeIgniter\Database\BaseBuilder->get()
 4 APPPATH/Filters/MainFilter.php(57): db_get()
 5 SYSTEMPATH/Filters/Filters.php(184): App\Filters\MainFilter->before()
 6 SYSTEMPATH/CodeIgniter.php(475): CodeIgniter\Filters\Filters->run()
 7 SYSTEMPATH/CodeIgniter.php(361): CodeIgniter\CodeIgniter->handleRequest()
 8 FCPATH/index.php(34): CodeIgniter\CodeIgniter->run()
ERROR - 2026-05-19 09:54:08 --> Error connecting to the database: mysqli_sql_exception: Too many connections in /var/www/wappbuzz/vendor/codeigniter4/framework/system/Database/MySQLi/Connection.php:185
Stack trace:
#0 /var/www/wappbuzz/vendor/codeigniter4/framework/system/Database/MySQLi/Connection.php(185): mysqli->real_connect()
#1 /var/www/wappbuzz/vendor/codeigniter4/framework/system/Database/BaseConnection.php(392): CodeIgniter\Database\MySQLi\Connection->connect()
#2 /var/www/wappbuzz/vendor/codeigniter4/framework/system/Database/BaseConnection.php(575): CodeIgniter\Database\BaseConnection->initialize()
#3 /var/www/wappbuzz/vendor/codeigniter4/framework/system/Database/BaseBuilder.php(1616): CodeIgniter\Database\BaseConnection->query()
#4 /var/www/wappbuzz/app/Helpers/Common_helper.php(1444): CodeIgniter\Database\BaseBuilder->get()
#5 /var/www/wappbuzz/app/Helpers/Common_helper.php(1348): db_get()
#6 /var/www/wappbuzz/app/Helpers/Common_helper.php(1793): get_option()
#7 /var/www/wappbuzz/inc/core/Home/Controllers/Home.php(7): parse_config()
#8 /var/www/wappbuzz/vendor/codeigniter4/framework/system/CodeIgniter.php(915): Core\Home\Controllers\Home->__construct()
#9 /var/www/wappbuzz/vendor/codeigniter4/framework/system/CodeIgniter.php(971): CodeIgniter\CodeIgniter->createController()
#10 /var/www/wappbuzz/vendor/codeigniter4/framework/system/CodeIgniter.php(370): CodeIgniter\CodeIgniter->display404errors()
#11 /var/www/wappbuzz/index.php(34): CodeIgniter\CodeIgniter->run()
#12 {main}

Next CodeIgniter\Database\Exceptions\DatabaseException: Too many connections in /var/www/wappbuzz/vendor/codeigniter4/framework/system/Database/MySQLi/Connection.php:229
Stack trace:
#0 /var/www/wappbuzz/vendor/codeigniter4/framework/system/Database/BaseConnection.php(392): CodeIgniter\Database\MySQLi\Connection->connect()
#1 /var/www/wappbuzz/vendor/codeigniter4/framework/system/Database/BaseConnection.php(575): CodeIgniter\Database\BaseConnection->initialize()
#2 /var/www/wappbuzz/vendor/codeigniter4/framework/system/Database/BaseBuilder.php(1616): CodeIgniter\Database\BaseConnection->query()
#3 /var/www/wappbuzz/app/Helpers/Common_helper.php(1444): CodeIgniter\Database\BaseBuilder->get()
#4 /var/www/wappbuzz/app/Helpers/Common_helper.php(1348): db_get()
#5 /var/www/wappbuzz/app/Helpers/Common_helper.php(1793): get_option()
#6 /var/www/wappbuzz/inc/core/Home/Controllers/Home.php(7): parse_config()
#7 /var/www/wappbuzz/vendor/codeigniter4/framework/system/CodeIgniter.php(915): Core\Home\Controllers\Home->__construct()
#8 /var/www/wappbuzz/vendor/codeigniter4/framework/system/CodeIgniter.php(971): CodeIgniter\CodeIgniter->createController()
#9 /var/www/wappbuzz/vendor/codeigniter4/framework/system/CodeIgniter.php(370): CodeIgniter\CodeIgniter->display404errors()
#10 /var/www/wappbuzz/index.php(34): CodeIgniter\CodeIgniter->run()
#11 {main}
CRITICAL - 2026-05-19 09:54:08 --> CodeIgniter\Database\Exceptions\DatabaseException: Unable to connect to the database.
Main connection [MySQLi]: Too many connections
in SYSTEMPATH/Database/BaseConnection.php on line 428.
 1 SYSTEMPATH/Database/BaseConnection.php(575): CodeIgniter\Database\BaseConnection->initialize()
 2 SYSTEMPATH/Database/BaseBuilder.php(1616): CodeIgniter\Database\BaseConnection->query()
 3 APPPATH/Helpers/Common_helper.php(1444): CodeIgniter\Database\BaseBuilder->get()
 4 APPPATH/Helpers/Common_helper.php(1348): db_get()
 5 APPPATH/Helpers/Common_helper.php(1793): get_option()
 6 FCPATH/inc/core/Home/Controllers/Home.php(7): parse_config()
 7 SYSTEMPATH/CodeIgniter.php(915): Core\Home\Controllers\Home->__construct()
 8 SYSTEMPATH/CodeIgniter.php(971): CodeIgniter\CodeIgniter->createController()
 9 SYSTEMPATH/CodeIgniter.php(370): CodeIgniter\CodeIgniter->display404errors()
10 FCPATH/index.php(34): CodeIgniter\CodeIgniter->run()
ERROR - 2026-05-19 09:54:08 --> Error connecting to the database: mysqli_sql_exception: Too many connections in /var/www/wappbuzz/vendor/codeigniter4/framework/system/Database/MySQLi/Connection.php:185
Stack trace:
#0 /var/www/wappbuzz/vendor/codeigniter4/framework/system/Database/MySQLi/Connection.php(185): mysqli->real_connect()
#1 /var/www/wappbuzz/vendor/codeigniter4/framework/system/Database/BaseConnection.php(392): CodeIgniter\Database\MySQLi\Connection->connect()
#2 /var/www/wappbuzz/vendor/codeigniter4/framework/system/Database/BaseConnection.php(575): CodeIgniter\Database\BaseConnection->initialize()
#3 /var/www/wappbuzz/vendor/codeigniter4/framework/system/Database/BaseBuilder.php(1616): CodeIgniter\Database\BaseConnection->query()
#4 /var/www/wappbuzz/app/Helpers/Common_helper.php(1444): CodeIgniter\Database\BaseBuilder->get()
#5 /var/www/wappbuzz/app/Filters/MainFilter.php(57): db_get()
#6 /var/www/wappbuzz/vendor/codeigniter4/framework/system/Filters/Filters.php(184): App\Filters\MainFilter->before()
#7 /var/www/wappbuzz/vendor/codeigniter4/framework/system/CodeIgniter.php(475): CodeIgniter\Filters\Filters->run()
#8 /var/www/wappbuzz/vendor/codeigniter4/framework/system/CodeIgniter.php(361): CodeIgniter\CodeIgniter->handleRequest()
#9 /var/www/wappbuzz/index.php(34): CodeIgniter\CodeIgniter->run()
#10 {main}

Next CodeIgniter\Database\Exceptions\DatabaseException: Too many connections in /var/www/wappbuzz/vendor/codeigniter4/framework/system/Database/MySQLi/Connection.php:229
Stack trace:
#0 /var/www/wappbuzz/vendor/codeigniter4/framework/system/Database/BaseConnection.php(392): CodeIgniter\Database\MySQLi\Connection->connect()
#1 /var/www/wappbuzz/vendor/codeigniter4/framework/system/Database/BaseConnection.php(575): CodeIgniter\Database\BaseConnection->initialize()
#2 /var/www/wappbuzz/vendor/codeigniter4/framework/system/Database/BaseBuilder.php(1616): CodeIgniter\Database\BaseConnection->query()
#3 /var/www/wappbuzz/app/Helpers/Common_helper.php(1444): CodeIgniter\Database\BaseBuilder->get()
#4 /var/www/wappbuzz/app/Filters/MainFilter.php(57): db_get()
#5 /var/www/wappbuzz/vendor/codeigniter4/framework/system/Filters/Filters.php(184): App\Filters\MainFilter->before()
#6 /var/www/wappbuzz/vendor/codeigniter4/framework/system/CodeIgniter.php(475): CodeIgniter\Filters\Filters->run()
#7 /var/www/wappbuzz/vendor/codeigniter4/framework/system/CodeIgniter.php(361): CodeIgniter\CodeIgniter->handleRequest()
#8 /var/www/wappbuzz/index.php(34): CodeIgniter\CodeIgniter->run()
#9 {main}
CRITICAL - 2026-05-19 09:54:08 --> CodeIgniter\Database\Exceptions\DatabaseException: Unable to connect to the database.
Main connection [MySQLi]: Too many connections
in SYSTEMPATH/Database/BaseConnection.php on line 428.
 1 SYSTEMPATH/Database/BaseConnection.php(575): CodeIgniter\Database\BaseConnection->initialize()
 2 SYSTEMPATH/Database/BaseBuilder.php(1616): CodeIgniter\Database\BaseConnection->query()
 3 APPPATH/Helpers/Common_helper.php(1444): CodeIgniter\Database\BaseBuilder->get()
 4 APPPATH/Filters/MainFilter.php(57): db_get()
 5 SYSTEMPATH/Filters/Filters.php(184): App\Filters\MainFilter->before()
 6 SYSTEMPATH/CodeIgniter.php(475): CodeIgniter\Filters\Filters->run()
 7 SYSTEMPATH/CodeIgniter.php(361): CodeIgniter\CodeIgniter->handleRequest()
 8 FCPATH/index.php(34): CodeIgniter\CodeIgniter->run()
ERROR - 2026-05-19 09:54:08 --> Error connecting to the database: mysqli_sql_exception: Too many connections in /var/www/wappbuzz/vendor/codeigniter4/framework/system/Database/MySQLi/Connection.php:185
Stack trace:
#0 /var/www/wappbuzz/vendor/codeigniter4/framework/system/Database/MySQLi/Connection.php(185): mysqli->real_connect()
#1 /var/www/wappbuzz/vendor/codeigniter4/framework/system/Database/BaseConnection.php(392): CodeIgniter\Database\MySQLi\Connection->connect()
#2 /var/www/wappbuzz/vendor/codeigniter4/framework/system/Database/BaseConnection.php(575): CodeIgniter\Database\BaseConnection->initialize()
#3 /var/www/wappbuzz/vendor/codeigniter4/framework/system/Database/BaseBuilder.php(1616): CodeIgniter\Database\BaseConnection->query()
#4 /var/www/wappbuzz/app/Helpers/Common_helper.php(1444): CodeIgniter\Database\BaseBuilder->get()
#5 /var/www/wappbuzz/app/Filters/MainFilter.php(57): db_get()
#6 /var/www/wappbuzz/vendor/codeigniter4/framework/system/Filters/Filters.php(184): App\Filters\MainFilter->before()
#7 /var/www/wappbuzz/vendor/codeigniter4/framework/system/CodeIgniter.php(475): CodeIgniter\Filters\Filters->run()
#8 /var/www/wappbuzz/vendor/codeigniter4/framework/system/CodeIgniter.php(361): CodeIgniter\CodeIgniter->handleRequest()
#9 /var/www/wappbuzz/index.php(34): CodeIgniter\CodeIgniter->run()
#10 {main}

Next CodeIgniter\Database\Exceptions\DatabaseException: Too many connections in /var/www/wappbuzz/vendor/codeigniter4/framework/system/Database/MySQLi/Connection.php:229
Stack trace:
#0 /var/www/wappbuzz/vendor/codeigniter4/framework/system/Database/BaseConnection.php(392): CodeIgniter\Database\MySQLi\Connection->connect()
#1 /var/www/wappbuzz/vendor/codeigniter4/framework/system/Database/BaseConnection.php(575): CodeIgniter\Database\BaseConnection->initialize()
#2 /var/www/wappbuzz/vendor/codeigniter4/framework/system/Database/BaseBuilder.php(1616): CodeIgniter\Database\BaseConnection->query()
#3 /var/www/wappbuzz/app/Helpers/Common_helper.php(1444): CodeIgniter\Database\BaseBuilder->get()
#4 /var/www/wappbuzz/app/Filters/MainFilter.php(57): db_get()
#5 /var/www/wappbuzz/vendor/codeigniter4/framework/system/Filters/Filters.php(184): App\Filters\MainFilter->before()
#6 /var/www/wappbuzz/vendor/codeigniter4/framework/system/CodeIgniter.php(475): CodeIgniter\Filters\Filters->run()
#7 /var/www/wappbuzz/vendor/codeigniter4/framework/system/CodeIgniter.php(361): CodeIgniter\CodeIgniter->handleRequest()
#8 /var/www/wappbuzz/index.php(34): CodeIgniter\CodeIgniter->run()
#9 {main}
CRITICAL - 2026-05-19 09:54:08 --> CodeIgniter\Database\Exceptions\DatabaseException: Unable to connect to the database.
Main connection [MySQLi]: Too many connections
in SYSTEMPATH/Database/BaseConnection.php on line 428.
 1 SYSTEMPATH/Database/BaseConnection.php(575): CodeIgniter\Database\BaseConnection->initialize()
 2 SYSTEMPATH/Database/BaseBuilder.php(1616): CodeIgniter\Database\BaseConnection->query()
 3 APPPATH/Helpers/Common_helper.php(1444): CodeIgniter\Database\BaseBuilder->get()
 4 APPPATH/Filters/MainFilter.php(57): db_get()
 5 SYSTEMPATH/Filters/Filters.php(184): App\Filters\MainFilter->before()
 6 SYSTEMPATH/CodeIgniter.php(475): CodeIgniter\Filters\Filters->run()
 7 SYSTEMPATH/CodeIgniter.php(361): CodeIgniter\CodeIgniter->handleRequest()
 8 FCPATH/index.php(34): CodeIgniter\CodeIgniter->run()
ERROR - 2026-05-19 09:54:08 --> Error connecting to the database: mysqli_sql_exception: Too many connections in /var/www/wappbuzz/vendor/codeigniter4/framework/system/Database/MySQLi/Connection.php:185
Stack trace:
#0 /var/www/wappbuzz/vendor/codeigniter4/framework/system/Database/MySQLi/Connection.php(185): mysqli->real_connect()
#1 /var/www/wappbuzz/vendor/codeigniter4/framework/system/Database/BaseConnection.php(392): CodeIgniter\Database\MySQLi\Connection->connect()
#2 /var/www/wappbuzz/vendor/codeigniter4/framework/system/Database/BaseConnection.php(575): CodeIgniter\Database\BaseConnection->initialize()
#3 /var/www/wappbuzz/vendor/codeigniter4/framework/system/Database/BaseBuilder.php(1616): CodeIgniter\Database\BaseConnection->query()
#4 /var/www/wappbuzz/app/Helpers/Common_helper.php(1444): CodeIgniter\Database\BaseBuilder->get()
#5 /var/www/wappbuzz/app/Filters/MainFilter.php(57): db_get()
#6 /var/www/wappbuzz/vendor/codeigniter4/framework/system/Filters/Filters.php(184): App\Filters\MainFilter->before()
#7 /var/www/wappbuzz/vendor/codeigniter4/framework/system/CodeIgniter.php(475): CodeIgniter\Filters\Filters->run()
#8 /var/www/wappbuzz/vendor/codeigniter4/framework/system/CodeIgniter.php(361): CodeIgniter\CodeIgniter->handleRequest()
#9 /var/www/wappbuzz/index.php(34): CodeIgniter\CodeIgniter->run()
#10 {main}

Next CodeIgniter\Database\Exceptions\DatabaseException: Too many connections in /var/www/wappbuzz/vendor/codeigniter4/framework/system/Database/MySQLi/Connection.php:229
Stack trace:
#0 /var/www/wappbuzz/vendor/codeigniter4/framework/system/Database/BaseConnection.php(392): CodeIgniter\Database\MySQLi\Connection->connect()
#1 /var/www/wappbuzz/vendor/codeigniter4/framework/system/Database/BaseConnection.php(575): CodeIgniter\Database\BaseConnection->initialize()
#2 /var/www/wappbuzz/vendor/codeigniter4/framework/system/Database/BaseBuilder.php(1616): CodeIgniter\Database\BaseConnection->query()
#3 /var/www/wappbuzz/app/Helpers/Common_helper.php(1444): CodeIgniter\Database\BaseBuilder->get()
#4 /var/www/wappbuzz/app/Filters/MainFilter.php(57): db_get()
#5 /var/www/wappbuzz/vendor/codeigniter4/framework/system/Filters/Filters.php(184): App\Filters\MainFilter->before()
#6 /var/www/wappbuzz/vendor/codeigniter4/framework/system/CodeIgniter.php(475): CodeIgniter\Filters\Filters->run()
#7 /var/www/wappbuzz/vendor/codeigniter4/framework/system/CodeIgniter.php(361): CodeIgniter\CodeIgniter->handleRequest()
#8 /var/www/wappbuzz/index.php(34): CodeIgniter\CodeIgniter->run()
#9 {main}
CRITICAL - 2026-05-19 09:54:08 --> CodeIgniter\Database\Exceptions\DatabaseException: Unable to connect to the database.
Main connection [MySQLi]: Too many connections
in SYSTEMPATH/Database/BaseConnection.php on line 428.
 1 SYSTEMPATH/Database/BaseConnection.php(575): CodeIgniter\Database\BaseConnection->initialize()
 2 SYSTEMPATH/Database/BaseBuilder.php(1616): CodeIgniter\Database\BaseConnection->query()
 3 APPPATH/Helpers/Common_helper.php(1444): CodeIgniter\Database\BaseBuilder->get()
 4 APPPATH/Filters/MainFilter.php(57): db_get()
 5 SYSTEMPATH/Filters/Filters.php(184): App\Filters\MainFilter->before()
 6 SYSTEMPATH/CodeIgniter.php(475): CodeIgniter\Filters\Filters->run()
 7 SYSTEMPATH/CodeIgniter.php(361): CodeIgniter\CodeIgniter->handleRequest()
 8 FCPATH/index.php(34): CodeIgniter\CodeIgniter->run()
ERROR - 2026-05-19 09:54:09 --> Error connecting to the database: mysqli_sql_exception: Too many connections in /var/www/wappbuzz/vendor/codeigniter4/framework/system/Database/MySQLi/Connection.php:185
Stack trace:
#0 /var/www/wappbuzz/vendor/codeigniter4/framework/system/Database/MySQLi/Connection.php(185): mysqli->real_connect()
#1 /var/www/wappbuzz/vendor/codeigniter4/framework/system/Database/BaseConnection.php(392): CodeIgniter\Database\MySQLi\Connection->connect()
#2 /var/www/wappbuzz/vendor/codeigniter4/framework/system/Database/BaseConnection.php(575): CodeIgniter\Database\BaseConnection->initialize()
#3 /var/www/wappbuzz/vendor/codeigniter4/framework/system/Database/BaseBuilder.php(1616): CodeIgniter\Database\BaseConnection->query()
#4 /var/www/wappbuzz/app/Helpers/Common_helper.php(1444): CodeIgniter\Database\BaseBuilder->get()
#5 /var/www/wappbuzz/app/Filters/MainFilter.php(57): db_get()
#6 /var/www/wappbuzz/vendor/codeigniter4/framework/system/Filters/Filters.php(184): App\Filters\MainFilter->before()
#7 /var/www/wappbuzz/vendor/codeigniter4/framework/system/CodeIgniter.php(475): CodeIgniter\Filters\Filters->run()
#8 /var/www/wappbuzz/vendor/codeigniter4/framework/system/CodeIgniter.php(361): CodeIgniter\CodeIgniter->handleRequest()
#9 /var/www/wappbuzz/index.php(34): CodeIgniter\CodeIgniter->run()
#10 {main}

Next CodeIgniter\Database\Exceptions\DatabaseException: Too many connections in /var/www/wappbuzz/vendor/codeigniter4/framework/system/Database/MySQLi/Connection.php:229
Stack trace:
#0 /var/www/wappbuzz/vendor/codeigniter4/framework/system/Database/BaseConnection.php(392): CodeIgniter\Database\MySQLi\Connection->connect()
#1 /var/www/wappbuzz/vendor/codeigniter4/framework/system/Database/BaseConnection.php(575): CodeIgniter\Database\BaseConnection->initialize()
#2 /var/www/wappbuzz/vendor/codeigniter4/framework/system/Database/BaseBuilder.php(1616): CodeIgniter\Database\BaseConnection->query()
#3 /var/www/wappbuzz/app/Helpers/Common_helper.php(1444): CodeIgniter\Database\BaseBuilder->get()
#4 /var/www/wappbuzz/app/Filters/MainFilter.php(57): db_get()
#5 /var/www/wappbuzz/vendor/codeigniter4/framework/system/Filters/Filters.php(184): App\Filters\MainFilter->before()
#6 /var/www/wappbuzz/vendor/codeigniter4/framework/system/CodeIgniter.php(475): CodeIgniter\Filters\Filters->run()
#7 /var/www/wappbuzz/vendor/codeigniter4/framework/system/CodeIgniter.php(361): CodeIgniter\CodeIgniter->handleRequest()
#8 /var/www/wappbuzz/index.php(34): CodeIgniter\CodeIgniter->run()
#9 {main}
CRITICAL - 2026-05-19 09:54:09 --> CodeIgniter\Database\Exceptions\DatabaseException: Unable to connect to the database.
Main connection [MySQLi]: Too many connections
in SYSTEMPATH/Database/BaseConnection.php on line 428.
 1 SYSTEMPATH/Database/BaseConnection.php(575): CodeIgniter\Database\BaseConnection->initialize()
 2 SYSTEMPATH/Database/BaseBuilder.php(1616): CodeIgniter\Database\BaseConnection->query()
 3 APPPATH/Helpers/Common_helper.php(1444): CodeIgniter\Database\BaseBuilder->get()
 4 APPPATH/Filters/MainFilter.php(57): db_get()
 5 SYSTEMPATH/Filters/Filters.php(184): App\Filters\MainFilter->before()
 6 SYSTEMPATH/CodeIgniter.php(475): CodeIgniter\Filters\Filters->run()
 7 SYSTEMPATH/CodeIgniter.php(361): CodeIgniter\CodeIgniter->handleRequest()
 8 FCPATH/index.php(34): CodeIgniter\CodeIgniter->run()
ERROR - 2026-05-19 09:54:09 --> Error connecting to the database: mysqli_sql_exception: Too many connections in /var/www/wappbuzz/vendor/codeigniter4/framework/system/Database/MySQLi/Connection.php:185
Stack trace:
#0 /var/www/wappbuzz/vendor/codeigniter4/framework/system/Database/MySQLi/Connection.php(185): mysqli->real_connect()
#1 /var/www/wappbuzz/vendor/codeigniter4/framework/system/Database/BaseConnection.php(392): CodeIgniter\Database\MySQLi\Connection->connect()
#2 /var/www/wappbuzz/vendor/codeigniter4/framework/system/Database/BaseConnection.php(575): CodeIgniter\Database\BaseConnection->initialize()
#3 /var/www/wappbuzz/vendor/codeigniter4/framework/system/Database/BaseBuilder.php(1616): CodeIgniter\Database\BaseConnection->query()
#4 /var/www/wappbuzz/app/Helpers/Common_helper.php(1444): CodeIgniter\Database\BaseBuilder->get()
#5 /var/www/wappbuzz/app/Filters/MainFilter.php(57): db_get()
#6 /var/www/wappbuzz/vendor/codeigniter4/framework/system/Filters/Filters.php(184): App\Filters\MainFilter->before()
#7 /var/www/wappbuzz/vendor/codeigniter4/framework/system/CodeIgniter.php(475): CodeIgniter\Filters\Filters->run()
#8 /var/www/wappbuzz/vendor/codeigniter4/framework/system/CodeIgniter.php(361): CodeIgniter\CodeIgniter->handleRequest()
#9 /var/www/wappbuzz/index.php(34): CodeIgniter\CodeIgniter->run()
#10 {main}

Next CodeIgniter\Database\Exceptions\DatabaseException: Too many connections in /var/www/wappbuzz/vendor/codeigniter4/framework/system/Database/MySQLi/Connection.php:229
Stack trace:
#0 /var/www/wappbuzz/vendor/codeigniter4/framework/system/Database/BaseConnection.php(392): CodeIgniter\Database\MySQLi\Connection->connect()
#1 /var/www/wappbuzz/vendor/codeigniter4/framework/system/Database/BaseConnection.php(575): CodeIgniter\Database\BaseConnection->initialize()
#2 /var/www/wappbuzz/vendor/codeigniter4/framework/system/Database/BaseBuilder.php(1616): CodeIgniter\Database\BaseConnection->query()
#3 /var/www/wappbuzz/app/Helpers/Common_helper.php(1444): CodeIgniter\Database\BaseBuilder->get()
#4 /var/www/wappbuzz/app/Filters/MainFilter.php(57): db_get()
#5 /var/www/wappbuzz/vendor/codeigniter4/framework/system/Filters/Filters.php(184): App\Filters\MainFilter->before()
#6 /var/www/wappbuzz/vendor/codeigniter4/framework/system/CodeIgniter.php(475): CodeIgniter\Filters\Filters->run()
#7 /var/www/wappbuzz/vendor/codeigniter4/framework/system/CodeIgniter.php(361): CodeIgniter\CodeIgniter->handleRequest()
#8 /var/www/wappbuzz/index.php(34): CodeIgniter\CodeIgniter->run()
#9 {main}
CRITICAL - 2026-05-19 09:54:09 --> CodeIgniter\Database\Exceptions\DatabaseException: Unable to connect to the database.
Main connection [MySQLi]: Too many connections
in SYSTEMPATH/Database/BaseConnection.php on line 428.
 1 SYSTEMPATH/Database/BaseConnection.php(575): CodeIgniter\Database\BaseConnection->initialize()
 2 SYSTEMPATH/Database/BaseBuilder.php(1616): CodeIgniter\Database\BaseConnection->query()
 3 APPPATH/Helpers/Common_helper.php(1444): CodeIgniter\Database\BaseBuilder->get()
 4 APPPATH/Filters/MainFilter.php(57): db_get()
 5 SYSTEMPATH/Filters/Filters.php(184): App\Filters\MainFilter->before()
 6 SYSTEMPATH/CodeIgniter.php(475): CodeIgniter\Filters\Filters->run()
 7 SYSTEMPATH/CodeIgniter.php(361): CodeIgniter\CodeIgniter->handleRequest()
 8 FCPATH/index.php(34): CodeIgniter\CodeIgniter->run()
ERROR - 2026-05-19 09:54:59 --> Error connecting to the database: mysqli_sql_exception: Too many connections in /var/www/wappbuzz/vendor/codeigniter4/framework/system/Database/MySQLi/Connection.php:185
Stack trace:
#0 /var/www/wappbuzz/vendor/codeigniter4/framework/system/Database/MySQLi/Connection.php(185): mysqli->real_connect()
#1 /var/www/wappbuzz/vendor/codeigniter4/framework/system/Database/BaseConnection.php(392): CodeIgniter\Database\MySQLi\Connection->connect()
#2 /var/www/wappbuzz/vendor/codeigniter4/framework/system/Database/BaseConnection.php(575): CodeIgniter\Database\BaseConnection->initialize()
#3 /var/www/wappbuzz/vendor/codeigniter4/framework/system/Database/BaseBuilder.php(1616): CodeIgniter\Database\BaseConnection->query()
#4 /var/www/wappbuzz/app/Helpers/Common_helper.php(1444): CodeIgniter\Database\BaseBuilder->get()
#5 /var/www/wappbuzz/app/Filters/MainFilter.php(57): db_get()
#6 /var/www/wappbuzz/vendor/codeigniter4/framework/system/Filters/Filters.php(184): App\Filters\MainFilter->before()
#7 /var/www/wappbuzz/vendor/codeigniter4/framework/system/CodeIgniter.php(475): CodeIgniter\Filters\Filters->run()
#8 /var/www/wappbuzz/vendor/codeigniter4/framework/system/CodeIgniter.php(361): CodeIgniter\CodeIgniter->handleRequest()
#9 /var/www/wappbuzz/index.php(34): CodeIgniter\CodeIgniter->run()
#10 {main}

Next CodeIgniter\Database\Exceptions\DatabaseException: Too many connections in /var/www/wappbuzz/vendor/codeigniter4/framework/system/Database/MySQLi/Connection.php:229
Stack trace:
#0 /var/www/wappbuzz/vendor/codeigniter4/framework/system/Database/BaseConnection.php(392): CodeIgniter\Database\MySQLi\Connection->connect()
#1 /var/www/wappbuzz/vendor/codeigniter4/framework/system/Database/BaseConnection.php(575): CodeIgniter\Database\BaseConnection->initialize()
#2 /var/www/wappbuzz/vendor/codeigniter4/framework/system/Database/BaseBuilder.php(1616): CodeIgniter\Database\BaseConnection->query()
#3 /var/www/wappbuzz/app/Helpers/Common_helper.php(1444): CodeIgniter\Database\BaseBuilder->get()
#4 /var/www/wappbuzz/app/Filters/MainFilter.php(57): db_get()
#5 /var/www/wappbuzz/vendor/codeigniter4/framework/system/Filters/Filters.php(184): App\Filters\MainFilter->before()
#6 /var/www/wappbuzz/vendor/codeigniter4/framework/system/CodeIgniter.php(475): CodeIgniter\Filters\Filters->run()
#7 /var/www/wappbuzz/vendor/codeigniter4/framework/system/CodeIgniter.php(361): CodeIgniter\CodeIgniter->handleRequest()
#8 /var/www/wappbuzz/index.php(34): CodeIgniter\CodeIgniter->run()
#9 {main}
CRITICAL - 2026-05-19 09:54:59 --> CodeIgniter\Database\Exceptions\DatabaseException: Unable to connect to the database.
Main connection [MySQLi]: Too many connections
in SYSTEMPATH/Database/BaseConnection.php on line 428.
 1 SYSTEMPATH/Database/BaseConnection.php(575): CodeIgniter\Database\BaseConnection->initialize()
 2 SYSTEMPATH/Database/BaseBuilder.php(1616): CodeIgniter\Database\BaseConnection->query()
 3 APPPATH/Helpers/Common_helper.php(1444): CodeIgniter\Database\BaseBuilder->get()
 4 APPPATH/Filters/MainFilter.php(57): db_get()
 5 SYSTEMPATH/Filters/Filters.php(184): App\Filters\MainFilter->before()
 6 SYSTEMPATH/CodeIgniter.php(475): CodeIgniter\Filters\Filters->run()
 7 SYSTEMPATH/CodeIgniter.php(361): CodeIgniter\CodeIgniter->handleRequest()
 8 FCPATH/index.php(34): CodeIgniter\CodeIgniter->run()
ERROR - 2026-05-19 10:08:09 --> Error connecting to the database: mysqli_sql_exception: Too many connections in /var/www/wappbuzz/vendor/codeigniter4/framework/system/Database/MySQLi/Connection.php:185
Stack trace:
#0 /var/www/wappbuzz/vendor/codeigniter4/framework/system/Database/MySQLi/Connection.php(185): mysqli->real_connect()
#1 /var/www/wappbuzz/vendor/codeigniter4/framework/system/Database/BaseConnection.php(392): CodeIgniter\Database\MySQLi\Connection->connect()
#2 /var/www/wappbuzz/vendor/codeigniter4/framework/system/Database/BaseConnection.php(575): CodeIgniter\Database\BaseConnection->initialize()
#3 /var/www/wappbuzz/vendor/codeigniter4/framework/system/Database/BaseBuilder.php(1616): CodeIgniter\Database\BaseConnection->query()
#4 /var/www/wappbuzz/app/Helpers/Common_helper.php(1444): CodeIgniter\Database\BaseBuilder->get()
#5 /var/www/wappbuzz/app/Helpers/Common_helper.php(1348): db_get()
#6 /var/www/wappbuzz/app/Helpers/Common_helper.php(1793): get_option()
#7 /var/www/wappbuzz/inc/core/Home/Controllers/Home.php(7): parse_config()
#8 /var/www/wappbuzz/vendor/codeigniter4/framework/system/CodeIgniter.php(915): Core\Home\Controllers\Home->__construct()
#9 /var/www/wappbuzz/vendor/codeigniter4/framework/system/CodeIgniter.php(971): CodeIgniter\CodeIgniter->createController()
#10 /var/www/wappbuzz/vendor/codeigniter4/framework/system/CodeIgniter.php(370): CodeIgniter\CodeIgniter->display404errors()
#11 /var/www/wappbuzz/index.php(34): CodeIgniter\CodeIgniter->run()
#12 {main}

Next CodeIgniter\Database\Exceptions\DatabaseException: Too many connections in /var/www/wappbuzz/vendor/codeigniter4/framework/system/Database/MySQLi/Connection.php:229
Stack trace:
#0 /var/www/wappbuzz/vendor/codeigniter4/framework/system/Database/BaseConnection.php(392): CodeIgniter\Database\MySQLi\Connection->connect()
#1 /var/www/wappbuzz/vendor/codeigniter4/framework/system/Database/BaseConnection.php(575): CodeIgniter\Database\BaseConnection->initialize()
#2 /var/www/wappbuzz/vendor/codeigniter4/framework/system/Database/BaseBuilder.php(1616): CodeIgniter\Database\BaseConnection->query()
#3 /var/www/wappbuzz/app/Helpers/Common_helper.php(1444): CodeIgniter\Database\BaseBuilder->get()
#4 /var/www/wappbuzz/app/Helpers/Common_helper.php(1348): db_get()
#5 /var/www/wappbuzz/app/Helpers/Common_helper.php(1793): get_option()
#6 /var/www/wappbuzz/inc/core/Home/Controllers/Home.php(7): parse_config()
#7 /var/www/wappbuzz/vendor/codeigniter4/framework/system/CodeIgniter.php(915): Core\Home\Controllers\Home->__construct()
#8 /var/www/wappbuzz/vendor/codeigniter4/framework/system/CodeIgniter.php(971): CodeIgniter\CodeIgniter->createController()
#9 /var/www/wappbuzz/vendor/codeigniter4/framework/system/CodeIgniter.php(370): CodeIgniter\CodeIgniter->display404errors()
#10 /var/www/wappbuzz/index.php(34): CodeIgniter\CodeIgniter->run()
#11 {main}
CRITICAL - 2026-05-19 10:08:09 --> CodeIgniter\Database\Exceptions\DatabaseException: Unable to connect to the database.
Main connection [MySQLi]: Too many connections
in SYSTEMPATH/Database/BaseConnection.php on line 428.
 1 SYSTEMPATH/Database/BaseConnection.php(575): CodeIgniter\Database\BaseConnection->initialize()
 2 SYSTEMPATH/Database/BaseBuilder.php(1616): CodeIgniter\Database\BaseConnection->query()
 3 APPPATH/Helpers/Common_helper.php(1444): CodeIgniter\Database\BaseBuilder->get()
 4 APPPATH/Helpers/Common_helper.php(1348): db_get()
 5 APPPATH/Helpers/Common_helper.php(1793): get_option()
 6 FCPATH/inc/core/Home/Controllers/Home.php(7): parse_config()
 7 SYSTEMPATH/CodeIgniter.php(915): Core\Home\Controllers\Home->__construct()
 8 SYSTEMPATH/CodeIgniter.php(971): CodeIgniter\CodeIgniter->createController()
 9 SYSTEMPATH/CodeIgniter.php(370): CodeIgniter\CodeIgniter->display404errors()
10 FCPATH/index.php(34): CodeIgniter\CodeIgniter->run()
ERROR - 2026-05-19 10:15:15 --> Error connecting to the database: mysqli_sql_exception: Too many connections in /var/www/wappbuzz/vendor/codeigniter4/framework/system/Database/MySQLi/Connection.php:185
Stack trace:
#0 /var/www/wappbuzz/vendor/codeigniter4/framework/system/Database/MySQLi/Connection.php(185): mysqli->real_connect()
#1 /var/www/wappbuzz/vendor/codeigniter4/framework/system/Database/BaseConnection.php(392): CodeIgniter\Database\MySQLi\Connection->connect()
#2 /var/www/wappbuzz/vendor/codeigniter4/framework/system/Database/BaseConnection.php(575): CodeIgniter\Database\BaseConnection->initialize()
#3 /var/www/wappbuzz/vendor/codeigniter4/framework/system/Database/BaseBuilder.php(1616): CodeIgniter\Database\BaseConnection->query()
#4 /var/www/wappbuzz/app/Helpers/Common_helper.php(1444): CodeIgniter\Database\BaseBuilder->get()
#5 /var/www/wappbuzz/app/Filters/MainFilter.php(57): db_get()
#6 /var/www/wappbuzz/vendor/codeigniter4/framework/system/Filters/Filters.php(184): App\Filters\MainFilter->before()
#7 /var/www/wappbuzz/vendor/codeigniter4/framework/system/CodeIgniter.php(475): CodeIgniter\Filters\Filters->run()
#8 /var/www/wappbuzz/vendor/codeigniter4/framework/system/CodeIgniter.php(361): CodeIgniter\CodeIgniter->handleRequest()
#9 /var/www/wappbuzz/index.php(34): CodeIgniter\CodeIgniter->run()
#10 {main}

Next CodeIgniter\Database\Exceptions\DatabaseException: Too many connections in /var/www/wappbuzz/vendor/codeigniter4/framework/system/Database/MySQLi/Connection.php:229
Stack trace:
#0 /var/www/wappbuzz/vendor/codeigniter4/framework/system/Database/BaseConnection.php(392): CodeIgniter\Database\MySQLi\Connection->connect()
#1 /var/www/wappbuzz/vendor/codeigniter4/framework/system/Database/BaseConnection.php(575): CodeIgniter\Database\BaseConnection->initialize()
#2 /var/www/wappbuzz/vendor/codeigniter4/framework/system/Database/BaseBuilder.php(1616): CodeIgniter\Database\BaseConnection->query()
#3 /var/www/wappbuzz/app/Helpers/Common_helper.php(1444): CodeIgniter\Database\BaseBuilder->get()
#4 /var/www/wappbuzz/app/Filters/MainFilter.php(57): db_get()
#5 /var/www/wappbuzz/vendor/codeigniter4/framework/system/Filters/Filters.php(184): App\Filters\MainFilter->before()
#6 /var/www/wappbuzz/vendor/codeigniter4/framework/system/CodeIgniter.php(475): CodeIgniter\Filters\Filters->run()
#7 /var/www/wappbuzz/vendor/codeigniter4/framework/system/CodeIgniter.php(361): CodeIgniter\CodeIgniter->handleRequest()
#8 /var/www/wappbuzz/index.php(34): CodeIgniter\CodeIgniter->run()
#9 {main}
CRITICAL - 2026-05-19 10:15:15 --> CodeIgniter\Database\Exceptions\DatabaseException: Unable to connect to the database.
Main connection [MySQLi]: Too many connections
in SYSTEMPATH/Database/BaseConnection.php on line 428.
 1 SYSTEMPATH/Database/BaseConnection.php(575): CodeIgniter\Database\BaseConnection->initialize()
 2 SYSTEMPATH/Database/BaseBuilder.php(1616): CodeIgniter\Database\BaseConnection->query()
 3 APPPATH/Helpers/Common_helper.php(1444): CodeIgniter\Database\BaseBuilder->get()
 4 APPPATH/Filters/MainFilter.php(57): db_get()
 5 SYSTEMPATH/Filters/Filters.php(184): App\Filters\MainFilter->before()
 6 SYSTEMPATH/CodeIgniter.php(475): CodeIgniter\Filters\Filters->run()
 7 SYSTEMPATH/CodeIgniter.php(361): CodeIgniter\CodeIgniter->handleRequest()
 8 FCPATH/index.php(34): CodeIgniter\CodeIgniter->run()
ERROR - 2026-05-19 10:34:08 --> Error connecting to the database: mysqli_sql_exception: Too many connections in /var/www/wappbuzz/vendor/codeigniter4/framework/system/Database/MySQLi/Connection.php:185
Stack trace:
#0 /var/www/wappbuzz/vendor/codeigniter4/framework/system/Database/MySQLi/Connection.php(185): mysqli->real_connect()
#1 /var/www/wappbuzz/vendor/codeigniter4/framework/system/Database/BaseConnection.php(392): CodeIgniter\Database\MySQLi\Connection->connect()
#2 /var/www/wappbuzz/vendor/codeigniter4/framework/system/Database/BaseConnection.php(575): CodeIgniter\Database\BaseConnection->initialize()
#3 /var/www/wappbuzz/vendor/codeigniter4/framework/system/Database/BaseBuilder.php(1616): CodeIgniter\Database\BaseConnection->query()
#4 /var/www/wappbuzz/app/Helpers/Common_helper.php(1444): CodeIgniter\Database\BaseBuilder->get()
#5 /var/www/wappbuzz/app/Helpers/Common_helper.php(1348): db_get()
#6 /var/www/wappbuzz/app/Helpers/Common_helper.php(1793): get_option()
#7 /var/www/wappbuzz/inc/core/Home/Controllers/Home.php(7): parse_config()
#8 /var/www/wappbuzz/vendor/codeigniter4/framework/system/CodeIgniter.php(915): Core\Home\Controllers\Home->__construct()
#9 /var/www/wappbuzz/vendor/codeigniter4/framework/system/CodeIgniter.php(971): CodeIgniter\CodeIgniter->createController()
#10 /var/www/wappbuzz/vendor/codeigniter4/framework/system/CodeIgniter.php(370): CodeIgniter\CodeIgniter->display404errors()
#11 /var/www/wappbuzz/index.php(34): CodeIgniter\CodeIgniter->run()
#12 {main}

Next CodeIgniter\Database\Exceptions\DatabaseException: Too many connections in /var/www/wappbuzz/vendor/codeigniter4/framework/system/Database/MySQLi/Connection.php:229
Stack trace:
#0 /var/www/wappbuzz/vendor/codeigniter4/framework/system/Database/BaseConnection.php(392): CodeIgniter\Database\MySQLi\Connection->connect()
#1 /var/www/wappbuzz/vendor/codeigniter4/framework/system/Database/BaseConnection.php(575): CodeIgniter\Database\BaseConnection->initialize()
#2 /var/www/wappbuzz/vendor/codeigniter4/framework/system/Database/BaseBuilder.php(1616): CodeIgniter\Database\BaseConnection->query()
#3 /var/www/wappbuzz/app/Helpers/Common_helper.php(1444): CodeIgniter\Database\BaseBuilder->get()
#4 /var/www/wappbuzz/app/Helpers/Common_helper.php(1348): db_get()
#5 /var/www/wappbuzz/app/Helpers/Common_helper.php(1793): get_option()
#6 /var/www/wappbuzz/inc/core/Home/Controllers/Home.php(7): parse_config()
#7 /var/www/wappbuzz/vendor/codeigniter4/framework/system/CodeIgniter.php(915): Core\Home\Controllers\Home->__construct()
#8 /var/www/wappbuzz/vendor/codeigniter4/framework/system/CodeIgniter.php(971): CodeIgniter\CodeIgniter->createController()
#9 /var/www/wappbuzz/vendor/codeigniter4/framework/system/CodeIgniter.php(370): CodeIgniter\CodeIgniter->display404errors()
#10 /var/www/wappbuzz/index.php(34): CodeIgniter\CodeIgniter->run()
#11 {main}
CRITICAL - 2026-05-19 10:34:08 --> CodeIgniter\Database\Exceptions\DatabaseException: Unable to connect to the database.
Main connection [MySQLi]: Too many connections
in SYSTEMPATH/Database/BaseConnection.php on line 428.
 1 SYSTEMPATH/Database/BaseConnection.php(575): CodeIgniter\Database\BaseConnection->initialize()
 2 SYSTEMPATH/Database/BaseBuilder.php(1616): CodeIgniter\Database\BaseConnection->query()
 3 APPPATH/Helpers/Common_helper.php(1444): CodeIgniter\Database\BaseBuilder->get()
 4 APPPATH/Helpers/Common_helper.php(1348): db_get()
 5 APPPATH/Helpers/Common_helper.php(1793): get_option()
 6 FCPATH/inc/core/Home/Controllers/Home.php(7): parse_config()
 7 SYSTEMPATH/CodeIgniter.php(915): Core\Home\Controllers\Home->__construct()
 8 SYSTEMPATH/CodeIgniter.php(971): CodeIgniter\CodeIgniter->createController()
 9 SYSTEMPATH/CodeIgniter.php(370): CodeIgniter\CodeIgniter->display404errors()
10 FCPATH/index.php(34): CodeIgniter\CodeIgniter->run()
ERROR - 2026-05-19 10:34:14 --> Error connecting to the database: mysqli_sql_exception: Too many connections in /var/www/wappbuzz/vendor/codeigniter4/framework/system/Database/MySQLi/Connection.php:185
Stack trace:
#0 /var/www/wappbuzz/vendor/codeigniter4/framework/system/Database/MySQLi/Connection.php(185): mysqli->real_connect()
#1 /var/www/wappbuzz/vendor/codeigniter4/framework/system/Database/BaseConnection.php(392): CodeIgniter\Database\MySQLi\Connection->connect()
#2 /var/www/wappbuzz/vendor/codeigniter4/framework/system/Database/BaseConnection.php(575): CodeIgniter\Database\BaseConnection->initialize()
#3 /var/www/wappbuzz/vendor/codeigniter4/framework/system/Database/BaseBuilder.php(1616): CodeIgniter\Database\BaseConnection->query()
#4 /var/www/wappbuzz/app/Helpers/Common_helper.php(1444): CodeIgniter\Database\BaseBuilder->get()
#5 /var/www/wappbuzz/app/Filters/MainFilter.php(57): db_get()
#6 /var/www/wappbuzz/vendor/codeigniter4/framework/system/Filters/Filters.php(184): App\Filters\MainFilter->before()
#7 /var/www/wappbuzz/vendor/codeigniter4/framework/system/CodeIgniter.php(475): CodeIgniter\Filters\Filters->run()
#8 /var/www/wappbuzz/vendor/codeigniter4/framework/system/CodeIgniter.php(361): CodeIgniter\CodeIgniter->handleRequest()
#9 /var/www/wappbuzz/index.php(34): CodeIgniter\CodeIgniter->run()
#10 {main}

Next CodeIgniter\Database\Exceptions\DatabaseException: Too many connections in /var/www/wappbuzz/vendor/codeigniter4/framework/system/Database/MySQLi/Connection.php:229
Stack trace:
#0 /var/www/wappbuzz/vendor/codeigniter4/framework/system/Database/BaseConnection.php(392): CodeIgniter\Database\MySQLi\Connection->connect()
#1 /var/www/wappbuzz/vendor/codeigniter4/framework/system/Database/BaseConnection.php(575): CodeIgniter\Database\BaseConnection->initialize()
#2 /var/www/wappbuzz/vendor/codeigniter4/framework/system/Database/BaseBuilder.php(1616): CodeIgniter\Database\BaseConnection->query()
#3 /var/www/wappbuzz/app/Helpers/Common_helper.php(1444): CodeIgniter\Database\BaseBuilder->get()
#4 /var/www/wappbuzz/app/Filters/MainFilter.php(57): db_get()
#5 /var/www/wappbuzz/vendor/codeigniter4/framework/system/Filters/Filters.php(184): App\Filters\MainFilter->before()
#6 /var/www/wappbuzz/vendor/codeigniter4/framework/system/CodeIgniter.php(475): CodeIgniter\Filters\Filters->run()
#7 /var/www/wappbuzz/vendor/codeigniter4/framework/system/CodeIgniter.php(361): CodeIgniter\CodeIgniter->handleRequest()
#8 /var/www/wappbuzz/index.php(34): CodeIgniter\CodeIgniter->run()
#9 {main}
CRITICAL - 2026-05-19 10:34:14 --> CodeIgniter\Database\Exceptions\DatabaseException: Unable to connect to the database.
Main connection [MySQLi]: Too many connections
in SYSTEMPATH/Database/BaseConnection.php on line 428.
 1 SYSTEMPATH/Database/BaseConnection.php(575): CodeIgniter\Database\BaseConnection->initialize()
 2 SYSTEMPATH/Database/BaseBuilder.php(1616): CodeIgniter\Database\BaseConnection->query()
 3 APPPATH/Helpers/Common_helper.php(1444): CodeIgniter\Database\BaseBuilder->get()
 4 APPPATH/Filters/MainFilter.php(57): db_get()
 5 SYSTEMPATH/Filters/Filters.php(184): App\Filters\MainFilter->before()
 6 SYSTEMPATH/CodeIgniter.php(475): CodeIgniter\Filters\Filters->run()
 7 SYSTEMPATH/CodeIgniter.php(361): CodeIgniter\CodeIgniter->handleRequest()
 8 FCPATH/index.php(34): CodeIgniter\CodeIgniter->run()
ERROR - 2026-05-19 10:34:57 --> Error connecting to the database: mysqli_sql_exception: Too many connections in /var/www/wappbuzz/vendor/codeigniter4/framework/system/Database/MySQLi/Connection.php:185
Stack trace:
#0 /var/www/wappbuzz/vendor/codeigniter4/framework/system/Database/MySQLi/Connection.php(185): mysqli->real_connect()
#1 /var/www/wappbuzz/vendor/codeigniter4/framework/system/Database/BaseConnection.php(392): CodeIgniter\Database\MySQLi\Connection->connect()
#2 /var/www/wappbuzz/vendor/codeigniter4/framework/system/Database/BaseConnection.php(575): CodeIgniter\Database\BaseConnection->initialize()
#3 /var/www/wappbuzz/vendor/codeigniter4/framework/system/Database/BaseBuilder.php(1616): CodeIgniter\Database\BaseConnection->query()
#4 /var/www/wappbuzz/app/Helpers/Common_helper.php(1444): CodeIgniter\Database\BaseBuilder->get()
#5 /var/www/wappbuzz/app/Filters/MainFilter.php(57): db_get()
#6 /var/www/wappbuzz/vendor/codeigniter4/framework/system/Filters/Filters.php(184): App\Filters\MainFilter->before()
#7 /var/www/wappbuzz/vendor/codeigniter4/framework/system/CodeIgniter.php(475): CodeIgniter\Filters\Filters->run()
#8 /var/www/wappbuzz/vendor/codeigniter4/framework/system/CodeIgniter.php(361): CodeIgniter\CodeIgniter->handleRequest()
#9 /var/www/wappbuzz/index.php(34): CodeIgniter\CodeIgniter->run()
#10 {main}

Next CodeIgniter\Database\Exceptions\DatabaseException: Too many connections in /var/www/wappbuzz/vendor/codeigniter4/framework/system/Database/MySQLi/Connection.php:229
Stack trace:
#0 /var/www/wappbuzz/vendor/codeigniter4/framework/system/Database/BaseConnection.php(392): CodeIgniter\Database\MySQLi\Connection->connect()
#1 /var/www/wappbuzz/vendor/codeigniter4/framework/system/Database/BaseConnection.php(575): CodeIgniter\Database\BaseConnection->initialize()
#2 /var/www/wappbuzz/vendor/codeigniter4/framework/system/Database/BaseBuilder.php(1616): CodeIgniter\Database\BaseConnection->query()
#3 /var/www/wappbuzz/app/Helpers/Common_helper.php(1444): CodeIgniter\Database\BaseBuilder->get()
#4 /var/www/wappbuzz/app/Filters/MainFilter.php(57): db_get()
#5 /var/www/wappbuzz/vendor/codeigniter4/framework/system/Filters/Filters.php(184): App\Filters\MainFilter->before()
#6 /var/www/wappbuzz/vendor/codeigniter4/framework/system/CodeIgniter.php(475): CodeIgniter\Filters\Filters->run()
#7 /var/www/wappbuzz/vendor/codeigniter4/framework/system/CodeIgniter.php(361): CodeIgniter\CodeIgniter->handleRequest()
#8 /var/www/wappbuzz/index.php(34): CodeIgniter\CodeIgniter->run()
#9 {main}
CRITICAL - 2026-05-19 10:34:57 --> CodeIgniter\Database\Exceptions\DatabaseException: Unable to connect to the database.
Main connection [MySQLi]: Too many connections
in SYSTEMPATH/Database/BaseConnection.php on line 428.
 1 SYSTEMPATH/Database/BaseConnection.php(575): CodeIgniter\Database\BaseConnection->initialize()
 2 SYSTEMPATH/Database/BaseBuilder.php(1616): CodeIgniter\Database\BaseConnection->query()
 3 APPPATH/Helpers/Common_helper.php(1444): CodeIgniter\Database\BaseBuilder->get()
 4 APPPATH/Filters/MainFilter.php(57): db_get()
 5 SYSTEMPATH/Filters/Filters.php(184): App\Filters\MainFilter->before()
 6 SYSTEMPATH/CodeIgniter.php(475): CodeIgniter\Filters\Filters->run()
 7 SYSTEMPATH/CodeIgniter.php(361): CodeIgniter\CodeIgniter->handleRequest()
 8 FCPATH/index.php(34): CodeIgniter\CodeIgniter->run()
ERROR - 2026-05-19 10:56:40 --> Error connecting to the database: mysqli_sql_exception: Too many connections in /var/www/wappbuzz/vendor/codeigniter4/framework/system/Database/MySQLi/Connection.php:185
Stack trace:
#0 /var/www/wappbuzz/vendor/codeigniter4/framework/system/Database/MySQLi/Connection.php(185): mysqli->real_connect()
#1 /var/www/wappbuzz/vendor/codeigniter4/framework/system/Database/BaseConnection.php(392): CodeIgniter\Database\MySQLi\Connection->connect()
#2 /var/www/wappbuzz/vendor/codeigniter4/framework/system/Database/BaseConnection.php(575): CodeIgniter\Database\BaseConnection->initialize()
#3 /var/www/wappbuzz/vendor/codeigniter4/framework/system/Database/BaseBuilder.php(1616): CodeIgniter\Database\BaseConnection->query()
#4 /var/www/wappbuzz/app/Helpers/Common_helper.php(1444): CodeIgniter\Database\BaseBuilder->get()
#5 /var/www/wappbuzz/app/Filters/MainFilter.php(57): db_get()
#6 /var/www/wappbuzz/vendor/codeigniter4/framework/system/Filters/Filters.php(184): App\Filters\MainFilter->before()
#7 /var/www/wappbuzz/vendor/codeigniter4/framework/system/CodeIgniter.php(475): CodeIgniter\Filters\Filters->run()
#8 /var/www/wappbuzz/vendor/codeigniter4/framework/system/CodeIgniter.php(361): CodeIgniter\CodeIgniter->handleRequest()
#9 /var/www/wappbuzz/index.php(34): CodeIgniter\CodeIgniter->run()
#10 {main}

Next CodeIgniter\Database\Exceptions\DatabaseException: Too many connections in /var/www/wappbuzz/vendor/codeigniter4/framework/system/Database/MySQLi/Connection.php:229
Stack trace:
#0 /var/www/wappbuzz/vendor/codeigniter4/framework/system/Database/BaseConnection.php(392): CodeIgniter\Database\MySQLi\Connection->connect()
#1 /var/www/wappbuzz/vendor/codeigniter4/framework/system/Database/BaseConnection.php(575): CodeIgniter\Database\BaseConnection->initialize()
#2 /var/www/wappbuzz/vendor/codeigniter4/framework/system/Database/BaseBuilder.php(1616): CodeIgniter\Database\BaseConnection->query()
#3 /var/www/wappbuzz/app/Helpers/Common_helper.php(1444): CodeIgniter\Database\BaseBuilder->get()
#4 /var/www/wappbuzz/app/Filters/MainFilter.php(57): db_get()
#5 /var/www/wappbuzz/vendor/codeigniter4/framework/system/Filters/Filters.php(184): App\Filters\MainFilter->before()
#6 /var/www/wappbuzz/vendor/codeigniter4/framework/system/CodeIgniter.php(475): CodeIgniter\Filters\Filters->run()
#7 /var/www/wappbuzz/vendor/codeigniter4/framework/system/CodeIgniter.php(361): CodeIgniter\CodeIgniter->handleRequest()
#8 /var/www/wappbuzz/index.php(34): CodeIgniter\CodeIgniter->run()
#9 {main}
CRITICAL - 2026-05-19 10:56:40 --> CodeIgniter\Database\Exceptions\DatabaseException: Unable to connect to the database.
Main connection [MySQLi]: Too many connections
in SYSTEMPATH/Database/BaseConnection.php on line 428.
 1 SYSTEMPATH/Database/BaseConnection.php(575): CodeIgniter\Database\BaseConnection->initialize()
 2 SYSTEMPATH/Database/BaseBuilder.php(1616): CodeIgniter\Database\BaseConnection->query()
 3 APPPATH/Helpers/Common_helper.php(1444): CodeIgniter\Database\BaseBuilder->get()
 4 APPPATH/Filters/MainFilter.php(57): db_get()
 5 SYSTEMPATH/Filters/Filters.php(184): App\Filters\MainFilter->before()
 6 SYSTEMPATH/CodeIgniter.php(475): CodeIgniter\Filters\Filters->run()
 7 SYSTEMPATH/CodeIgniter.php(361): CodeIgniter\CodeIgniter->handleRequest()
 8 FCPATH/index.php(34): CodeIgniter\CodeIgniter->run()
ERROR - 2026-05-19 10:59:44 --> Error connecting to the database: mysqli_sql_exception: Too many connections in /var/www/wappbuzz/vendor/codeigniter4/framework/system/Database/MySQLi/Connection.php:185
Stack trace:
#0 /var/www/wappbuzz/vendor/codeigniter4/framework/system/Database/MySQLi/Connection.php(185): mysqli->real_connect()
#1 /var/www/wappbuzz/vendor/codeigniter4/framework/system/Database/BaseConnection.php(392): CodeIgniter\Database\MySQLi\Connection->connect()
#2 /var/www/wappbuzz/vendor/codeigniter4/framework/system/Database/BaseConnection.php(575): CodeIgniter\Database\BaseConnection->initialize()
#3 /var/www/wappbuzz/vendor/codeigniter4/framework/system/Database/BaseBuilder.php(1616): CodeIgniter\Database\BaseConnection->query()
#4 /var/www/wappbuzz/app/Helpers/Common_helper.php(1444): CodeIgniter\Database\BaseBuilder->get()
#5 /var/www/wappbuzz/app/Helpers/Common_helper.php(1348): db_get()
#6 /var/www/wappbuzz/app/Helpers/Common_helper.php(1793): get_option()
#7 /var/www/wappbuzz/inc/core/Home/Controllers/Home.php(7): parse_config()
#8 /var/www/wappbuzz/vendor/codeigniter4/framework/system/CodeIgniter.php(915): Core\Home\Controllers\Home->__construct()
#9 /var/www/wappbuzz/vendor/codeigniter4/framework/system/CodeIgniter.php(971): CodeIgniter\CodeIgniter->createController()
#10 /var/www/wappbuzz/vendor/codeigniter4/framework/system/CodeIgniter.php(370): CodeIgniter\CodeIgniter->display404errors()
#11 /var/www/wappbuzz/index.php(34): CodeIgniter\CodeIgniter->run()
#12 {main}

Next CodeIgniter\Database\Exceptions\DatabaseException: Too many connections in /var/www/wappbuzz/vendor/codeigniter4/framework/system/Database/MySQLi/Connection.php:229
Stack trace:
#0 /var/www/wappbuzz/vendor/codeigniter4/framework/system/Database/BaseConnection.php(392): CodeIgniter\Database\MySQLi\Connection->connect()
#1 /var/www/wappbuzz/vendor/codeigniter4/framework/system/Database/BaseConnection.php(575): CodeIgniter\Database\BaseConnection->initialize()
#2 /var/www/wappbuzz/vendor/codeigniter4/framework/system/Database/BaseBuilder.php(1616): CodeIgniter\Database\BaseConnection->query()
#3 /var/www/wappbuzz/app/Helpers/Common_helper.php(1444): CodeIgniter\Database\BaseBuilder->get()
#4 /var/www/wappbuzz/app/Helpers/Common_helper.php(1348): db_get()
#5 /var/www/wappbuzz/app/Helpers/Common_helper.php(1793): get_option()
#6 /var/www/wappbuzz/inc/core/Home/Controllers/Home.php(7): parse_config()
#7 /var/www/wappbuzz/vendor/codeigniter4/framework/system/CodeIgniter.php(915): Core\Home\Controllers\Home->__construct()
#8 /var/www/wappbuzz/vendor/codeigniter4/framework/system/CodeIgniter.php(971): CodeIgniter\CodeIgniter->createController()
#9 /var/www/wappbuzz/vendor/codeigniter4/framework/system/CodeIgniter.php(370): CodeIgniter\CodeIgniter->display404errors()
#10 /var/www/wappbuzz/index.php(34): CodeIgniter\CodeIgniter->run()
#11 {main}
CRITICAL - 2026-05-19 10:59:44 --> CodeIgniter\Database\Exceptions\DatabaseException: Unable to connect to the database.
Main connection [MySQLi]: Too many connections
in SYSTEMPATH/Database/BaseConnection.php on line 428.
 1 SYSTEMPATH/Database/BaseConnection.php(575): CodeIgniter\Database\BaseConnection->initialize()
 2 SYSTEMPATH/Database/BaseBuilder.php(1616): CodeIgniter\Database\BaseConnection->query()
 3 APPPATH/Helpers/Common_helper.php(1444): CodeIgniter\Database\BaseBuilder->get()
 4 APPPATH/Helpers/Common_helper.php(1348): db_get()
 5 APPPATH/Helpers/Common_helper.php(1793): get_option()
 6 FCPATH/inc/core/Home/Controllers/Home.php(7): parse_config()
 7 SYSTEMPATH/CodeIgniter.php(915): Core\Home\Controllers\Home->__construct()
 8 SYSTEMPATH/CodeIgniter.php(971): CodeIgniter\CodeIgniter->createController()
 9 SYSTEMPATH/CodeIgniter.php(370): CodeIgniter\CodeIgniter->display404errors()
10 FCPATH/index.php(34): CodeIgniter\CodeIgniter->run()
ERROR - 2026-05-19 11:12:40 --> Error connecting to the database: mysqli_sql_exception: Too many connections in /var/www/wappbuzz/vendor/codeigniter4/framework/system/Database/MySQLi/Connection.php:185
Stack trace:
#0 /var/www/wappbuzz/vendor/codeigniter4/framework/system/Database/MySQLi/Connection.php(185): mysqli->real_connect()
#1 /var/www/wappbuzz/vendor/codeigniter4/framework/system/Database/BaseConnection.php(392): CodeIgniter\Database\MySQLi\Connection->connect()
#2 /var/www/wappbuzz/vendor/codeigniter4/framework/system/Database/BaseConnection.php(575): CodeIgniter\Database\BaseConnection->initialize()
#3 /var/www/wappbuzz/vendor/codeigniter4/framework/system/Database/BaseBuilder.php(1616): CodeIgniter\Database\BaseConnection->query()
#4 /var/www/wappbuzz/app/Helpers/Common_helper.php(1444): CodeIgniter\Database\BaseBuilder->get()
#5 /var/www/wappbuzz/app/Helpers/Common_helper.php(1348): db_get()
#6 /var/www/wappbuzz/app/Helpers/Common_helper.php(1793): get_option()
#7 /var/www/wappbuzz/inc/core/Home/Controllers/Home.php(7): parse_config()
#8 /var/www/wappbuzz/vendor/codeigniter4/framework/system/CodeIgniter.php(915): Core\Home\Controllers\Home->__construct()
#9 /var/www/wappbuzz/vendor/codeigniter4/framework/system/CodeIgniter.php(971): CodeIgniter\CodeIgniter->createController()
#10 /var/www/wappbuzz/vendor/codeigniter4/framework/system/CodeIgniter.php(370): CodeIgniter\CodeIgniter->display404errors()
#11 /var/www/wappbuzz/index.php(34): CodeIgniter\CodeIgniter->run()
#12 {main}

Next CodeIgniter\Database\Exceptions\DatabaseException: Too many connections in /var/www/wappbuzz/vendor/codeigniter4/framework/system/Database/MySQLi/Connection.php:229
Stack trace:
#0 /var/www/wappbuzz/vendor/codeigniter4/framework/system/Database/BaseConnection.php(392): CodeIgniter\Database\MySQLi\Connection->connect()
#1 /var/www/wappbuzz/vendor/codeigniter4/framework/system/Database/BaseConnection.php(575): CodeIgniter\Database\BaseConnection->initialize()
#2 /var/www/wappbuzz/vendor/codeigniter4/framework/system/Database/BaseBuilder.php(1616): CodeIgniter\Database\BaseConnection->query()
#3 /var/www/wappbuzz/app/Helpers/Common_helper.php(1444): CodeIgniter\Database\BaseBuilder->get()
#4 /var/www/wappbuzz/app/Helpers/Common_helper.php(1348): db_get()
#5 /var/www/wappbuzz/app/Helpers/Common_helper.php(1793): get_option()
#6 /var/www/wappbuzz/inc/core/Home/Controllers/Home.php(7): parse_config()
#7 /var/www/wappbuzz/vendor/codeigniter4/framework/system/CodeIgniter.php(915): Core\Home\Controllers\Home->__construct()
#8 /var/www/wappbuzz/vendor/codeigniter4/framework/system/CodeIgniter.php(971): CodeIgniter\CodeIgniter->createController()
#9 /var/www/wappbuzz/vendor/codeigniter4/framework/system/CodeIgniter.php(370): CodeIgniter\CodeIgniter->display404errors()
#10 /var/www/wappbuzz/index.php(34): CodeIgniter\CodeIgniter->run()
#11 {main}
CRITICAL - 2026-05-19 11:12:40 --> CodeIgniter\Database\Exceptions\DatabaseException: Unable to connect to the database.
Main connection [MySQLi]: Too many connections
in SYSTEMPATH/Database/BaseConnection.php on line 428.
 1 SYSTEMPATH/Database/BaseConnection.php(575): CodeIgniter\Database\BaseConnection->initialize()
 2 SYSTEMPATH/Database/BaseBuilder.php(1616): CodeIgniter\Database\BaseConnection->query()
 3 APPPATH/Helpers/Common_helper.php(1444): CodeIgniter\Database\BaseBuilder->get()
 4 APPPATH/Helpers/Common_helper.php(1348): db_get()
 5 APPPATH/Helpers/Common_helper.php(1793): get_option()
 6 FCPATH/inc/core/Home/Controllers/Home.php(7): parse_config()
 7 SYSTEMPATH/CodeIgniter.php(915): Core\Home\Controllers\Home->__construct()
 8 SYSTEMPATH/CodeIgniter.php(971): CodeIgniter\CodeIgniter->createController()
 9 SYSTEMPATH/CodeIgniter.php(370): CodeIgniter\CodeIgniter->display404errors()
10 FCPATH/index.php(34): CodeIgniter\CodeIgniter->run()
ERROR - 2026-05-19 11:26:50 --> Error connecting to the database: mysqli_sql_exception: Too many connections in /var/www/wappbuzz/vendor/codeigniter4/framework/system/Database/MySQLi/Connection.php:185
Stack trace:
#0 /var/www/wappbuzz/vendor/codeigniter4/framework/system/Database/MySQLi/Connection.php(185): mysqli->real_connect()
#1 /var/www/wappbuzz/vendor/codeigniter4/framework/system/Database/BaseConnection.php(392): CodeIgniter\Database\MySQLi\Connection->connect()
#2 /var/www/wappbuzz/vendor/codeigniter4/framework/system/Database/BaseConnection.php(575): CodeIgniter\Database\BaseConnection->initialize()
#3 /var/www/wappbuzz/vendor/codeigniter4/framework/system/Database/BaseBuilder.php(1616): CodeIgniter\Database\BaseConnection->query()
#4 /var/www/wappbuzz/app/Helpers/Common_helper.php(1444): CodeIgniter\Database\BaseBuilder->get()
#5 /var/www/wappbuzz/app/Filters/MainFilter.php(57): db_get()
#6 /var/www/wappbuzz/vendor/codeigniter4/framework/system/Filters/Filters.php(184): App\Filters\MainFilter->before()
#7 /var/www/wappbuzz/vendor/codeigniter4/framework/system/CodeIgniter.php(475): CodeIgniter\Filters\Filters->run()
#8 /var/www/wappbuzz/vendor/codeigniter4/framework/system/CodeIgniter.php(361): CodeIgniter\CodeIgniter->handleRequest()
#9 /var/www/wappbuzz/index.php(34): CodeIgniter\CodeIgniter->run()
#10 {main}

Next CodeIgniter\Database\Exceptions\DatabaseException: Too many connections in /var/www/wappbuzz/vendor/codeigniter4/framework/system/Database/MySQLi/Connection.php:229
Stack trace:
#0 /var/www/wappbuzz/vendor/codeigniter4/framework/system/Database/BaseConnection.php(392): CodeIgniter\Database\MySQLi\Connection->connect()
#1 /var/www/wappbuzz/vendor/codeigniter4/framework/system/Database/BaseConnection.php(575): CodeIgniter\Database\BaseConnection->initialize()
#2 /var/www/wappbuzz/vendor/codeigniter4/framework/system/Database/BaseBuilder.php(1616): CodeIgniter\Database\BaseConnection->query()
#3 /var/www/wappbuzz/app/Helpers/Common_helper.php(1444): CodeIgniter\Database\BaseBuilder->get()
#4 /var/www/wappbuzz/app/Filters/MainFilter.php(57): db_get()
#5 /var/www/wappbuzz/vendor/codeigniter4/framework/system/Filters/Filters.php(184): App\Filters\MainFilter->before()
#6 /var/www/wappbuzz/vendor/codeigniter4/framework/system/CodeIgniter.php(475): CodeIgniter\Filters\Filters->run()
#7 /var/www/wappbuzz/vendor/codeigniter4/framework/system/CodeIgniter.php(361): CodeIgniter\CodeIgniter->handleRequest()
#8 /var/www/wappbuzz/index.php(34): CodeIgniter\CodeIgniter->run()
#9 {main}
CRITICAL - 2026-05-19 11:26:50 --> CodeIgniter\Database\Exceptions\DatabaseException: Unable to connect to the database.
Main connection [MySQLi]: Too many connections
in SYSTEMPATH/Database/BaseConnection.php on line 428.
 1 SYSTEMPATH/Database/BaseConnection.php(575): CodeIgniter\Database\BaseConnection->initialize()
 2 SYSTEMPATH/Database/BaseBuilder.php(1616): CodeIgniter\Database\BaseConnection->query()
 3 APPPATH/Helpers/Common_helper.php(1444): CodeIgniter\Database\BaseBuilder->get()
 4 APPPATH/Filters/MainFilter.php(57): db_get()
 5 SYSTEMPATH/Filters/Filters.php(184): App\Filters\MainFilter->before()
 6 SYSTEMPATH/CodeIgniter.php(475): CodeIgniter\Filters\Filters->run()
 7 SYSTEMPATH/CodeIgniter.php(361): CodeIgniter\CodeIgniter->handleRequest()
 8 FCPATH/index.php(34): CodeIgniter\CodeIgniter->run()
ERROR - 2026-05-19 11:26:50 --> Error connecting to the database: mysqli_sql_exception: Too many connections in /var/www/wappbuzz/vendor/codeigniter4/framework/system/Database/MySQLi/Connection.php:185
Stack trace:
#0 /var/www/wappbuzz/vendor/codeigniter4/framework/system/Database/MySQLi/Connection.php(185): mysqli->real_connect()
#1 /var/www/wappbuzz/vendor/codeigniter4/framework/system/Database/BaseConnection.php(392): CodeIgniter\Database\MySQLi\Connection->connect()
#2 /var/www/wappbuzz/vendor/codeigniter4/framework/system/Database/BaseConnection.php(575): CodeIgniter\Database\BaseConnection->initialize()
#3 /var/www/wappbuzz/vendor/codeigniter4/framework/system/Database/BaseBuilder.php(1616): CodeIgniter\Database\BaseConnection->query()
#4 /var/www/wappbuzz/app/Helpers/Common_helper.php(1444): CodeIgniter\Database\BaseBuilder->get()
#5 /var/www/wappbuzz/app/Helpers/Common_helper.php(1348): db_get()
#6 /var/www/wappbuzz/app/Helpers/Common_helper.php(1793): get_option()
#7 /var/www/wappbuzz/inc/core/Home/Controllers/Home.php(7): parse_config()
#8 /var/www/wappbuzz/vendor/codeigniter4/framework/system/CodeIgniter.php(915): Core\Home\Controllers\Home->__construct()
#9 /var/www/wappbuzz/vendor/codeigniter4/framework/system/CodeIgniter.php(971): CodeIgniter\CodeIgniter->createController()
#10 /var/www/wappbuzz/vendor/codeigniter4/framework/system/CodeIgniter.php(370): CodeIgniter\CodeIgniter->display404errors()
#11 /var/www/wappbuzz/index.php(34): CodeIgniter\CodeIgniter->run()
#12 {main}

Next CodeIgniter\Database\Exceptions\DatabaseException: Too many connections in /var/www/wappbuzz/vendor/codeigniter4/framework/system/Database/MySQLi/Connection.php:229
Stack trace:
#0 /var/www/wappbuzz/vendor/codeigniter4/framework/system/Database/BaseConnection.php(392): CodeIgniter\Database\MySQLi\Connection->connect()
#1 /var/www/wappbuzz/vendor/codeigniter4/framework/system/Database/BaseConnection.php(575): CodeIgniter\Database\BaseConnection->initialize()
#2 /var/www/wappbuzz/vendor/codeigniter4/framework/system/Database/BaseBuilder.php(1616): CodeIgniter\Database\BaseConnection->query()
#3 /var/www/wappbuzz/app/Helpers/Common_helper.php(1444): CodeIgniter\Database\BaseBuilder->get()
#4 /var/www/wappbuzz/app/Helpers/Common_helper.php(1348): db_get()
#5 /var/www/wappbuzz/app/Helpers/Common_helper.php(1793): get_option()
#6 /var/www/wappbuzz/inc/core/Home/Controllers/Home.php(7): parse_config()
#7 /var/www/wappbuzz/vendor/codeigniter4/framework/system/CodeIgniter.php(915): Core\Home\Controllers\Home->__construct()
#8 /var/www/wappbuzz/vendor/codeigniter4/framework/system/CodeIgniter.php(971): CodeIgniter\CodeIgniter->createController()
#9 /var/www/wappbuzz/vendor/codeigniter4/framework/system/CodeIgniter.php(370): CodeIgniter\CodeIgniter->display404errors()
#10 /var/www/wappbuzz/index.php(34): CodeIgniter\CodeIgniter->run()
#11 {main}
CRITICAL - 2026-05-19 11:26:50 --> CodeIgniter\Database\Exceptions\DatabaseException: Unable to connect to the database.
Main connection [MySQLi]: Too many connections
in SYSTEMPATH/Database/BaseConnection.php on line 428.
 1 SYSTEMPATH/Database/BaseConnection.php(575): CodeIgniter\Database\BaseConnection->initialize()
 2 SYSTEMPATH/Database/BaseBuilder.php(1616): CodeIgniter\Database\BaseConnection->query()
 3 APPPATH/Helpers/Common_helper.php(1444): CodeIgniter\Database\BaseBuilder->get()
 4 APPPATH/Helpers/Common_helper.php(1348): db_get()
 5 APPPATH/Helpers/Common_helper.php(1793): get_option()
 6 FCPATH/inc/core/Home/Controllers/Home.php(7): parse_config()
 7 SYSTEMPATH/CodeIgniter.php(915): Core\Home\Controllers\Home->__construct()
 8 SYSTEMPATH/CodeIgniter.php(971): CodeIgniter\CodeIgniter->createController()
 9 SYSTEMPATH/CodeIgniter.php(370): CodeIgniter\CodeIgniter->display404errors()
10 FCPATH/index.php(34): CodeIgniter\CodeIgniter->run()
ERROR - 2026-05-19 11:26:50 --> Error connecting to the database: mysqli_sql_exception: Too many connections in /var/www/wappbuzz/vendor/codeigniter4/framework/system/Database/MySQLi/Connection.php:185
Stack trace:
#0 /var/www/wappbuzz/vendor/codeigniter4/framework/system/Database/MySQLi/Connection.php(185): mysqli->real_connect()
#1 /var/www/wappbuzz/vendor/codeigniter4/framework/system/Database/BaseConnection.php(392): CodeIgniter\Database\MySQLi\Connection->connect()
#2 /var/www/wappbuzz/vendor/codeigniter4/framework/system/Database/BaseConnection.php(575): CodeIgniter\Database\BaseConnection->initialize()
#3 /var/www/wappbuzz/vendor/codeigniter4/framework/system/Database/BaseBuilder.php(1616): CodeIgniter\Database\BaseConnection->query()
#4 /var/www/wappbuzz/app/Helpers/Common_helper.php(1444): CodeIgniter\Database\BaseBuilder->get()
#5 /var/www/wappbuzz/app/Filters/MainFilter.php(57): db_get()
#6 /var/www/wappbuzz/vendor/codeigniter4/framework/system/Filters/Filters.php(184): App\Filters\MainFilter->before()
#7 /var/www/wappbuzz/vendor/codeigniter4/framework/system/CodeIgniter.php(475): CodeIgniter\Filters\Filters->run()
#8 /var/www/wappbuzz/vendor/codeigniter4/framework/system/CodeIgniter.php(361): CodeIgniter\CodeIgniter->handleRequest()
#9 /var/www/wappbuzz/index.php(34): CodeIgniter\CodeIgniter->run()
#10 {main}

Next CodeIgniter\Database\Exceptions\DatabaseException: Too many connections in /var/www/wappbuzz/vendor/codeigniter4/framework/system/Database/MySQLi/Connection.php:229
Stack trace:
#0 /var/www/wappbuzz/vendor/codeigniter4/framework/system/Database/BaseConnection.php(392): CodeIgniter\Database\MySQLi\Connection->connect()
#1 /var/www/wappbuzz/vendor/codeigniter4/framework/system/Database/BaseConnection.php(575): CodeIgniter\Database\BaseConnection->initialize()
#2 /var/www/wappbuzz/vendor/codeigniter4/framework/system/Database/BaseBuilder.php(1616): CodeIgniter\Database\BaseConnection->query()
#3 /var/www/wappbuzz/app/Helpers/Common_helper.php(1444): CodeIgniter\Database\BaseBuilder->get()
#4 /var/www/wappbuzz/app/Filters/MainFilter.php(57): db_get()
#5 /var/www/wappbuzz/vendor/codeigniter4/framework/system/Filters/Filters.php(184): App\Filters\MainFilter->before()
#6 /var/www/wappbuzz/vendor/codeigniter4/framework/system/CodeIgniter.php(475): CodeIgniter\Filters\Filters->run()
#7 /var/www/wappbuzz/vendor/codeigniter4/framework/system/CodeIgniter.php(361): CodeIgniter\CodeIgniter->handleRequest()
#8 /var/www/wappbuzz/index.php(34): CodeIgniter\CodeIgniter->run()
#9 {main}
CRITICAL - 2026-05-19 11:26:50 --> CodeIgniter\Database\Exceptions\DatabaseException: Unable to connect to the database.
Main connection [MySQLi]: Too many connections
in SYSTEMPATH/Database/BaseConnection.php on line 428.
 1 SYSTEMPATH/Database/BaseConnection.php(575): CodeIgniter\Database\BaseConnection->initialize()
 2 SYSTEMPATH/Database/BaseBuilder.php(1616): CodeIgniter\Database\BaseConnection->query()
 3 APPPATH/Helpers/Common_helper.php(1444): CodeIgniter\Database\BaseBuilder->get()
 4 APPPATH/Filters/MainFilter.php(57): db_get()
 5 SYSTEMPATH/Filters/Filters.php(184): App\Filters\MainFilter->before()
 6 SYSTEMPATH/CodeIgniter.php(475): CodeIgniter\Filters\Filters->run()
 7 SYSTEMPATH/CodeIgniter.php(361): CodeIgniter\CodeIgniter->handleRequest()
 8 FCPATH/index.php(34): CodeIgniter\CodeIgniter->run()
ERROR - 2026-05-19 11:26:50 --> Error connecting to the database: mysqli_sql_exception: Too many connections in /var/www/wappbuzz/vendor/codeigniter4/framework/system/Database/MySQLi/Connection.php:185
Stack trace:
#0 /var/www/wappbuzz/vendor/codeigniter4/framework/system/Database/MySQLi/Connection.php(185): mysqli->real_connect()
#1 /var/www/wappbuzz/vendor/codeigniter4/framework/system/Database/BaseConnection.php(392): CodeIgniter\Database\MySQLi\Connection->connect()
#2 /var/www/wappbuzz/vendor/codeigniter4/framework/system/Database/BaseConnection.php(575): CodeIgniter\Database\BaseConnection->initialize()
#3 /var/www/wappbuzz/vendor/codeigniter4/framework/system/Database/BaseBuilder.php(1616): CodeIgniter\Database\BaseConnection->query()
#4 /var/www/wappbuzz/app/Helpers/Common_helper.php(1444): CodeIgniter\Database\BaseBuilder->get()
#5 /var/www/wappbuzz/app/Helpers/Common_helper.php(1348): db_get()
#6 /var/www/wappbuzz/app/Helpers/Common_helper.php(1793): get_option()
#7 /var/www/wappbuzz/inc/core/Home/Controllers/Home.php(7): parse_config()
#8 /var/www/wappbuzz/vendor/codeigniter4/framework/system/CodeIgniter.php(915): Core\Home\Controllers\Home->__construct()
#9 /var/www/wappbuzz/vendor/codeigniter4/framework/system/CodeIgniter.php(971): CodeIgniter\CodeIgniter->createController()
#10 /var/www/wappbuzz/vendor/codeigniter4/framework/system/CodeIgniter.php(370): CodeIgniter\CodeIgniter->display404errors()
#11 /var/www/wappbuzz/index.php(34): CodeIgniter\CodeIgniter->run()
#12 {main}

Next CodeIgniter\Database\Exceptions\DatabaseException: Too many connections in /var/www/wappbuzz/vendor/codeigniter4/framework/system/Database/MySQLi/Connection.php:229
Stack trace:
#0 /var/www/wappbuzz/vendor/codeigniter4/framework/system/Database/BaseConnection.php(392): CodeIgniter\Database\MySQLi\Connection->connect()
#1 /var/www/wappbuzz/vendor/codeigniter4/framework/system/Database/BaseConnection.php(575): CodeIgniter\Database\BaseConnection->initialize()
#2 /var/www/wappbuzz/vendor/codeigniter4/framework/system/Database/BaseBuilder.php(1616): CodeIgniter\Database\BaseConnection->query()
#3 /var/www/wappbuzz/app/Helpers/Common_helper.php(1444): CodeIgniter\Database\BaseBuilder->get()
#4 /var/www/wappbuzz/app/Helpers/Common_helper.php(1348): db_get()
#5 /var/www/wappbuzz/app/Helpers/Common_helper.php(1793): get_option()
#6 /var/www/wappbuzz/inc/core/Home/Controllers/Home.php(7): parse_config()
#7 /var/www/wappbuzz/vendor/codeigniter4/framework/system/CodeIgniter.php(915): Core\Home\Controllers\Home->__construct()
#8 /var/www/wappbuzz/vendor/codeigniter4/framework/system/CodeIgniter.php(971): CodeIgniter\CodeIgniter->createController()
#9 /var/www/wappbuzz/vendor/codeigniter4/framework/system/CodeIgniter.php(370): CodeIgniter\CodeIgniter->display404errors()
#10 /var/www/wappbuzz/index.php(34): CodeIgniter\CodeIgniter->run()
#11 {main}
CRITICAL - 2026-05-19 11:26:50 --> CodeIgniter\Database\Exceptions\DatabaseException: Unable to connect to the database.
Main connection [MySQLi]: Too many connections
in SYSTEMPATH/Database/BaseConnection.php on line 428.
 1 SYSTEMPATH/Database/BaseConnection.php(575): CodeIgniter\Database\BaseConnection->initialize()
 2 SYSTEMPATH/Database/BaseBuilder.php(1616): CodeIgniter\Database\BaseConnection->query()
 3 APPPATH/Helpers/Common_helper.php(1444): CodeIgniter\Database\BaseBuilder->get()
 4 APPPATH/Helpers/Common_helper.php(1348): db_get()
 5 APPPATH/Helpers/Common_helper.php(1793): get_option()
 6 FCPATH/inc/core/Home/Controllers/Home.php(7): parse_config()
 7 SYSTEMPATH/CodeIgniter.php(915): Core\Home\Controllers\Home->__construct()
 8 SYSTEMPATH/CodeIgniter.php(971): CodeIgniter\CodeIgniter->createController()
 9 SYSTEMPATH/CodeIgniter.php(370): CodeIgniter\CodeIgniter->display404errors()
10 FCPATH/index.php(34): CodeIgniter\CodeIgniter->run()
ERROR - 2026-05-19 11:26:50 --> Error connecting to the database: mysqli_sql_exception: Too many connections in /var/www/wappbuzz/vendor/codeigniter4/framework/system/Database/MySQLi/Connection.php:185
Stack trace:
#0 /var/www/wappbuzz/vendor/codeigniter4/framework/system/Database/MySQLi/Connection.php(185): mysqli->real_connect()
#1 /var/www/wappbuzz/vendor/codeigniter4/framework/system/Database/BaseConnection.php(392): CodeIgniter\Database\MySQLi\Connection->connect()
#2 /var/www/wappbuzz/vendor/codeigniter4/framework/system/Database/BaseConnection.php(575): CodeIgniter\Database\BaseConnection->initialize()
#3 /var/www/wappbuzz/vendor/codeigniter4/framework/system/Database/BaseBuilder.php(1616): CodeIgniter\Database\BaseConnection->query()
#4 /var/www/wappbuzz/app/Helpers/Common_helper.php(1444): CodeIgniter\Database\BaseBuilder->get()
#5 /var/www/wappbuzz/app/Filters/MainFilter.php(57): db_get()
#6 /var/www/wappbuzz/vendor/codeigniter4/framework/system/Filters/Filters.php(184): App\Filters\MainFilter->before()
#7 /var/www/wappbuzz/vendor/codeigniter4/framework/system/CodeIgniter.php(475): CodeIgniter\Filters\Filters->run()
#8 /var/www/wappbuzz/vendor/codeigniter4/framework/system/CodeIgniter.php(361): CodeIgniter\CodeIgniter->handleRequest()
#9 /var/www/wappbuzz/index.php(34): CodeIgniter\CodeIgniter->run()
#10 {main}

Next CodeIgniter\Database\Exceptions\DatabaseException: Too many connections in /var/www/wappbuzz/vendor/codeigniter4/framework/system/Database/MySQLi/Connection.php:229
Stack trace:
#0 /var/www/wappbuzz/vendor/codeigniter4/framework/system/Database/BaseConnection.php(392): CodeIgniter\Database\MySQLi\Connection->connect()
#1 /var/www/wappbuzz/vendor/codeigniter4/framework/system/Database/BaseConnection.php(575): CodeIgniter\Database\BaseConnection->initialize()
#2 /var/www/wappbuzz/vendor/codeigniter4/framework/system/Database/BaseBuilder.php(1616): CodeIgniter\Database\BaseConnection->query()
#3 /var/www/wappbuzz/app/Helpers/Common_helper.php(1444): CodeIgniter\Database\BaseBuilder->get()
#4 /var/www/wappbuzz/app/Filters/MainFilter.php(57): db_get()
#5 /var/www/wappbuzz/vendor/codeigniter4/framework/system/Filters/Filters.php(184): App\Filters\MainFilter->before()
#6 /var/www/wappbuzz/vendor/codeigniter4/framework/system/CodeIgniter.php(475): CodeIgniter\Filters\Filters->run()
#7 /var/www/wappbuzz/vendor/codeigniter4/framework/system/CodeIgniter.php(361): CodeIgniter\CodeIgniter->handleRequest()
#8 /var/www/wappbuzz/index.php(34): CodeIgniter\CodeIgniter->run()
#9 {main}
CRITICAL - 2026-05-19 11:26:50 --> CodeIgniter\Database\Exceptions\DatabaseException: Unable to connect to the database.
Main connection [MySQLi]: Too many connections
in SYSTEMPATH/Database/BaseConnection.php on line 428.
 1 SYSTEMPATH/Database/BaseConnection.php(575): CodeIgniter\Database\BaseConnection->initialize()
 2 SYSTEMPATH/Database/BaseBuilder.php(1616): CodeIgniter\Database\BaseConnection->query()
 3 APPPATH/Helpers/Common_helper.php(1444): CodeIgniter\Database\BaseBuilder->get()
 4 APPPATH/Filters/MainFilter.php(57): db_get()
 5 SYSTEMPATH/Filters/Filters.php(184): App\Filters\MainFilter->before()
 6 SYSTEMPATH/CodeIgniter.php(475): CodeIgniter\Filters\Filters->run()
 7 SYSTEMPATH/CodeIgniter.php(361): CodeIgniter\CodeIgniter->handleRequest()
 8 FCPATH/index.php(34): CodeIgniter\CodeIgniter->run()
ERROR - 2026-05-19 11:26:50 --> Error connecting to the database: mysqli_sql_exception: Too many connections in /var/www/wappbuzz/vendor/codeigniter4/framework/system/Database/MySQLi/Connection.php:185
Stack trace:
#0 /var/www/wappbuzz/vendor/codeigniter4/framework/system/Database/MySQLi/Connection.php(185): mysqli->real_connect()
#1 /var/www/wappbuzz/vendor/codeigniter4/framework/system/Database/BaseConnection.php(392): CodeIgniter\Database\MySQLi\Connection->connect()
#2 /var/www/wappbuzz/vendor/codeigniter4/framework/system/Database/BaseConnection.php(575): CodeIgniter\Database\BaseConnection->initialize()
#3 /var/www/wappbuzz/vendor/codeigniter4/framework/system/Database/BaseBuilder.php(1616): CodeIgniter\Database\BaseConnection->query()
#4 /var/www/wappbuzz/app/Helpers/Common_helper.php(1444): CodeIgniter\Database\BaseBuilder->get()
#5 /var/www/wappbuzz/app/Helpers/Common_helper.php(1348): db_get()
#6 /var/www/wappbuzz/app/Helpers/Common_helper.php(1793): get_option()
#7 /var/www/wappbuzz/inc/core/Home/Controllers/Home.php(7): parse_config()
#8 /var/www/wappbuzz/vendor/codeigniter4/framework/system/CodeIgniter.php(915): Core\Home\Controllers\Home->__construct()
#9 /var/www/wappbuzz/vendor/codeigniter4/framework/system/CodeIgniter.php(971): CodeIgniter\CodeIgniter->createController()
#10 /var/www/wappbuzz/vendor/codeigniter4/framework/system/CodeIgniter.php(370): CodeIgniter\CodeIgniter->display404errors()
#11 /var/www/wappbuzz/index.php(34): CodeIgniter\CodeIgniter->run()
#12 {main}

Next CodeIgniter\Database\Exceptions\DatabaseException: Too many connections in /var/www/wappbuzz/vendor/codeigniter4/framework/system/Database/MySQLi/Connection.php:229
Stack trace:
#0 /var/www/wappbuzz/vendor/codeigniter4/framework/system/Database/BaseConnection.php(392): CodeIgniter\Database\MySQLi\Connection->connect()
#1 /var/www/wappbuzz/vendor/codeigniter4/framework/system/Database/BaseConnection.php(575): CodeIgniter\Database\BaseConnection->initialize()
#2 /var/www/wappbuzz/vendor/codeigniter4/framework/system/Database/BaseBuilder.php(1616): CodeIgniter\Database\BaseConnection->query()
#3 /var/www/wappbuzz/app/Helpers/Common_helper.php(1444): CodeIgniter\Database\BaseBuilder->get()
#4 /var/www/wappbuzz/app/Helpers/Common_helper.php(1348): db_get()
#5 /var/www/wappbuzz/app/Helpers/Common_helper.php(1793): get_option()
#6 /var/www/wappbuzz/inc/core/Home/Controllers/Home.php(7): parse_config()
#7 /var/www/wappbuzz/vendor/codeigniter4/framework/system/CodeIgniter.php(915): Core\Home\Controllers\Home->__construct()
#8 /var/www/wappbuzz/vendor/codeigniter4/framework/system/CodeIgniter.php(971): CodeIgniter\CodeIgniter->createController()
#9 /var/www/wappbuzz/vendor/codeigniter4/framework/system/CodeIgniter.php(370): CodeIgniter\CodeIgniter->display404errors()
#10 /var/www/wappbuzz/index.php(34): CodeIgniter\CodeIgniter->run()
#11 {main}
CRITICAL - 2026-05-19 11:26:50 --> CodeIgniter\Database\Exceptions\DatabaseException: Unable to connect to the database.
Main connection [MySQLi]: Too many connections
in SYSTEMPATH/Database/BaseConnection.php on line 428.
 1 SYSTEMPATH/Database/BaseConnection.php(575): CodeIgniter\Database\BaseConnection->initialize()
 2 SYSTEMPATH/Database/BaseBuilder.php(1616): CodeIgniter\Database\BaseConnection->query()
 3 APPPATH/Helpers/Common_helper.php(1444): CodeIgniter\Database\BaseBuilder->get()
 4 APPPATH/Helpers/Common_helper.php(1348): db_get()
 5 APPPATH/Helpers/Common_helper.php(1793): get_option()
 6 FCPATH/inc/core/Home/Controllers/Home.php(7): parse_config()
 7 SYSTEMPATH/CodeIgniter.php(915): Core\Home\Controllers\Home->__construct()
 8 SYSTEMPATH/CodeIgniter.php(971): CodeIgniter\CodeIgniter->createController()
 9 SYSTEMPATH/CodeIgniter.php(370): CodeIgniter\CodeIgniter->display404errors()
10 FCPATH/index.php(34): CodeIgniter\CodeIgniter->run()
ERROR - 2026-05-19 11:26:51 --> Error connecting to the database: mysqli_sql_exception: Too many connections in /var/www/wappbuzz/vendor/codeigniter4/framework/system/Database/MySQLi/Connection.php:185
Stack trace:
#0 /var/www/wappbuzz/vendor/codeigniter4/framework/system/Database/MySQLi/Connection.php(185): mysqli->real_connect()
#1 /var/www/wappbuzz/vendor/codeigniter4/framework/system/Database/BaseConnection.php(392): CodeIgniter\Database\MySQLi\Connection->connect()
#2 /var/www/wappbuzz/vendor/codeigniter4/framework/system/Database/BaseConnection.php(575): CodeIgniter\Database\BaseConnection->initialize()
#3 /var/www/wappbuzz/vendor/codeigniter4/framework/system/Database/BaseBuilder.php(1616): CodeIgniter\Database\BaseConnection->query()
#4 /var/www/wappbuzz/app/Helpers/Common_helper.php(1444): CodeIgniter\Database\BaseBuilder->get()
#5 /var/www/wappbuzz/app/Filters/MainFilter.php(57): db_get()
#6 /var/www/wappbuzz/vendor/codeigniter4/framework/system/Filters/Filters.php(184): App\Filters\MainFilter->before()
#7 /var/www/wappbuzz/vendor/codeigniter4/framework/system/CodeIgniter.php(475): CodeIgniter\Filters\Filters->run()
#8 /var/www/wappbuzz/vendor/codeigniter4/framework/system/CodeIgniter.php(361): CodeIgniter\CodeIgniter->handleRequest()
#9 /var/www/wappbuzz/index.php(34): CodeIgniter\CodeIgniter->run()
#10 {main}

Next CodeIgniter\Database\Exceptions\DatabaseException: Too many connections in /var/www/wappbuzz/vendor/codeigniter4/framework/system/Database/MySQLi/Connection.php:229
Stack trace:
#0 /var/www/wappbuzz/vendor/codeigniter4/framework/system/Database/BaseConnection.php(392): CodeIgniter\Database\MySQLi\Connection->connect()
#1 /var/www/wappbuzz/vendor/codeigniter4/framework/system/Database/BaseConnection.php(575): CodeIgniter\Database\BaseConnection->initialize()
#2 /var/www/wappbuzz/vendor/codeigniter4/framework/system/Database/BaseBuilder.php(1616): CodeIgniter\Database\BaseConnection->query()
#3 /var/www/wappbuzz/app/Helpers/Common_helper.php(1444): CodeIgniter\Database\BaseBuilder->get()
#4 /var/www/wappbuzz/app/Filters/MainFilter.php(57): db_get()
#5 /var/www/wappbuzz/vendor/codeigniter4/framework/system/Filters/Filters.php(184): App\Filters\MainFilter->before()
#6 /var/www/wappbuzz/vendor/codeigniter4/framework/system/CodeIgniter.php(475): CodeIgniter\Filters\Filters->run()
#7 /var/www/wappbuzz/vendor/codeigniter4/framework/system/CodeIgniter.php(361): CodeIgniter\CodeIgniter->handleRequest()
#8 /var/www/wappbuzz/index.php(34): CodeIgniter\CodeIgniter->run()
#9 {main}
CRITICAL - 2026-05-19 11:26:51 --> CodeIgniter\Database\Exceptions\DatabaseException: Unable to connect to the database.
Main connection [MySQLi]: Too many connections
in SYSTEMPATH/Database/BaseConnection.php on line 428.
 1 SYSTEMPATH/Database/BaseConnection.php(575): CodeIgniter\Database\BaseConnection->initialize()
 2 SYSTEMPATH/Database/BaseBuilder.php(1616): CodeIgniter\Database\BaseConnection->query()
 3 APPPATH/Helpers/Common_helper.php(1444): CodeIgniter\Database\BaseBuilder->get()
 4 APPPATH/Filters/MainFilter.php(57): db_get()
 5 SYSTEMPATH/Filters/Filters.php(184): App\Filters\MainFilter->before()
 6 SYSTEMPATH/CodeIgniter.php(475): CodeIgniter\Filters\Filters->run()
 7 SYSTEMPATH/CodeIgniter.php(361): CodeIgniter\CodeIgniter->handleRequest()
 8 FCPATH/index.php(34): CodeIgniter\CodeIgniter->run()
ERROR - 2026-05-19 11:26:51 --> Error connecting to the database: mysqli_sql_exception: Too many connections in /var/www/wappbuzz/vendor/codeigniter4/framework/system/Database/MySQLi/Connection.php:185
Stack trace:
#0 /var/www/wappbuzz/vendor/codeigniter4/framework/system/Database/MySQLi/Connection.php(185): mysqli->real_connect()
#1 /var/www/wappbuzz/vendor/codeigniter4/framework/system/Database/BaseConnection.php(392): CodeIgniter\Database\MySQLi\Connection->connect()
#2 /var/www/wappbuzz/vendor/codeigniter4/framework/system/Database/BaseConnection.php(575): CodeIgniter\Database\BaseConnection->initialize()
#3 /var/www/wappbuzz/vendor/codeigniter4/framework/system/Database/BaseBuilder.php(1616): CodeIgniter\Database\BaseConnection->query()
#4 /var/www/wappbuzz/app/Helpers/Common_helper.php(1444): CodeIgniter\Database\BaseBuilder->get()
#5 /var/www/wappbuzz/app/Filters/MainFilter.php(57): db_get()
#6 /var/www/wappbuzz/vendor/codeigniter4/framework/system/Filters/Filters.php(184): App\Filters\MainFilter->before()
#7 /var/www/wappbuzz/vendor/codeigniter4/framework/system/CodeIgniter.php(475): CodeIgniter\Filters\Filters->run()
#8 /var/www/wappbuzz/vendor/codeigniter4/framework/system/CodeIgniter.php(361): CodeIgniter\CodeIgniter->handleRequest()
#9 /var/www/wappbuzz/index.php(34): CodeIgniter\CodeIgniter->run()
#10 {main}

Next CodeIgniter\Database\Exceptions\DatabaseException: Too many connections in /var/www/wappbuzz/vendor/codeigniter4/framework/system/Database/MySQLi/Connection.php:229
Stack trace:
#0 /var/www/wappbuzz/vendor/codeigniter4/framework/system/Database/BaseConnection.php(392): CodeIgniter\Database\MySQLi\Connection->connect()
#1 /var/www/wappbuzz/vendor/codeigniter4/framework/system/Database/BaseConnection.php(575): CodeIgniter\Database\BaseConnection->initialize()
#2 /var/www/wappbuzz/vendor/codeigniter4/framework/system/Database/BaseBuilder.php(1616): CodeIgniter\Database\BaseConnection->query()
#3 /var/www/wappbuzz/app/Helpers/Common_helper.php(1444): CodeIgniter\Database\BaseBuilder->get()
#4 /var/www/wappbuzz/app/Filters/MainFilter.php(57): db_get()
#5 /var/www/wappbuzz/vendor/codeigniter4/framework/system/Filters/Filters.php(184): App\Filters\MainFilter->before()
#6 /var/www/wappbuzz/vendor/codeigniter4/framework/system/CodeIgniter.php(475): CodeIgniter\Filters\Filters->run()
#7 /var/www/wappbuzz/vendor/codeigniter4/framework/system/CodeIgniter.php(361): CodeIgniter\CodeIgniter->handleRequest()
#8 /var/www/wappbuzz/index.php(34): CodeIgniter\CodeIgniter->run()
#9 {main}
CRITICAL - 2026-05-19 11:26:51 --> CodeIgniter\Database\Exceptions\DatabaseException: Unable to connect to the database.
Main connection [MySQLi]: Too many connections
in SYSTEMPATH/Database/BaseConnection.php on line 428.
 1 SYSTEMPATH/Database/BaseConnection.php(575): CodeIgniter\Database\BaseConnection->initialize()
 2 SYSTEMPATH/Database/BaseBuilder.php(1616): CodeIgniter\Database\BaseConnection->query()
 3 APPPATH/Helpers/Common_helper.php(1444): CodeIgniter\Database\BaseBuilder->get()
 4 APPPATH/Filters/MainFilter.php(57): db_get()
 5 SYSTEMPATH/Filters/Filters.php(184): App\Filters\MainFilter->before()
 6 SYSTEMPATH/CodeIgniter.php(475): CodeIgniter\Filters\Filters->run()
 7 SYSTEMPATH/CodeIgniter.php(361): CodeIgniter\CodeIgniter->handleRequest()
 8 FCPATH/index.php(34): CodeIgniter\CodeIgniter->run()
ERROR - 2026-05-19 11:26:51 --> Error connecting to the database: mysqli_sql_exception: Too many connections in /var/www/wappbuzz/vendor/codeigniter4/framework/system/Database/MySQLi/Connection.php:185
Stack trace:
#0 /var/www/wappbuzz/vendor/codeigniter4/framework/system/Database/MySQLi/Connection.php(185): mysqli->real_connect()
#1 /var/www/wappbuzz/vendor/codeigniter4/framework/system/Database/BaseConnection.php(392): CodeIgniter\Database\MySQLi\Connection->connect()
#2 /var/www/wappbuzz/vendor/codeigniter4/framework/system/Database/BaseConnection.php(575): CodeIgniter\Database\BaseConnection->initialize()
#3 /var/www/wappbuzz/vendor/codeigniter4/framework/system/Database/BaseBuilder.php(1616): CodeIgniter\Database\BaseConnection->query()
#4 /var/www/wappbuzz/app/Helpers/Common_helper.php(1444): CodeIgniter\Database\BaseBuilder->get()
#5 /var/www/wappbuzz/app/Helpers/Common_helper.php(1348): db_get()
#6 /var/www/wappbuzz/app/Helpers/Common_helper.php(1793): get_option()
#7 /var/www/wappbuzz/inc/core/Home/Controllers/Home.php(7): parse_config()
#8 /var/www/wappbuzz/vendor/codeigniter4/framework/system/CodeIgniter.php(915): Core\Home\Controllers\Home->__construct()
#9 /var/www/wappbuzz/vendor/codeigniter4/framework/system/CodeIgniter.php(971): CodeIgniter\CodeIgniter->createController()
#10 /var/www/wappbuzz/vendor/codeigniter4/framework/system/CodeIgniter.php(370): CodeIgniter\CodeIgniter->display404errors()
#11 /var/www/wappbuzz/index.php(34): CodeIgniter\CodeIgniter->run()
#12 {main}

Next CodeIgniter\Database\Exceptions\DatabaseException: Too many connections in /var/www/wappbuzz/vendor/codeigniter4/framework/system/Database/MySQLi/Connection.php:229
Stack trace:
#0 /var/www/wappbuzz/vendor/codeigniter4/framework/system/Database/BaseConnection.php(392): CodeIgniter\Database\MySQLi\Connection->connect()
#1 /var/www/wappbuzz/vendor/codeigniter4/framework/system/Database/BaseConnection.php(575): CodeIgniter\Database\BaseConnection->initialize()
#2 /var/www/wappbuzz/vendor/codeigniter4/framework/system/Database/BaseBuilder.php(1616): CodeIgniter\Database\BaseConnection->query()
#3 /var/www/wappbuzz/app/Helpers/Common_helper.php(1444): CodeIgniter\Database\BaseBuilder->get()
#4 /var/www/wappbuzz/app/Helpers/Common_helper.php(1348): db_get()
#5 /var/www/wappbuzz/app/Helpers/Common_helper.php(1793): get_option()
#6 /var/www/wappbuzz/inc/core/Home/Controllers/Home.php(7): parse_config()
#7 /var/www/wappbuzz/vendor/codeigniter4/framework/system/CodeIgniter.php(915): Core\Home\Controllers\Home->__construct()
#8 /var/www/wappbuzz/vendor/codeigniter4/framework/system/CodeIgniter.php(971): CodeIgniter\CodeIgniter->createController()
#9 /var/www/wappbuzz/vendor/codeigniter4/framework/system/CodeIgniter.php(370): CodeIgniter\CodeIgniter->display404errors()
#10 /var/www/wappbuzz/index.php(34): CodeIgniter\CodeIgniter->run()
#11 {main}
CRITICAL - 2026-05-19 11:26:51 --> CodeIgniter\Database\Exceptions\DatabaseException: Unable to connect to the database.
Main connection [MySQLi]: Too many connections
in SYSTEMPATH/Database/BaseConnection.php on line 428.
 1 SYSTEMPATH/Database/BaseConnection.php(575): CodeIgniter\Database\BaseConnection->initialize()
 2 SYSTEMPATH/Database/BaseBuilder.php(1616): CodeIgniter\Database\BaseConnection->query()
 3 APPPATH/Helpers/Common_helper.php(1444): CodeIgniter\Database\BaseBuilder->get()
 4 APPPATH/Helpers/Common_helper.php(1348): db_get()
 5 APPPATH/Helpers/Common_helper.php(1793): get_option()
 6 FCPATH/inc/core/Home/Controllers/Home.php(7): parse_config()
 7 SYSTEMPATH/CodeIgniter.php(915): Core\Home\Controllers\Home->__construct()
 8 SYSTEMPATH/CodeIgniter.php(971): CodeIgniter\CodeIgniter->createController()
 9 SYSTEMPATH/CodeIgniter.php(370): CodeIgniter\CodeIgniter->display404errors()
10 FCPATH/index.php(34): CodeIgniter\CodeIgniter->run()
ERROR - 2026-05-19 11:45:36 --> Error connecting to the database: mysqli_sql_exception: Too many connections in /var/www/wappbuzz/vendor/codeigniter4/framework/system/Database/MySQLi/Connection.php:185
Stack trace:
#0 /var/www/wappbuzz/vendor/codeigniter4/framework/system/Database/MySQLi/Connection.php(185): mysqli->real_connect()
#1 /var/www/wappbuzz/vendor/codeigniter4/framework/system/Database/BaseConnection.php(392): CodeIgniter\Database\MySQLi\Connection->connect()
#2 /var/www/wappbuzz/vendor/codeigniter4/framework/system/Database/BaseConnection.php(575): CodeIgniter\Database\BaseConnection->initialize()
#3 /var/www/wappbuzz/vendor/codeigniter4/framework/system/Database/BaseBuilder.php(1616): CodeIgniter\Database\BaseConnection->query()
#4 /var/www/wappbuzz/app/Helpers/Common_helper.php(1444): CodeIgniter\Database\BaseBuilder->get()
#5 /var/www/wappbuzz/app/Filters/MainFilter.php(57): db_get()
#6 /var/www/wappbuzz/vendor/codeigniter4/framework/system/Filters/Filters.php(184): App\Filters\MainFilter->before()
#7 /var/www/wappbuzz/vendor/codeigniter4/framework/system/CodeIgniter.php(475): CodeIgniter\Filters\Filters->run()
#8 /var/www/wappbuzz/vendor/codeigniter4/framework/system/CodeIgniter.php(361): CodeIgniter\CodeIgniter->handleRequest()
#9 /var/www/wappbuzz/index.php(34): CodeIgniter\CodeIgniter->run()
#10 {main}

Next CodeIgniter\Database\Exceptions\DatabaseException: Too many connections in /var/www/wappbuzz/vendor/codeigniter4/framework/system/Database/MySQLi/Connection.php:229
Stack trace:
#0 /var/www/wappbuzz/vendor/codeigniter4/framework/system/Database/BaseConnection.php(392): CodeIgniter\Database\MySQLi\Connection->connect()
#1 /var/www/wappbuzz/vendor/codeigniter4/framework/system/Database/BaseConnection.php(575): CodeIgniter\Database\BaseConnection->initialize()
#2 /var/www/wappbuzz/vendor/codeigniter4/framework/system/Database/BaseBuilder.php(1616): CodeIgniter\Database\BaseConnection->query()
#3 /var/www/wappbuzz/app/Helpers/Common_helper.php(1444): CodeIgniter\Database\BaseBuilder->get()
#4 /var/www/wappbuzz/app/Filters/MainFilter.php(57): db_get()
#5 /var/www/wappbuzz/vendor/codeigniter4/framework/system/Filters/Filters.php(184): App\Filters\MainFilter->before()
#6 /var/www/wappbuzz/vendor/codeigniter4/framework/system/CodeIgniter.php(475): CodeIgniter\Filters\Filters->run()
#7 /var/www/wappbuzz/vendor/codeigniter4/framework/system/CodeIgniter.php(361): CodeIgniter\CodeIgniter->handleRequest()
#8 /var/www/wappbuzz/index.php(34): CodeIgniter\CodeIgniter->run()
#9 {main}
CRITICAL - 2026-05-19 11:45:36 --> CodeIgniter\Database\Exceptions\DatabaseException: Unable to connect to the database.
Main connection [MySQLi]: Too many connections
in SYSTEMPATH/Database/BaseConnection.php on line 428.
 1 SYSTEMPATH/Database/BaseConnection.php(575): CodeIgniter\Database\BaseConnection->initialize()
 2 SYSTEMPATH/Database/BaseBuilder.php(1616): CodeIgniter\Database\BaseConnection->query()
 3 APPPATH/Helpers/Common_helper.php(1444): CodeIgniter\Database\BaseBuilder->get()
 4 APPPATH/Filters/MainFilter.php(57): db_get()
 5 SYSTEMPATH/Filters/Filters.php(184): App\Filters\MainFilter->before()
 6 SYSTEMPATH/CodeIgniter.php(475): CodeIgniter\Filters\Filters->run()
 7 SYSTEMPATH/CodeIgniter.php(361): CodeIgniter\CodeIgniter->handleRequest()
 8 FCPATH/index.php(34): CodeIgniter\CodeIgniter->run()
ERROR - 2026-05-19 11:45:53 --> Error connecting to the database: mysqli_sql_exception: Too many connections in /var/www/wappbuzz/vendor/codeigniter4/framework/system/Database/MySQLi/Connection.php:185
Stack trace:
#0 /var/www/wappbuzz/vendor/codeigniter4/framework/system/Database/MySQLi/Connection.php(185): mysqli->real_connect()
#1 /var/www/wappbuzz/vendor/codeigniter4/framework/system/Database/BaseConnection.php(392): CodeIgniter\Database\MySQLi\Connection->connect()
#2 /var/www/wappbuzz/vendor/codeigniter4/framework/system/Database/BaseConnection.php(575): CodeIgniter\Database\BaseConnection->initialize()
#3 /var/www/wappbuzz/vendor/codeigniter4/framework/system/Database/BaseBuilder.php(1616): CodeIgniter\Database\BaseConnection->query()
#4 /var/www/wappbuzz/app/Helpers/Common_helper.php(1444): CodeIgniter\Database\BaseBuilder->get()
#5 /var/www/wappbuzz/app/Filters/MainFilter.php(57): db_get()
#6 /var/www/wappbuzz/vendor/codeigniter4/framework/system/Filters/Filters.php(184): App\Filters\MainFilter->before()
#7 /var/www/wappbuzz/vendor/codeigniter4/framework/system/CodeIgniter.php(475): CodeIgniter\Filters\Filters->run()
#8 /var/www/wappbuzz/vendor/codeigniter4/framework/system/CodeIgniter.php(361): CodeIgniter\CodeIgniter->handleRequest()
#9 /var/www/wappbuzz/index.php(34): CodeIgniter\CodeIgniter->run()
#10 {main}

Next CodeIgniter\Database\Exceptions\DatabaseException: Too many connections in /var/www/wappbuzz/vendor/codeigniter4/framework/system/Database/MySQLi/Connection.php:229
Stack trace:
#0 /var/www/wappbuzz/vendor/codeigniter4/framework/system/Database/BaseConnection.php(392): CodeIgniter\Database\MySQLi\Connection->connect()
#1 /var/www/wappbuzz/vendor/codeigniter4/framework/system/Database/BaseConnection.php(575): CodeIgniter\Database\BaseConnection->initialize()
#2 /var/www/wappbuzz/vendor/codeigniter4/framework/system/Database/BaseBuilder.php(1616): CodeIgniter\Database\BaseConnection->query()
#3 /var/www/wappbuzz/app/Helpers/Common_helper.php(1444): CodeIgniter\Database\BaseBuilder->get()
#4 /var/www/wappbuzz/app/Filters/MainFilter.php(57): db_get()
#5 /var/www/wappbuzz/vendor/codeigniter4/framework/system/Filters/Filters.php(184): App\Filters\MainFilter->before()
#6 /var/www/wappbuzz/vendor/codeigniter4/framework/system/CodeIgniter.php(475): CodeIgniter\Filters\Filters->run()
#7 /var/www/wappbuzz/vendor/codeigniter4/framework/system/CodeIgniter.php(361): CodeIgniter\CodeIgniter->handleRequest()
#8 /var/www/wappbuzz/index.php(34): CodeIgniter\CodeIgniter->run()
#9 {main}
CRITICAL - 2026-05-19 11:45:53 --> CodeIgniter\Database\Exceptions\DatabaseException: Unable to connect to the database.
Main connection [MySQLi]: Too many connections
in SYSTEMPATH/Database/BaseConnection.php on line 428.
 1 SYSTEMPATH/Database/BaseConnection.php(575): CodeIgniter\Database\BaseConnection->initialize()
 2 SYSTEMPATH/Database/BaseBuilder.php(1616): CodeIgniter\Database\BaseConnection->query()
 3 APPPATH/Helpers/Common_helper.php(1444): CodeIgniter\Database\BaseBuilder->get()
 4 APPPATH/Filters/MainFilter.php(57): db_get()
 5 SYSTEMPATH/Filters/Filters.php(184): App\Filters\MainFilter->before()
 6 SYSTEMPATH/CodeIgniter.php(475): CodeIgniter\Filters\Filters->run()
 7 SYSTEMPATH/CodeIgniter.php(361): CodeIgniter\CodeIgniter->handleRequest()
 8 FCPATH/index.php(34): CodeIgniter\CodeIgniter->run()
ERROR - 2026-05-19 11:46:06 --> Error connecting to the database: mysqli_sql_exception: Too many connections in /var/www/wappbuzz/vendor/codeigniter4/framework/system/Database/MySQLi/Connection.php:185
Stack trace:
#0 /var/www/wappbuzz/vendor/codeigniter4/framework/system/Database/MySQLi/Connection.php(185): mysqli->real_connect()
#1 /var/www/wappbuzz/vendor/codeigniter4/framework/system/Database/BaseConnection.php(392): CodeIgniter\Database\MySQLi\Connection->connect()
#2 /var/www/wappbuzz/vendor/codeigniter4/framework/system/Database/BaseConnection.php(575): CodeIgniter\Database\BaseConnection->initialize()
#3 /var/www/wappbuzz/vendor/codeigniter4/framework/system/Database/BaseBuilder.php(1616): CodeIgniter\Database\BaseConnection->query()
#4 /var/www/wappbuzz/app/Helpers/Common_helper.php(1444): CodeIgniter\Database\BaseBuilder->get()
#5 /var/www/wappbuzz/app/Helpers/Common_helper.php(1348): db_get()
#6 /var/www/wappbuzz/app/Helpers/Common_helper.php(1793): get_option()
#7 /var/www/wappbuzz/inc/core/Home/Controllers/Home.php(7): parse_config()
#8 /var/www/wappbuzz/vendor/codeigniter4/framework/system/CodeIgniter.php(915): Core\Home\Controllers\Home->__construct()
#9 /var/www/wappbuzz/vendor/codeigniter4/framework/system/CodeIgniter.php(971): CodeIgniter\CodeIgniter->createController()
#10 /var/www/wappbuzz/vendor/codeigniter4/framework/system/CodeIgniter.php(370): CodeIgniter\CodeIgniter->display404errors()
#11 /var/www/wappbuzz/index.php(34): CodeIgniter\CodeIgniter->run()
#12 {main}

Next CodeIgniter\Database\Exceptions\DatabaseException: Too many connections in /var/www/wappbuzz/vendor/codeigniter4/framework/system/Database/MySQLi/Connection.php:229
Stack trace:
#0 /var/www/wappbuzz/vendor/codeigniter4/framework/system/Database/BaseConnection.php(392): CodeIgniter\Database\MySQLi\Connection->connect()
#1 /var/www/wappbuzz/vendor/codeigniter4/framework/system/Database/BaseConnection.php(575): CodeIgniter\Database\BaseConnection->initialize()
#2 /var/www/wappbuzz/vendor/codeigniter4/framework/system/Database/BaseBuilder.php(1616): CodeIgniter\Database\BaseConnection->query()
#3 /var/www/wappbuzz/app/Helpers/Common_helper.php(1444): CodeIgniter\Database\BaseBuilder->get()
#4 /var/www/wappbuzz/app/Helpers/Common_helper.php(1348): db_get()
#5 /var/www/wappbuzz/app/Helpers/Common_helper.php(1793): get_option()
#6 /var/www/wappbuzz/inc/core/Home/Controllers/Home.php(7): parse_config()
#7 /var/www/wappbuzz/vendor/codeigniter4/framework/system/CodeIgniter.php(915): Core\Home\Controllers\Home->__construct()
#8 /var/www/wappbuzz/vendor/codeigniter4/framework/system/CodeIgniter.php(971): CodeIgniter\CodeIgniter->createController()
#9 /var/www/wappbuzz/vendor/codeigniter4/framework/system/CodeIgniter.php(370): CodeIgniter\CodeIgniter->display404errors()
#10 /var/www/wappbuzz/index.php(34): CodeIgniter\CodeIgniter->run()
#11 {main}
CRITICAL - 2026-05-19 11:46:06 --> CodeIgniter\Database\Exceptions\DatabaseException: Unable to connect to the database.
Main connection [MySQLi]: Too many connections
in SYSTEMPATH/Database/BaseConnection.php on line 428.
 1 SYSTEMPATH/Database/BaseConnection.php(575): CodeIgniter\Database\BaseConnection->initialize()
 2 SYSTEMPATH/Database/BaseBuilder.php(1616): CodeIgniter\Database\BaseConnection->query()
 3 APPPATH/Helpers/Common_helper.php(1444): CodeIgniter\Database\BaseBuilder->get()
 4 APPPATH/Helpers/Common_helper.php(1348): db_get()
 5 APPPATH/Helpers/Common_helper.php(1793): get_option()
 6 FCPATH/inc/core/Home/Controllers/Home.php(7): parse_config()
 7 SYSTEMPATH/CodeIgniter.php(915): Core\Home\Controllers\Home->__construct()
 8 SYSTEMPATH/CodeIgniter.php(971): CodeIgniter\CodeIgniter->createController()
 9 SYSTEMPATH/CodeIgniter.php(370): CodeIgniter\CodeIgniter->display404errors()
10 FCPATH/index.php(34): CodeIgniter\CodeIgniter->run()
ERROR - 2026-05-19 11:58:37 --> Error connecting to the database: mysqli_sql_exception: Too many connections in /var/www/wappbuzz/vendor/codeigniter4/framework/system/Database/MySQLi/Connection.php:185
Stack trace:
#0 /var/www/wappbuzz/vendor/codeigniter4/framework/system/Database/MySQLi/Connection.php(185): mysqli->real_connect()
#1 /var/www/wappbuzz/vendor/codeigniter4/framework/system/Database/BaseConnection.php(392): CodeIgniter\Database\MySQLi\Connection->connect()
#2 /var/www/wappbuzz/vendor/codeigniter4/framework/system/Database/BaseConnection.php(575): CodeIgniter\Database\BaseConnection->initialize()
#3 /var/www/wappbuzz/vendor/codeigniter4/framework/system/Database/BaseBuilder.php(1616): CodeIgniter\Database\BaseConnection->query()
#4 /var/www/wappbuzz/app/Helpers/Common_helper.php(1444): CodeIgniter\Database\BaseBuilder->get()
#5 /var/www/wappbuzz/app/Helpers/Common_helper.php(1348): db_get()
#6 /var/www/wappbuzz/app/Helpers/Common_helper.php(1793): get_option()
#7 /var/www/wappbuzz/inc/core/Home/Controllers/Home.php(7): parse_config()
#8 /var/www/wappbuzz/vendor/codeigniter4/framework/system/CodeIgniter.php(915): Core\Home\Controllers\Home->__construct()
#9 /var/www/wappbuzz/vendor/codeigniter4/framework/system/CodeIgniter.php(971): CodeIgniter\CodeIgniter->createController()
#10 /var/www/wappbuzz/vendor/codeigniter4/framework/system/CodeIgniter.php(370): CodeIgniter\CodeIgniter->display404errors()
#11 /var/www/wappbuzz/index.php(34): CodeIgniter\CodeIgniter->run()
#12 {main}

Next CodeIgniter\Database\Exceptions\DatabaseException: Too many connections in /var/www/wappbuzz/vendor/codeigniter4/framework/system/Database/MySQLi/Connection.php:229
Stack trace:
#0 /var/www/wappbuzz/vendor/codeigniter4/framework/system/Database/BaseConnection.php(392): CodeIgniter\Database\MySQLi\Connection->connect()
#1 /var/www/wappbuzz/vendor/codeigniter4/framework/system/Database/BaseConnection.php(575): CodeIgniter\Database\BaseConnection->initialize()
#2 /var/www/wappbuzz/vendor/codeigniter4/framework/system/Database/BaseBuilder.php(1616): CodeIgniter\Database\BaseConnection->query()
#3 /var/www/wappbuzz/app/Helpers/Common_helper.php(1444): CodeIgniter\Database\BaseBuilder->get()
#4 /var/www/wappbuzz/app/Helpers/Common_helper.php(1348): db_get()
#5 /var/www/wappbuzz/app/Helpers/Common_helper.php(1793): get_option()
#6 /var/www/wappbuzz/inc/core/Home/Controllers/Home.php(7): parse_config()
#7 /var/www/wappbuzz/vendor/codeigniter4/framework/system/CodeIgniter.php(915): Core\Home\Controllers\Home->__construct()
#8 /var/www/wappbuzz/vendor/codeigniter4/framework/system/CodeIgniter.php(971): CodeIgniter\CodeIgniter->createController()
#9 /var/www/wappbuzz/vendor/codeigniter4/framework/system/CodeIgniter.php(370): CodeIgniter\CodeIgniter->display404errors()
#10 /var/www/wappbuzz/index.php(34): CodeIgniter\CodeIgniter->run()
#11 {main}
CRITICAL - 2026-05-19 11:58:37 --> CodeIgniter\Database\Exceptions\DatabaseException: Unable to connect to the database.
Main connection [MySQLi]: Too many connections
in SYSTEMPATH/Database/BaseConnection.php on line 428.
 1 SYSTEMPATH/Database/BaseConnection.php(575): CodeIgniter\Database\BaseConnection->initialize()
 2 SYSTEMPATH/Database/BaseBuilder.php(1616): CodeIgniter\Database\BaseConnection->query()
 3 APPPATH/Helpers/Common_helper.php(1444): CodeIgniter\Database\BaseBuilder->get()
 4 APPPATH/Helpers/Common_helper.php(1348): db_get()
 5 APPPATH/Helpers/Common_helper.php(1793): get_option()
 6 FCPATH/inc/core/Home/Controllers/Home.php(7): parse_config()
 7 SYSTEMPATH/CodeIgniter.php(915): Core\Home\Controllers\Home->__construct()
 8 SYSTEMPATH/CodeIgniter.php(971): CodeIgniter\CodeIgniter->createController()
 9 SYSTEMPATH/CodeIgniter.php(370): CodeIgniter\CodeIgniter->display404errors()
10 FCPATH/index.php(34): CodeIgniter\CodeIgniter->run()
ERROR - 2026-05-19 12:33:03 --> Error connecting to the database: mysqli_sql_exception: Too many connections in /var/www/wappbuzz/vendor/codeigniter4/framework/system/Database/MySQLi/Connection.php:185
Stack trace:
#0 /var/www/wappbuzz/vendor/codeigniter4/framework/system/Database/MySQLi/Connection.php(185): mysqli->real_connect()
#1 /var/www/wappbuzz/vendor/codeigniter4/framework/system/Database/BaseConnection.php(392): CodeIgniter\Database\MySQLi\Connection->connect()
#2 /var/www/wappbuzz/vendor/codeigniter4/framework/system/Database/BaseConnection.php(575): CodeIgniter\Database\BaseConnection->initialize()
#3 /var/www/wappbuzz/vendor/codeigniter4/framework/system/Database/BaseBuilder.php(1616): CodeIgniter\Database\BaseConnection->query()
#4 /var/www/wappbuzz/app/Helpers/Common_helper.php(1444): CodeIgniter\Database\BaseBuilder->get()
#5 /var/www/wappbuzz/app/Filters/MainFilter.php(57): db_get()
#6 /var/www/wappbuzz/vendor/codeigniter4/framework/system/Filters/Filters.php(184): App\Filters\MainFilter->before()
#7 /var/www/wappbuzz/vendor/codeigniter4/framework/system/CodeIgniter.php(475): CodeIgniter\Filters\Filters->run()
#8 /var/www/wappbuzz/vendor/codeigniter4/framework/system/CodeIgniter.php(361): CodeIgniter\CodeIgniter->handleRequest()
#9 /var/www/wappbuzz/index.php(34): CodeIgniter\CodeIgniter->run()
#10 {main}

Next CodeIgniter\Database\Exceptions\DatabaseException: Too many connections in /var/www/wappbuzz/vendor/codeigniter4/framework/system/Database/MySQLi/Connection.php:229
Stack trace:
#0 /var/www/wappbuzz/vendor/codeigniter4/framework/system/Database/BaseConnection.php(392): CodeIgniter\Database\MySQLi\Connection->connect()
#1 /var/www/wappbuzz/vendor/codeigniter4/framework/system/Database/BaseConnection.php(575): CodeIgniter\Database\BaseConnection->initialize()
#2 /var/www/wappbuzz/vendor/codeigniter4/framework/system/Database/BaseBuilder.php(1616): CodeIgniter\Database\BaseConnection->query()
#3 /var/www/wappbuzz/app/Helpers/Common_helper.php(1444): CodeIgniter\Database\BaseBuilder->get()
#4 /var/www/wappbuzz/app/Filters/MainFilter.php(57): db_get()
#5 /var/www/wappbuzz/vendor/codeigniter4/framework/system/Filters/Filters.php(184): App\Filters\MainFilter->before()
#6 /var/www/wappbuzz/vendor/codeigniter4/framework/system/CodeIgniter.php(475): CodeIgniter\Filters\Filters->run()
#7 /var/www/wappbuzz/vendor/codeigniter4/framework/system/CodeIgniter.php(361): CodeIgniter\CodeIgniter->handleRequest()
#8 /var/www/wappbuzz/index.php(34): CodeIgniter\CodeIgniter->run()
#9 {main}
CRITICAL - 2026-05-19 12:33:03 --> CodeIgniter\Database\Exceptions\DatabaseException: Unable to connect to the database.
Main connection [MySQLi]: Too many connections
in SYSTEMPATH/Database/BaseConnection.php on line 428.
 1 SYSTEMPATH/Database/BaseConnection.php(575): CodeIgniter\Database\BaseConnection->initialize()
 2 SYSTEMPATH/Database/BaseBuilder.php(1616): CodeIgniter\Database\BaseConnection->query()
 3 APPPATH/Helpers/Common_helper.php(1444): CodeIgniter\Database\BaseBuilder->get()
 4 APPPATH/Filters/MainFilter.php(57): db_get()
 5 SYSTEMPATH/Filters/Filters.php(184): App\Filters\MainFilter->before()
 6 SYSTEMPATH/CodeIgniter.php(475): CodeIgniter\Filters\Filters->run()
 7 SYSTEMPATH/CodeIgniter.php(361): CodeIgniter\CodeIgniter->handleRequest()
 8 FCPATH/index.php(34): CodeIgniter\CodeIgniter->run()
ERROR - 2026-05-19 12:37:49 --> Error connecting to the database: mysqli_sql_exception: Too many connections in /var/www/wappbuzz/vendor/codeigniter4/framework/system/Database/MySQLi/Connection.php:185
Stack trace:
#0 /var/www/wappbuzz/vendor/codeigniter4/framework/system/Database/MySQLi/Connection.php(185): mysqli->real_connect()
#1 /var/www/wappbuzz/vendor/codeigniter4/framework/system/Database/BaseConnection.php(392): CodeIgniter\Database\MySQLi\Connection->connect()
#2 /var/www/wappbuzz/vendor/codeigniter4/framework/system/Database/BaseConnection.php(575): CodeIgniter\Database\BaseConnection->initialize()
#3 /var/www/wappbuzz/vendor/codeigniter4/framework/system/Database/BaseBuilder.php(1616): CodeIgniter\Database\BaseConnection->query()
#4 /var/www/wappbuzz/app/Helpers/Common_helper.php(1444): CodeIgniter\Database\BaseBuilder->get()
#5 /var/www/wappbuzz/app/Filters/MainFilter.php(57): db_get()
#6 /var/www/wappbuzz/vendor/codeigniter4/framework/system/Filters/Filters.php(184): App\Filters\MainFilter->before()
#7 /var/www/wappbuzz/vendor/codeigniter4/framework/system/CodeIgniter.php(475): CodeIgniter\Filters\Filters->run()
#8 /var/www/wappbuzz/vendor/codeigniter4/framework/system/CodeIgniter.php(361): CodeIgniter\CodeIgniter->handleRequest()
#9 /var/www/wappbuzz/index.php(34): CodeIgniter\CodeIgniter->run()
#10 {main}

Next CodeIgniter\Database\Exceptions\DatabaseException: Too many connections in /var/www/wappbuzz/vendor/codeigniter4/framework/system/Database/MySQLi/Connection.php:229
Stack trace:
#0 /var/www/wappbuzz/vendor/codeigniter4/framework/system/Database/BaseConnection.php(392): CodeIgniter\Database\MySQLi\Connection->connect()
#1 /var/www/wappbuzz/vendor/codeigniter4/framework/system/Database/BaseConnection.php(575): CodeIgniter\Database\BaseConnection->initialize()
#2 /var/www/wappbuzz/vendor/codeigniter4/framework/system/Database/BaseBuilder.php(1616): CodeIgniter\Database\BaseConnection->query()
#3 /var/www/wappbuzz/app/Helpers/Common_helper.php(1444): CodeIgniter\Database\BaseBuilder->get()
#4 /var/www/wappbuzz/app/Filters/MainFilter.php(57): db_get()
#5 /var/www/wappbuzz/vendor/codeigniter4/framework/system/Filters/Filters.php(184): App\Filters\MainFilter->before()
#6 /var/www/wappbuzz/vendor/codeigniter4/framework/system/CodeIgniter.php(475): CodeIgniter\Filters\Filters->run()
#7 /var/www/wappbuzz/vendor/codeigniter4/framework/system/CodeIgniter.php(361): CodeIgniter\CodeIgniter->handleRequest()
#8 /var/www/wappbuzz/index.php(34): CodeIgniter\CodeIgniter->run()
#9 {main}
CRITICAL - 2026-05-19 12:37:49 --> CodeIgniter\Database\Exceptions\DatabaseException: Unable to connect to the database.
Main connection [MySQLi]: Too many connections
in SYSTEMPATH/Database/BaseConnection.php on line 428.
 1 SYSTEMPATH/Database/BaseConnection.php(575): CodeIgniter\Database\BaseConnection->initialize()
 2 SYSTEMPATH/Database/BaseBuilder.php(1616): CodeIgniter\Database\BaseConnection->query()
 3 APPPATH/Helpers/Common_helper.php(1444): CodeIgniter\Database\BaseBuilder->get()
 4 APPPATH/Filters/MainFilter.php(57): db_get()
 5 SYSTEMPATH/Filters/Filters.php(184): App\Filters\MainFilter->before()
 6 SYSTEMPATH/CodeIgniter.php(475): CodeIgniter\Filters\Filters->run()
 7 SYSTEMPATH/CodeIgniter.php(361): CodeIgniter\CodeIgniter->handleRequest()
 8 FCPATH/index.php(34): CodeIgniter\CodeIgniter->run()
ERROR - 2026-05-19 12:41:47 --> Error connecting to the database: mysqli_sql_exception: Too many connections in /var/www/wappbuzz/vendor/codeigniter4/framework/system/Database/MySQLi/Connection.php:185
Stack trace:
#0 /var/www/wappbuzz/vendor/codeigniter4/framework/system/Database/MySQLi/Connection.php(185): mysqli->real_connect()
#1 /var/www/wappbuzz/vendor/codeigniter4/framework/system/Database/BaseConnection.php(392): CodeIgniter\Database\MySQLi\Connection->connect()
#2 /var/www/wappbuzz/vendor/codeigniter4/framework/system/Database/BaseConnection.php(575): CodeIgniter\Database\BaseConnection->initialize()
#3 /var/www/wappbuzz/vendor/codeigniter4/framework/system/Database/BaseBuilder.php(1616): CodeIgniter\Database\BaseConnection->query()
#4 /var/www/wappbuzz/app/Helpers/Common_helper.php(1444): CodeIgniter\Database\BaseBuilder->get()
#5 /var/www/wappbuzz/app/Filters/MainFilter.php(57): db_get()
#6 /var/www/wappbuzz/vendor/codeigniter4/framework/system/Filters/Filters.php(184): App\Filters\MainFilter->before()
#7 /var/www/wappbuzz/vendor/codeigniter4/framework/system/CodeIgniter.php(475): CodeIgniter\Filters\Filters->run()
#8 /var/www/wappbuzz/vendor/codeigniter4/framework/system/CodeIgniter.php(361): CodeIgniter\CodeIgniter->handleRequest()
#9 /var/www/wappbuzz/index.php(34): CodeIgniter\CodeIgniter->run()
#10 {main}

Next CodeIgniter\Database\Exceptions\DatabaseException: Too many connections in /var/www/wappbuzz/vendor/codeigniter4/framework/system/Database/MySQLi/Connection.php:229
Stack trace:
#0 /var/www/wappbuzz/vendor/codeigniter4/framework/system/Database/BaseConnection.php(392): CodeIgniter\Database\MySQLi\Connection->connect()
#1 /var/www/wappbuzz/vendor/codeigniter4/framework/system/Database/BaseConnection.php(575): CodeIgniter\Database\BaseConnection->initialize()
#2 /var/www/wappbuzz/vendor/codeigniter4/framework/system/Database/BaseBuilder.php(1616): CodeIgniter\Database\BaseConnection->query()
#3 /var/www/wappbuzz/app/Helpers/Common_helper.php(1444): CodeIgniter\Database\BaseBuilder->get()
#4 /var/www/wappbuzz/app/Filters/MainFilter.php(57): db_get()
#5 /var/www/wappbuzz/vendor/codeigniter4/framework/system/Filters/Filters.php(184): App\Filters\MainFilter->before()
#6 /var/www/wappbuzz/vendor/codeigniter4/framework/system/CodeIgniter.php(475): CodeIgniter\Filters\Filters->run()
#7 /var/www/wappbuzz/vendor/codeigniter4/framework/system/CodeIgniter.php(361): CodeIgniter\CodeIgniter->handleRequest()
#8 /var/www/wappbuzz/index.php(34): CodeIgniter\CodeIgniter->run()
#9 {main}
CRITICAL - 2026-05-19 12:41:47 --> CodeIgniter\Database\Exceptions\DatabaseException: Unable to connect to the database.
Main connection [MySQLi]: Too many connections
in SYSTEMPATH/Database/BaseConnection.php on line 428.
 1 SYSTEMPATH/Database/BaseConnection.php(575): CodeIgniter\Database\BaseConnection->initialize()
 2 SYSTEMPATH/Database/BaseBuilder.php(1616): CodeIgniter\Database\BaseConnection->query()
 3 APPPATH/Helpers/Common_helper.php(1444): CodeIgniter\Database\BaseBuilder->get()
 4 APPPATH/Filters/MainFilter.php(57): db_get()
 5 SYSTEMPATH/Filters/Filters.php(184): App\Filters\MainFilter->before()
 6 SYSTEMPATH/CodeIgniter.php(475): CodeIgniter\Filters\Filters->run()
 7 SYSTEMPATH/CodeIgniter.php(361): CodeIgniter\CodeIgniter->handleRequest()
 8 FCPATH/index.php(34): CodeIgniter\CodeIgniter->run()
ERROR - 2026-05-19 12:46:58 --> Error connecting to the database: mysqli_sql_exception: Too many connections in /var/www/wappbuzz/vendor/codeigniter4/framework/system/Database/MySQLi/Connection.php:185
Stack trace:
#0 /var/www/wappbuzz/vendor/codeigniter4/framework/system/Database/MySQLi/Connection.php(185): mysqli->real_connect()
#1 /var/www/wappbuzz/vendor/codeigniter4/framework/system/Database/BaseConnection.php(392): CodeIgniter\Database\MySQLi\Connection->connect()
#2 /var/www/wappbuzz/vendor/codeigniter4/framework/system/Database/BaseConnection.php(575): CodeIgniter\Database\BaseConnection->initialize()
#3 /var/www/wappbuzz/vendor/codeigniter4/framework/system/Database/BaseBuilder.php(1616): CodeIgniter\Database\BaseConnection->query()
#4 /var/www/wappbuzz/app/Helpers/Common_helper.php(1444): CodeIgniter\Database\BaseBuilder->get()
#5 /var/www/wappbuzz/app/Helpers/Common_helper.php(1348): db_get()
#6 /var/www/wappbuzz/app/Helpers/Common_helper.php(1793): get_option()
#7 /var/www/wappbuzz/inc/core/Home/Controllers/Home.php(7): parse_config()
#8 /var/www/wappbuzz/vendor/codeigniter4/framework/system/CodeIgniter.php(915): Core\Home\Controllers\Home->__construct()
#9 /var/www/wappbuzz/vendor/codeigniter4/framework/system/CodeIgniter.php(971): CodeIgniter\CodeIgniter->createController()
#10 /var/www/wappbuzz/vendor/codeigniter4/framework/system/CodeIgniter.php(370): CodeIgniter\CodeIgniter->display404errors()
#11 /var/www/wappbuzz/index.php(34): CodeIgniter\CodeIgniter->run()
#12 {main}

Next CodeIgniter\Database\Exceptions\DatabaseException: Too many connections in /var/www/wappbuzz/vendor/codeigniter4/framework/system/Database/MySQLi/Connection.php:229
Stack trace:
#0 /var/www/wappbuzz/vendor/codeigniter4/framework/system/Database/BaseConnection.php(392): CodeIgniter\Database\MySQLi\Connection->connect()
#1 /var/www/wappbuzz/vendor/codeigniter4/framework/system/Database/BaseConnection.php(575): CodeIgniter\Database\BaseConnection->initialize()
#2 /var/www/wappbuzz/vendor/codeigniter4/framework/system/Database/BaseBuilder.php(1616): CodeIgniter\Database\BaseConnection->query()
#3 /var/www/wappbuzz/app/Helpers/Common_helper.php(1444): CodeIgniter\Database\BaseBuilder->get()
#4 /var/www/wappbuzz/app/Helpers/Common_helper.php(1348): db_get()
#5 /var/www/wappbuzz/app/Helpers/Common_helper.php(1793): get_option()
#6 /var/www/wappbuzz/inc/core/Home/Controllers/Home.php(7): parse_config()
#7 /var/www/wappbuzz/vendor/codeigniter4/framework/system/CodeIgniter.php(915): Core\Home\Controllers\Home->__construct()
#8 /var/www/wappbuzz/vendor/codeigniter4/framework/system/CodeIgniter.php(971): CodeIgniter\CodeIgniter->createController()
#9 /var/www/wappbuzz/vendor/codeigniter4/framework/system/CodeIgniter.php(370): CodeIgniter\CodeIgniter->display404errors()
#10 /var/www/wappbuzz/index.php(34): CodeIgniter\CodeIgniter->run()
#11 {main}
CRITICAL - 2026-05-19 12:46:58 --> CodeIgniter\Database\Exceptions\DatabaseException: Unable to connect to the database.
Main connection [MySQLi]: Too many connections
in SYSTEMPATH/Database/BaseConnection.php on line 428.
 1 SYSTEMPATH/Database/BaseConnection.php(575): CodeIgniter\Database\BaseConnection->initialize()
 2 SYSTEMPATH/Database/BaseBuilder.php(1616): CodeIgniter\Database\BaseConnection->query()
 3 APPPATH/Helpers/Common_helper.php(1444): CodeIgniter\Database\BaseBuilder->get()
 4 APPPATH/Helpers/Common_helper.php(1348): db_get()
 5 APPPATH/Helpers/Common_helper.php(1793): get_option()
 6 FCPATH/inc/core/Home/Controllers/Home.php(7): parse_config()
 7 SYSTEMPATH/CodeIgniter.php(915): Core\Home\Controllers\Home->__construct()
 8 SYSTEMPATH/CodeIgniter.php(971): CodeIgniter\CodeIgniter->createController()
 9 SYSTEMPATH/CodeIgniter.php(370): CodeIgniter\CodeIgniter->display404errors()
10 FCPATH/index.php(34): CodeIgniter\CodeIgniter->run()
ERROR - 2026-05-19 12:47:11 --> Error connecting to the database: mysqli_sql_exception: Too many connections in /var/www/wappbuzz/vendor/codeigniter4/framework/system/Database/MySQLi/Connection.php:185
Stack trace:
#0 /var/www/wappbuzz/vendor/codeigniter4/framework/system/Database/MySQLi/Connection.php(185): mysqli->real_connect()
#1 /var/www/wappbuzz/vendor/codeigniter4/framework/system/Database/BaseConnection.php(392): CodeIgniter\Database\MySQLi\Connection->connect()
#2 /var/www/wappbuzz/vendor/codeigniter4/framework/system/Database/BaseConnection.php(575): CodeIgniter\Database\BaseConnection->initialize()
#3 /var/www/wappbuzz/vendor/codeigniter4/framework/system/Database/BaseBuilder.php(1616): CodeIgniter\Database\BaseConnection->query()
#4 /var/www/wappbuzz/app/Helpers/Common_helper.php(1444): CodeIgniter\Database\BaseBuilder->get()
#5 /var/www/wappbuzz/app/Filters/MainFilter.php(57): db_get()
#6 /var/www/wappbuzz/vendor/codeigniter4/framework/system/Filters/Filters.php(184): App\Filters\MainFilter->before()
#7 /var/www/wappbuzz/vendor/codeigniter4/framework/system/CodeIgniter.php(475): CodeIgniter\Filters\Filters->run()
#8 /var/www/wappbuzz/vendor/codeigniter4/framework/system/CodeIgniter.php(361): CodeIgniter\CodeIgniter->handleRequest()
#9 /var/www/wappbuzz/index.php(34): CodeIgniter\CodeIgniter->run()
#10 {main}

Next CodeIgniter\Database\Exceptions\DatabaseException: Too many connections in /var/www/wappbuzz/vendor/codeigniter4/framework/system/Database/MySQLi/Connection.php:229
Stack trace:
#0 /var/www/wappbuzz/vendor/codeigniter4/framework/system/Database/BaseConnection.php(392): CodeIgniter\Database\MySQLi\Connection->connect()
#1 /var/www/wappbuzz/vendor/codeigniter4/framework/system/Database/BaseConnection.php(575): CodeIgniter\Database\BaseConnection->initialize()
#2 /var/www/wappbuzz/vendor/codeigniter4/framework/system/Database/BaseBuilder.php(1616): CodeIgniter\Database\BaseConnection->query()
#3 /var/www/wappbuzz/app/Helpers/Common_helper.php(1444): CodeIgniter\Database\BaseBuilder->get()
#4 /var/www/wappbuzz/app/Filters/MainFilter.php(57): db_get()
#5 /var/www/wappbuzz/vendor/codeigniter4/framework/system/Filters/Filters.php(184): App\Filters\MainFilter->before()
#6 /var/www/wappbuzz/vendor/codeigniter4/framework/system/CodeIgniter.php(475): CodeIgniter\Filters\Filters->run()
#7 /var/www/wappbuzz/vendor/codeigniter4/framework/system/CodeIgniter.php(361): CodeIgniter\CodeIgniter->handleRequest()
#8 /var/www/wappbuzz/index.php(34): CodeIgniter\CodeIgniter->run()
#9 {main}
CRITICAL - 2026-05-19 12:47:11 --> CodeIgniter\Database\Exceptions\DatabaseException: Unable to connect to the database.
Main connection [MySQLi]: Too many connections
in SYSTEMPATH/Database/BaseConnection.php on line 428.
 1 SYSTEMPATH/Database/BaseConnection.php(575): CodeIgniter\Database\BaseConnection->initialize()
 2 SYSTEMPATH/Database/BaseBuilder.php(1616): CodeIgniter\Database\BaseConnection->query()
 3 APPPATH/Helpers/Common_helper.php(1444): CodeIgniter\Database\BaseBuilder->get()
 4 APPPATH/Filters/MainFilter.php(57): db_get()
 5 SYSTEMPATH/Filters/Filters.php(184): App\Filters\MainFilter->before()
 6 SYSTEMPATH/CodeIgniter.php(475): CodeIgniter\Filters\Filters->run()
 7 SYSTEMPATH/CodeIgniter.php(361): CodeIgniter\CodeIgniter->handleRequest()
 8 FCPATH/index.php(34): CodeIgniter\CodeIgniter->run()
ERROR - 2026-05-19 12:51:42 --> Error connecting to the database: mysqli_sql_exception: Too many connections in /var/www/wappbuzz/vendor/codeigniter4/framework/system/Database/MySQLi/Connection.php:185
Stack trace:
#0 /var/www/wappbuzz/vendor/codeigniter4/framework/system/Database/MySQLi/Connection.php(185): mysqli->real_connect()
#1 /var/www/wappbuzz/vendor/codeigniter4/framework/system/Database/BaseConnection.php(392): CodeIgniter\Database\MySQLi\Connection->connect()
#2 /var/www/wappbuzz/vendor/codeigniter4/framework/system/Database/BaseConnection.php(575): CodeIgniter\Database\BaseConnection->initialize()
#3 /var/www/wappbuzz/vendor/codeigniter4/framework/system/Database/BaseBuilder.php(1616): CodeIgniter\Database\BaseConnection->query()
#4 /var/www/wappbuzz/app/Helpers/Common_helper.php(1444): CodeIgniter\Database\BaseBuilder->get()
#5 /var/www/wappbuzz/app/Filters/MainFilter.php(57): db_get()
#6 /var/www/wappbuzz/vendor/codeigniter4/framework/system/Filters/Filters.php(184): App\Filters\MainFilter->before()
#7 /var/www/wappbuzz/vendor/codeigniter4/framework/system/CodeIgniter.php(475): CodeIgniter\Filters\Filters->run()
#8 /var/www/wappbuzz/vendor/codeigniter4/framework/system/CodeIgniter.php(361): CodeIgniter\CodeIgniter->handleRequest()
#9 /var/www/wappbuzz/index.php(34): CodeIgniter\CodeIgniter->run()
#10 {main}

Next CodeIgniter\Database\Exceptions\DatabaseException: Too many connections in /var/www/wappbuzz/vendor/codeigniter4/framework/system/Database/MySQLi/Connection.php:229
Stack trace:
#0 /var/www/wappbuzz/vendor/codeigniter4/framework/system/Database/BaseConnection.php(392): CodeIgniter\Database\MySQLi\Connection->connect()
#1 /var/www/wappbuzz/vendor/codeigniter4/framework/system/Database/BaseConnection.php(575): CodeIgniter\Database\BaseConnection->initialize()
#2 /var/www/wappbuzz/vendor/codeigniter4/framework/system/Database/BaseBuilder.php(1616): CodeIgniter\Database\BaseConnection->query()
#3 /var/www/wappbuzz/app/Helpers/Common_helper.php(1444): CodeIgniter\Database\BaseBuilder->get()
#4 /var/www/wappbuzz/app/Filters/MainFilter.php(57): db_get()
#5 /var/www/wappbuzz/vendor/codeigniter4/framework/system/Filters/Filters.php(184): App\Filters\MainFilter->before()
#6 /var/www/wappbuzz/vendor/codeigniter4/framework/system/CodeIgniter.php(475): CodeIgniter\Filters\Filters->run()
#7 /var/www/wappbuzz/vendor/codeigniter4/framework/system/CodeIgniter.php(361): CodeIgniter\CodeIgniter->handleRequest()
#8 /var/www/wappbuzz/index.php(34): CodeIgniter\CodeIgniter->run()
#9 {main}
CRITICAL - 2026-05-19 12:51:42 --> CodeIgniter\Database\Exceptions\DatabaseException: Unable to connect to the database.
Main connection [MySQLi]: Too many connections
in SYSTEMPATH/Database/BaseConnection.php on line 428.
 1 SYSTEMPATH/Database/BaseConnection.php(575): CodeIgniter\Database\BaseConnection->initialize()
 2 SYSTEMPATH/Database/BaseBuilder.php(1616): CodeIgniter\Database\BaseConnection->query()
 3 APPPATH/Helpers/Common_helper.php(1444): CodeIgniter\Database\BaseBuilder->get()
 4 APPPATH/Filters/MainFilter.php(57): db_get()
 5 SYSTEMPATH/Filters/Filters.php(184): App\Filters\MainFilter->before()
 6 SYSTEMPATH/CodeIgniter.php(475): CodeIgniter\Filters\Filters->run()
 7 SYSTEMPATH/CodeIgniter.php(361): CodeIgniter\CodeIgniter->handleRequest()
 8 FCPATH/index.php(34): CodeIgniter\CodeIgniter->run()
ERROR - 2026-05-19 12:57:18 --> Error connecting to the database: mysqli_sql_exception: Too many connections in /var/www/wappbuzz/vendor/codeigniter4/framework/system/Database/MySQLi/Connection.php:185
Stack trace:
#0 /var/www/wappbuzz/vendor/codeigniter4/framework/system/Database/MySQLi/Connection.php(185): mysqli->real_connect()
#1 /var/www/wappbuzz/vendor/codeigniter4/framework/system/Database/BaseConnection.php(392): CodeIgniter\Database\MySQLi\Connection->connect()
#2 /var/www/wappbuzz/vendor/codeigniter4/framework/system/Database/BaseConnection.php(575): CodeIgniter\Database\BaseConnection->initialize()
#3 /var/www/wappbuzz/vendor/codeigniter4/framework/system/Database/BaseBuilder.php(1616): CodeIgniter\Database\BaseConnection->query()
#4 /var/www/wappbuzz/app/Helpers/Common_helper.php(1444): CodeIgniter\Database\BaseBuilder->get()
#5 /var/www/wappbuzz/app/Filters/MainFilter.php(57): db_get()
#6 /var/www/wappbuzz/vendor/codeigniter4/framework/system/Filters/Filters.php(184): App\Filters\MainFilter->before()
#7 /var/www/wappbuzz/vendor/codeigniter4/framework/system/CodeIgniter.php(475): CodeIgniter\Filters\Filters->run()
#8 /var/www/wappbuzz/vendor/codeigniter4/framework/system/CodeIgniter.php(361): CodeIgniter\CodeIgniter->handleRequest()
#9 /var/www/wappbuzz/index.php(34): CodeIgniter\CodeIgniter->run()
#10 {main}

Next CodeIgniter\Database\Exceptions\DatabaseException: Too many connections in /var/www/wappbuzz/vendor/codeigniter4/framework/system/Database/MySQLi/Connection.php:229
Stack trace:
#0 /var/www/wappbuzz/vendor/codeigniter4/framework/system/Database/BaseConnection.php(392): CodeIgniter\Database\MySQLi\Connection->connect()
#1 /var/www/wappbuzz/vendor/codeigniter4/framework/system/Database/BaseConnection.php(575): CodeIgniter\Database\BaseConnection->initialize()
#2 /var/www/wappbuzz/vendor/codeigniter4/framework/system/Database/BaseBuilder.php(1616): CodeIgniter\Database\BaseConnection->query()
#3 /var/www/wappbuzz/app/Helpers/Common_helper.php(1444): CodeIgniter\Database\BaseBuilder->get()
#4 /var/www/wappbuzz/app/Filters/MainFilter.php(57): db_get()
#5 /var/www/wappbuzz/vendor/codeigniter4/framework/system/Filters/Filters.php(184): App\Filters\MainFilter->before()
#6 /var/www/wappbuzz/vendor/codeigniter4/framework/system/CodeIgniter.php(475): CodeIgniter\Filters\Filters->run()
#7 /var/www/wappbuzz/vendor/codeigniter4/framework/system/CodeIgniter.php(361): CodeIgniter\CodeIgniter->handleRequest()
#8 /var/www/wappbuzz/index.php(34): CodeIgniter\CodeIgniter->run()
#9 {main}
CRITICAL - 2026-05-19 12:57:18 --> CodeIgniter\Database\Exceptions\DatabaseException: Unable to connect to the database.
Main connection [MySQLi]: Too many connections
in SYSTEMPATH/Database/BaseConnection.php on line 428.
 1 SYSTEMPATH/Database/BaseConnection.php(575): CodeIgniter\Database\BaseConnection->initialize()
 2 SYSTEMPATH/Database/BaseBuilder.php(1616): CodeIgniter\Database\BaseConnection->query()
 3 APPPATH/Helpers/Common_helper.php(1444): CodeIgniter\Database\BaseBuilder->get()
 4 APPPATH/Filters/MainFilter.php(57): db_get()
 5 SYSTEMPATH/Filters/Filters.php(184): App\Filters\MainFilter->before()
 6 SYSTEMPATH/CodeIgniter.php(475): CodeIgniter\Filters\Filters->run()
 7 SYSTEMPATH/CodeIgniter.php(361): CodeIgniter\CodeIgniter->handleRequest()
 8 FCPATH/index.php(34): CodeIgniter\CodeIgniter->run()
ERROR - 2026-05-19 12:57:29 --> Error connecting to the database: mysqli_sql_exception: Too many connections in /var/www/wappbuzz/vendor/codeigniter4/framework/system/Database/MySQLi/Connection.php:185
Stack trace:
#0 /var/www/wappbuzz/vendor/codeigniter4/framework/system/Database/MySQLi/Connection.php(185): mysqli->real_connect()
#1 /var/www/wappbuzz/vendor/codeigniter4/framework/system/Database/BaseConnection.php(392): CodeIgniter\Database\MySQLi\Connection->connect()
#2 /var/www/wappbuzz/vendor/codeigniter4/framework/system/Database/BaseConnection.php(575): CodeIgniter\Database\BaseConnection->initialize()
#3 /var/www/wappbuzz/vendor/codeigniter4/framework/system/Database/BaseBuilder.php(1616): CodeIgniter\Database\BaseConnection->query()
#4 /var/www/wappbuzz/app/Helpers/Common_helper.php(1444): CodeIgniter\Database\BaseBuilder->get()
#5 /var/www/wappbuzz/app/Filters/MainFilter.php(57): db_get()
#6 /var/www/wappbuzz/vendor/codeigniter4/framework/system/Filters/Filters.php(184): App\Filters\MainFilter->before()
#7 /var/www/wappbuzz/vendor/codeigniter4/framework/system/CodeIgniter.php(475): CodeIgniter\Filters\Filters->run()
#8 /var/www/wappbuzz/vendor/codeigniter4/framework/system/CodeIgniter.php(361): CodeIgniter\CodeIgniter->handleRequest()
#9 /var/www/wappbuzz/index.php(34): CodeIgniter\CodeIgniter->run()
#10 {main}

Next CodeIgniter\Database\Exceptions\DatabaseException: Too many connections in /var/www/wappbuzz/vendor/codeigniter4/framework/system/Database/MySQLi/Connection.php:229
Stack trace:
#0 /var/www/wappbuzz/vendor/codeigniter4/framework/system/Database/BaseConnection.php(392): CodeIgniter\Database\MySQLi\Connection->connect()
#1 /var/www/wappbuzz/vendor/codeigniter4/framework/system/Database/BaseConnection.php(575): CodeIgniter\Database\BaseConnection->initialize()
#2 /var/www/wappbuzz/vendor/codeigniter4/framework/system/Database/BaseBuilder.php(1616): CodeIgniter\Database\BaseConnection->query()
#3 /var/www/wappbuzz/app/Helpers/Common_helper.php(1444): CodeIgniter\Database\BaseBuilder->get()
#4 /var/www/wappbuzz/app/Filters/MainFilter.php(57): db_get()
#5 /var/www/wappbuzz/vendor/codeigniter4/framework/system/Filters/Filters.php(184): App\Filters\MainFilter->before()
#6 /var/www/wappbuzz/vendor/codeigniter4/framework/system/CodeIgniter.php(475): CodeIgniter\Filters\Filters->run()
#7 /var/www/wappbuzz/vendor/codeigniter4/framework/system/CodeIgniter.php(361): CodeIgniter\CodeIgniter->handleRequest()
#8 /var/www/wappbuzz/index.php(34): CodeIgniter\CodeIgniter->run()
#9 {main}
CRITICAL - 2026-05-19 12:57:29 --> CodeIgniter\Database\Exceptions\DatabaseException: Unable to connect to the database.
Main connection [MySQLi]: Too many connections
in SYSTEMPATH/Database/BaseConnection.php on line 428.
 1 SYSTEMPATH/Database/BaseConnection.php(575): CodeIgniter\Database\BaseConnection->initialize()
 2 SYSTEMPATH/Database/BaseBuilder.php(1616): CodeIgniter\Database\BaseConnection->query()
 3 APPPATH/Helpers/Common_helper.php(1444): CodeIgniter\Database\BaseBuilder->get()
 4 APPPATH/Filters/MainFilter.php(57): db_get()
 5 SYSTEMPATH/Filters/Filters.php(184): App\Filters\MainFilter->before()
 6 SYSTEMPATH/CodeIgniter.php(475): CodeIgniter\Filters\Filters->run()
 7 SYSTEMPATH/CodeIgniter.php(361): CodeIgniter\CodeIgniter->handleRequest()
 8 FCPATH/index.php(34): CodeIgniter\CodeIgniter->run()
ERROR - 2026-05-19 12:59:49 --> Error connecting to the database: mysqli_sql_exception: Too many connections in /var/www/wappbuzz/vendor/codeigniter4/framework/system/Database/MySQLi/Connection.php:185
Stack trace:
#0 /var/www/wappbuzz/vendor/codeigniter4/framework/system/Database/MySQLi/Connection.php(185): mysqli->real_connect()
#1 /var/www/wappbuzz/vendor/codeigniter4/framework/system/Database/BaseConnection.php(392): CodeIgniter\Database\MySQLi\Connection->connect()
#2 /var/www/wappbuzz/vendor/codeigniter4/framework/system/Database/BaseConnection.php(575): CodeIgniter\Database\BaseConnection->initialize()
#3 /var/www/wappbuzz/vendor/codeigniter4/framework/system/Database/BaseBuilder.php(1616): CodeIgniter\Database\BaseConnection->query()
#4 /var/www/wappbuzz/app/Helpers/Common_helper.php(1444): CodeIgniter\Database\BaseBuilder->get()
#5 /var/www/wappbuzz/app/Filters/MainFilter.php(57): db_get()
#6 /var/www/wappbuzz/vendor/codeigniter4/framework/system/Filters/Filters.php(184): App\Filters\MainFilter->before()
#7 /var/www/wappbuzz/vendor/codeigniter4/framework/system/CodeIgniter.php(475): CodeIgniter\Filters\Filters->run()
#8 /var/www/wappbuzz/vendor/codeigniter4/framework/system/CodeIgniter.php(361): CodeIgniter\CodeIgniter->handleRequest()
#9 /var/www/wappbuzz/index.php(34): CodeIgniter\CodeIgniter->run()
#10 {main}

Next CodeIgniter\Database\Exceptions\DatabaseException: Too many connections in /var/www/wappbuzz/vendor/codeigniter4/framework/system/Database/MySQLi/Connection.php:229
Stack trace:
#0 /var/www/wappbuzz/vendor/codeigniter4/framework/system/Database/BaseConnection.php(392): CodeIgniter\Database\MySQLi\Connection->connect()
#1 /var/www/wappbuzz/vendor/codeigniter4/framework/system/Database/BaseConnection.php(575): CodeIgniter\Database\BaseConnection->initialize()
#2 /var/www/wappbuzz/vendor/codeigniter4/framework/system/Database/BaseBuilder.php(1616): CodeIgniter\Database\BaseConnection->query()
#3 /var/www/wappbuzz/app/Helpers/Common_helper.php(1444): CodeIgniter\Database\BaseBuilder->get()
#4 /var/www/wappbuzz/app/Filters/MainFilter.php(57): db_get()
#5 /var/www/wappbuzz/vendor/codeigniter4/framework/system/Filters/Filters.php(184): App\Filters\MainFilter->before()
#6 /var/www/wappbuzz/vendor/codeigniter4/framework/system/CodeIgniter.php(475): CodeIgniter\Filters\Filters->run()
#7 /var/www/wappbuzz/vendor/codeigniter4/framework/system/CodeIgniter.php(361): CodeIgniter\CodeIgniter->handleRequest()
#8 /var/www/wappbuzz/index.php(34): CodeIgniter\CodeIgniter->run()
#9 {main}
CRITICAL - 2026-05-19 12:59:49 --> CodeIgniter\Database\Exceptions\DatabaseException: Unable to connect to the database.
Main connection [MySQLi]: Too many connections
in SYSTEMPATH/Database/BaseConnection.php on line 428.
 1 SYSTEMPATH/Database/BaseConnection.php(575): CodeIgniter\Database\BaseConnection->initialize()
 2 SYSTEMPATH/Database/BaseBuilder.php(1616): CodeIgniter\Database\BaseConnection->query()
 3 APPPATH/Helpers/Common_helper.php(1444): CodeIgniter\Database\BaseBuilder->get()
 4 APPPATH/Filters/MainFilter.php(57): db_get()
 5 SYSTEMPATH/Filters/Filters.php(184): App\Filters\MainFilter->before()
 6 SYSTEMPATH/CodeIgniter.php(475): CodeIgniter\Filters\Filters->run()
 7 SYSTEMPATH/CodeIgniter.php(361): CodeIgniter\CodeIgniter->handleRequest()
 8 FCPATH/index.php(34): CodeIgniter\CodeIgniter->run()
ERROR - 2026-05-19 13:00:03 --> Error connecting to the database: mysqli_sql_exception: Too many connections in /var/www/wappbuzz/vendor/codeigniter4/framework/system/Database/MySQLi/Connection.php:185
Stack trace:
#0 /var/www/wappbuzz/vendor/codeigniter4/framework/system/Database/MySQLi/Connection.php(185): mysqli->real_connect()
#1 /var/www/wappbuzz/vendor/codeigniter4/framework/system/Database/BaseConnection.php(392): CodeIgniter\Database\MySQLi\Connection->connect()
#2 /var/www/wappbuzz/vendor/codeigniter4/framework/system/Database/BaseConnection.php(575): CodeIgniter\Database\BaseConnection->initialize()
#3 /var/www/wappbuzz/vendor/codeigniter4/framework/system/Database/BaseBuilder.php(1616): CodeIgniter\Database\BaseConnection->query()
#4 /var/www/wappbuzz/app/Helpers/Common_helper.php(1444): CodeIgniter\Database\BaseBuilder->get()
#5 /var/www/wappbuzz/app/Filters/MainFilter.php(57): db_get()
#6 /var/www/wappbuzz/vendor/codeigniter4/framework/system/Filters/Filters.php(184): App\Filters\MainFilter->before()
#7 /var/www/wappbuzz/vendor/codeigniter4/framework/system/CodeIgniter.php(475): CodeIgniter\Filters\Filters->run()
#8 /var/www/wappbuzz/vendor/codeigniter4/framework/system/CodeIgniter.php(361): CodeIgniter\CodeIgniter->handleRequest()
#9 /var/www/wappbuzz/index.php(34): CodeIgniter\CodeIgniter->run()
#10 {main}

Next CodeIgniter\Database\Exceptions\DatabaseException: Too many connections in /var/www/wappbuzz/vendor/codeigniter4/framework/system/Database/MySQLi/Connection.php:229
Stack trace:
#0 /var/www/wappbuzz/vendor/codeigniter4/framework/system/Database/BaseConnection.php(392): CodeIgniter\Database\MySQLi\Connection->connect()
#1 /var/www/wappbuzz/vendor/codeigniter4/framework/system/Database/BaseConnection.php(575): CodeIgniter\Database\BaseConnection->initialize()
#2 /var/www/wappbuzz/vendor/codeigniter4/framework/system/Database/BaseBuilder.php(1616): CodeIgniter\Database\BaseConnection->query()
#3 /var/www/wappbuzz/app/Helpers/Common_helper.php(1444): CodeIgniter\Database\BaseBuilder->get()
#4 /var/www/wappbuzz/app/Filters/MainFilter.php(57): db_get()
#5 /var/www/wappbuzz/vendor/codeigniter4/framework/system/Filters/Filters.php(184): App\Filters\MainFilter->before()
#6 /var/www/wappbuzz/vendor/codeigniter4/framework/system/CodeIgniter.php(475): CodeIgniter\Filters\Filters->run()
#7 /var/www/wappbuzz/vendor/codeigniter4/framework/system/CodeIgniter.php(361): CodeIgniter\CodeIgniter->handleRequest()
#8 /var/www/wappbuzz/index.php(34): CodeIgniter\CodeIgniter->run()
#9 {main}
CRITICAL - 2026-05-19 13:00:03 --> CodeIgniter\Database\Exceptions\DatabaseException: Unable to connect to the database.
Main connection [MySQLi]: Too many connections
in SYSTEMPATH/Database/BaseConnection.php on line 428.
 1 SYSTEMPATH/Database/BaseConnection.php(575): CodeIgniter\Database\BaseConnection->initialize()
 2 SYSTEMPATH/Database/BaseBuilder.php(1616): CodeIgniter\Database\BaseConnection->query()
 3 APPPATH/Helpers/Common_helper.php(1444): CodeIgniter\Database\BaseBuilder->get()
 4 APPPATH/Filters/MainFilter.php(57): db_get()
 5 SYSTEMPATH/Filters/Filters.php(184): App\Filters\MainFilter->before()
 6 SYSTEMPATH/CodeIgniter.php(475): CodeIgniter\Filters\Filters->run()
 7 SYSTEMPATH/CodeIgniter.php(361): CodeIgniter\CodeIgniter->handleRequest()
 8 FCPATH/index.php(34): CodeIgniter\CodeIgniter->run()
ERROR - 2026-05-19 13:01:43 --> Error connecting to the database: mysqli_sql_exception: Too many connections in /var/www/wappbuzz/vendor/codeigniter4/framework/system/Database/MySQLi/Connection.php:185
Stack trace:
#0 /var/www/wappbuzz/vendor/codeigniter4/framework/system/Database/MySQLi/Connection.php(185): mysqli->real_connect()
#1 /var/www/wappbuzz/vendor/codeigniter4/framework/system/Database/BaseConnection.php(392): CodeIgniter\Database\MySQLi\Connection->connect()
#2 /var/www/wappbuzz/vendor/codeigniter4/framework/system/Database/BaseConnection.php(575): CodeIgniter\Database\BaseConnection->initialize()
#3 /var/www/wappbuzz/vendor/codeigniter4/framework/system/Database/BaseBuilder.php(1616): CodeIgniter\Database\BaseConnection->query()
#4 /var/www/wappbuzz/app/Helpers/Common_helper.php(1444): CodeIgniter\Database\BaseBuilder->get()
#5 /var/www/wappbuzz/app/Filters/MainFilter.php(57): db_get()
#6 /var/www/wappbuzz/vendor/codeigniter4/framework/system/Filters/Filters.php(184): App\Filters\MainFilter->before()
#7 /var/www/wappbuzz/vendor/codeigniter4/framework/system/CodeIgniter.php(475): CodeIgniter\Filters\Filters->run()
#8 /var/www/wappbuzz/vendor/codeigniter4/framework/system/CodeIgniter.php(361): CodeIgniter\CodeIgniter->handleRequest()
#9 /var/www/wappbuzz/index.php(34): CodeIgniter\CodeIgniter->run()
#10 {main}

Next CodeIgniter\Database\Exceptions\DatabaseException: Too many connections in /var/www/wappbuzz/vendor/codeigniter4/framework/system/Database/MySQLi/Connection.php:229
Stack trace:
#0 /var/www/wappbuzz/vendor/codeigniter4/framework/system/Database/BaseConnection.php(392): CodeIgniter\Database\MySQLi\Connection->connect()
#1 /var/www/wappbuzz/vendor/codeigniter4/framework/system/Database/BaseConnection.php(575): CodeIgniter\Database\BaseConnection->initialize()
#2 /var/www/wappbuzz/vendor/codeigniter4/framework/system/Database/BaseBuilder.php(1616): CodeIgniter\Database\BaseConnection->query()
#3 /var/www/wappbuzz/app/Helpers/Common_helper.php(1444): CodeIgniter\Database\BaseBuilder->get()
#4 /var/www/wappbuzz/app/Filters/MainFilter.php(57): db_get()
#5 /var/www/wappbuzz/vendor/codeigniter4/framework/system/Filters/Filters.php(184): App\Filters\MainFilter->before()
#6 /var/www/wappbuzz/vendor/codeigniter4/framework/system/CodeIgniter.php(475): CodeIgniter\Filters\Filters->run()
#7 /var/www/wappbuzz/vendor/codeigniter4/framework/system/CodeIgniter.php(361): CodeIgniter\CodeIgniter->handleRequest()
#8 /var/www/wappbuzz/index.php(34): CodeIgniter\CodeIgniter->run()
#9 {main}
CRITICAL - 2026-05-19 13:01:43 --> CodeIgniter\Database\Exceptions\DatabaseException: Unable to connect to the database.
Main connection [MySQLi]: Too many connections
in SYSTEMPATH/Database/BaseConnection.php on line 428.
 1 SYSTEMPATH/Database/BaseConnection.php(575): CodeIgniter\Database\BaseConnection->initialize()
 2 SYSTEMPATH/Database/BaseBuilder.php(1616): CodeIgniter\Database\BaseConnection->query()
 3 APPPATH/Helpers/Common_helper.php(1444): CodeIgniter\Database\BaseBuilder->get()
 4 APPPATH/Filters/MainFilter.php(57): db_get()
 5 SYSTEMPATH/Filters/Filters.php(184): App\Filters\MainFilter->before()
 6 SYSTEMPATH/CodeIgniter.php(475): CodeIgniter\Filters\Filters->run()
 7 SYSTEMPATH/CodeIgniter.php(361): CodeIgniter\CodeIgniter->handleRequest()
 8 FCPATH/index.php(34): CodeIgniter\CodeIgniter->run()
ERROR - 2026-05-19 13:06:50 --> Error connecting to the database: mysqli_sql_exception: Too many connections in /var/www/wappbuzz/vendor/codeigniter4/framework/system/Database/MySQLi/Connection.php:185
Stack trace:
#0 /var/www/wappbuzz/vendor/codeigniter4/framework/system/Database/MySQLi/Connection.php(185): mysqli->real_connect()
#1 /var/www/wappbuzz/vendor/codeigniter4/framework/system/Database/BaseConnection.php(392): CodeIgniter\Database\MySQLi\Connection->connect()
#2 /var/www/wappbuzz/vendor/codeigniter4/framework/system/Database/BaseConnection.php(575): CodeIgniter\Database\BaseConnection->initialize()
#3 /var/www/wappbuzz/vendor/codeigniter4/framework/system/Database/BaseBuilder.php(1616): CodeIgniter\Database\BaseConnection->query()
#4 /var/www/wappbuzz/app/Helpers/Common_helper.php(1444): CodeIgniter\Database\BaseBuilder->get()
#5 /var/www/wappbuzz/app/Helpers/Common_helper.php(1348): db_get()
#6 /var/www/wappbuzz/app/Helpers/Common_helper.php(1793): get_option()
#7 /var/www/wappbuzz/inc/core/Home/Controllers/Home.php(7): parse_config()
#8 /var/www/wappbuzz/vendor/codeigniter4/framework/system/CodeIgniter.php(915): Core\Home\Controllers\Home->__construct()
#9 /var/www/wappbuzz/vendor/codeigniter4/framework/system/CodeIgniter.php(971): CodeIgniter\CodeIgniter->createController()
#10 /var/www/wappbuzz/vendor/codeigniter4/framework/system/CodeIgniter.php(370): CodeIgniter\CodeIgniter->display404errors()
#11 /var/www/wappbuzz/index.php(34): CodeIgniter\CodeIgniter->run()
#12 {main}

Next CodeIgniter\Database\Exceptions\DatabaseException: Too many connections in /var/www/wappbuzz/vendor/codeigniter4/framework/system/Database/MySQLi/Connection.php:229
Stack trace:
#0 /var/www/wappbuzz/vendor/codeigniter4/framework/system/Database/BaseConnection.php(392): CodeIgniter\Database\MySQLi\Connection->connect()
#1 /var/www/wappbuzz/vendor/codeigniter4/framework/system/Database/BaseConnection.php(575): CodeIgniter\Database\BaseConnection->initialize()
#2 /var/www/wappbuzz/vendor/codeigniter4/framework/system/Database/BaseBuilder.php(1616): CodeIgniter\Database\BaseConnection->query()
#3 /var/www/wappbuzz/app/Helpers/Common_helper.php(1444): CodeIgniter\Database\BaseBuilder->get()
#4 /var/www/wappbuzz/app/Helpers/Common_helper.php(1348): db_get()
#5 /var/www/wappbuzz/app/Helpers/Common_helper.php(1793): get_option()
#6 /var/www/wappbuzz/inc/core/Home/Controllers/Home.php(7): parse_config()
#7 /var/www/wappbuzz/vendor/codeigniter4/framework/system/CodeIgniter.php(915): Core\Home\Controllers\Home->__construct()
#8 /var/www/wappbuzz/vendor/codeigniter4/framework/system/CodeIgniter.php(971): CodeIgniter\CodeIgniter->createController()
#9 /var/www/wappbuzz/vendor/codeigniter4/framework/system/CodeIgniter.php(370): CodeIgniter\CodeIgniter->display404errors()
#10 /var/www/wappbuzz/index.php(34): CodeIgniter\CodeIgniter->run()
#11 {main}
CRITICAL - 2026-05-19 13:06:50 --> CodeIgniter\Database\Exceptions\DatabaseException: Unable to connect to the database.
Main connection [MySQLi]: Too many connections
in SYSTEMPATH/Database/BaseConnection.php on line 428.
 1 SYSTEMPATH/Database/BaseConnection.php(575): CodeIgniter\Database\BaseConnection->initialize()
 2 SYSTEMPATH/Database/BaseBuilder.php(1616): CodeIgniter\Database\BaseConnection->query()
 3 APPPATH/Helpers/Common_helper.php(1444): CodeIgniter\Database\BaseBuilder->get()
 4 APPPATH/Helpers/Common_helper.php(1348): db_get()
 5 APPPATH/Helpers/Common_helper.php(1793): get_option()
 6 FCPATH/inc/core/Home/Controllers/Home.php(7): parse_config()
 7 SYSTEMPATH/CodeIgniter.php(915): Core\Home\Controllers\Home->__construct()
 8 SYSTEMPATH/CodeIgniter.php(971): CodeIgniter\CodeIgniter->createController()
 9 SYSTEMPATH/CodeIgniter.php(370): CodeIgniter\CodeIgniter->display404errors()
10 FCPATH/index.php(34): CodeIgniter\CodeIgniter->run()
ERROR - 2026-05-19 13:09:24 --> Error connecting to the database: mysqli_sql_exception: Too many connections in /var/www/wappbuzz/vendor/codeigniter4/framework/system/Database/MySQLi/Connection.php:185
Stack trace:
#0 /var/www/wappbuzz/vendor/codeigniter4/framework/system/Database/MySQLi/Connection.php(185): mysqli->real_connect()
#1 /var/www/wappbuzz/vendor/codeigniter4/framework/system/Database/BaseConnection.php(392): CodeIgniter\Database\MySQLi\Connection->connect()
#2 /var/www/wappbuzz/vendor/codeigniter4/framework/system/Database/BaseConnection.php(575): CodeIgniter\Database\BaseConnection->initialize()
#3 /var/www/wappbuzz/vendor/codeigniter4/framework/system/Database/BaseBuilder.php(1616): CodeIgniter\Database\BaseConnection->query()
#4 /var/www/wappbuzz/app/Helpers/Common_helper.php(1444): CodeIgniter\Database\BaseBuilder->get()
#5 /var/www/wappbuzz/app/Helpers/Common_helper.php(1348): db_get()
#6 /var/www/wappbuzz/app/Helpers/Common_helper.php(1793): get_option()
#7 /var/www/wappbuzz/inc/core/Home/Controllers/Home.php(7): parse_config()
#8 /var/www/wappbuzz/vendor/codeigniter4/framework/system/CodeIgniter.php(915): Core\Home\Controllers\Home->__construct()
#9 /var/www/wappbuzz/vendor/codeigniter4/framework/system/CodeIgniter.php(971): CodeIgniter\CodeIgniter->createController()
#10 /var/www/wappbuzz/vendor/codeigniter4/framework/system/CodeIgniter.php(370): CodeIgniter\CodeIgniter->display404errors()
#11 /var/www/wappbuzz/index.php(34): CodeIgniter\CodeIgniter->run()
#12 {main}

Next CodeIgniter\Database\Exceptions\DatabaseException: Too many connections in /var/www/wappbuzz/vendor/codeigniter4/framework/system/Database/MySQLi/Connection.php:229
Stack trace:
#0 /var/www/wappbuzz/vendor/codeigniter4/framework/system/Database/BaseConnection.php(392): CodeIgniter\Database\MySQLi\Connection->connect()
#1 /var/www/wappbuzz/vendor/codeigniter4/framework/system/Database/BaseConnection.php(575): CodeIgniter\Database\BaseConnection->initialize()
#2 /var/www/wappbuzz/vendor/codeigniter4/framework/system/Database/BaseBuilder.php(1616): CodeIgniter\Database\BaseConnection->query()
#3 /var/www/wappbuzz/app/Helpers/Common_helper.php(1444): CodeIgniter\Database\BaseBuilder->get()
#4 /var/www/wappbuzz/app/Helpers/Common_helper.php(1348): db_get()
#5 /var/www/wappbuzz/app/Helpers/Common_helper.php(1793): get_option()
#6 /var/www/wappbuzz/inc/core/Home/Controllers/Home.php(7): parse_config()
#7 /var/www/wappbuzz/vendor/codeigniter4/framework/system/CodeIgniter.php(915): Core\Home\Controllers\Home->__construct()
#8 /var/www/wappbuzz/vendor/codeigniter4/framework/system/CodeIgniter.php(971): CodeIgniter\CodeIgniter->createController()
#9 /var/www/wappbuzz/vendor/codeigniter4/framework/system/CodeIgniter.php(370): CodeIgniter\CodeIgniter->display404errors()
#10 /var/www/wappbuzz/index.php(34): CodeIgniter\CodeIgniter->run()
#11 {main}
CRITICAL - 2026-05-19 13:09:24 --> CodeIgniter\Database\Exceptions\DatabaseException: Unable to connect to the database.
Main connection [MySQLi]: Too many connections
in SYSTEMPATH/Database/BaseConnection.php on line 428.
 1 SYSTEMPATH/Database/BaseConnection.php(575): CodeIgniter\Database\BaseConnection->initialize()
 2 SYSTEMPATH/Database/BaseBuilder.php(1616): CodeIgniter\Database\BaseConnection->query()
 3 APPPATH/Helpers/Common_helper.php(1444): CodeIgniter\Database\BaseBuilder->get()
 4 APPPATH/Helpers/Common_helper.php(1348): db_get()
 5 APPPATH/Helpers/Common_helper.php(1793): get_option()
 6 FCPATH/inc/core/Home/Controllers/Home.php(7): parse_config()
 7 SYSTEMPATH/CodeIgniter.php(915): Core\Home\Controllers\Home->__construct()
 8 SYSTEMPATH/CodeIgniter.php(971): CodeIgniter\CodeIgniter->createController()
 9 SYSTEMPATH/CodeIgniter.php(370): CodeIgniter\CodeIgniter->display404errors()
10 FCPATH/index.php(34): CodeIgniter\CodeIgniter->run()
ERROR - 2026-05-19 13:09:27 --> Error connecting to the database: mysqli_sql_exception: Too many connections in /var/www/wappbuzz/vendor/codeigniter4/framework/system/Database/MySQLi/Connection.php:185
Stack trace:
#0 /var/www/wappbuzz/vendor/codeigniter4/framework/system/Database/MySQLi/Connection.php(185): mysqli->real_connect()
#1 /var/www/wappbuzz/vendor/codeigniter4/framework/system/Database/BaseConnection.php(392): CodeIgniter\Database\MySQLi\Connection->connect()
#2 /var/www/wappbuzz/vendor/codeigniter4/framework/system/Database/BaseConnection.php(575): CodeIgniter\Database\BaseConnection->initialize()
#3 /var/www/wappbuzz/vendor/codeigniter4/framework/system/Database/BaseBuilder.php(1616): CodeIgniter\Database\BaseConnection->query()
#4 /var/www/wappbuzz/app/Helpers/Common_helper.php(1444): CodeIgniter\Database\BaseBuilder->get()
#5 /var/www/wappbuzz/app/Helpers/Common_helper.php(1348): db_get()
#6 /var/www/wappbuzz/app/Helpers/Common_helper.php(1793): get_option()
#7 /var/www/wappbuzz/inc/core/Home/Controllers/Home.php(7): parse_config()
#8 /var/www/wappbuzz/vendor/codeigniter4/framework/system/CodeIgniter.php(915): Core\Home\Controllers\Home->__construct()
#9 /var/www/wappbuzz/vendor/codeigniter4/framework/system/CodeIgniter.php(971): CodeIgniter\CodeIgniter->createController()
#10 /var/www/wappbuzz/vendor/codeigniter4/framework/system/CodeIgniter.php(370): CodeIgniter\CodeIgniter->display404errors()
#11 /var/www/wappbuzz/index.php(34): CodeIgniter\CodeIgniter->run()
#12 {main}

Next CodeIgniter\Database\Exceptions\DatabaseException: Too many connections in /var/www/wappbuzz/vendor/codeigniter4/framework/system/Database/MySQLi/Connection.php:229
Stack trace:
#0 /var/www/wappbuzz/vendor/codeigniter4/framework/system/Database/BaseConnection.php(392): CodeIgniter\Database\MySQLi\Connection->connect()
#1 /var/www/wappbuzz/vendor/codeigniter4/framework/system/Database/BaseConnection.php(575): CodeIgniter\Database\BaseConnection->initialize()
#2 /var/www/wappbuzz/vendor/codeigniter4/framework/system/Database/BaseBuilder.php(1616): CodeIgniter\Database\BaseConnection->query()
#3 /var/www/wappbuzz/app/Helpers/Common_helper.php(1444): CodeIgniter\Database\BaseBuilder->get()
#4 /var/www/wappbuzz/app/Helpers/Common_helper.php(1348): db_get()
#5 /var/www/wappbuzz/app/Helpers/Common_helper.php(1793): get_option()
#6 /var/www/wappbuzz/inc/core/Home/Controllers/Home.php(7): parse_config()
#7 /var/www/wappbuzz/vendor/codeigniter4/framework/system/CodeIgniter.php(915): Core\Home\Controllers\Home->__construct()
#8 /var/www/wappbuzz/vendor/codeigniter4/framework/system/CodeIgniter.php(971): CodeIgniter\CodeIgniter->createController()
#9 /var/www/wappbuzz/vendor/codeigniter4/framework/system/CodeIgniter.php(370): CodeIgniter\CodeIgniter->display404errors()
#10 /var/www/wappbuzz/index.php(34): CodeIgniter\CodeIgniter->run()
#11 {main}
CRITICAL - 2026-05-19 13:09:27 --> CodeIgniter\Database\Exceptions\DatabaseException: Unable to connect to the database.
Main connection [MySQLi]: Too many connections
in SYSTEMPATH/Database/BaseConnection.php on line 428.
 1 SYSTEMPATH/Database/BaseConnection.php(575): CodeIgniter\Database\BaseConnection->initialize()
 2 SYSTEMPATH/Database/BaseBuilder.php(1616): CodeIgniter\Database\BaseConnection->query()
 3 APPPATH/Helpers/Common_helper.php(1444): CodeIgniter\Database\BaseBuilder->get()
 4 APPPATH/Helpers/Common_helper.php(1348): db_get()
 5 APPPATH/Helpers/Common_helper.php(1793): get_option()
 6 FCPATH/inc/core/Home/Controllers/Home.php(7): parse_config()
 7 SYSTEMPATH/CodeIgniter.php(915): Core\Home\Controllers\Home->__construct()
 8 SYSTEMPATH/CodeIgniter.php(971): CodeIgniter\CodeIgniter->createController()
 9 SYSTEMPATH/CodeIgniter.php(370): CodeIgniter\CodeIgniter->display404errors()
10 FCPATH/index.php(34): CodeIgniter\CodeIgniter->run()
ERROR - 2026-05-19 13:09:36 --> Error connecting to the database: mysqli_sql_exception: Too many connections in /var/www/wappbuzz/vendor/codeigniter4/framework/system/Database/MySQLi/Connection.php:185
Stack trace:
#0 /var/www/wappbuzz/vendor/codeigniter4/framework/system/Database/MySQLi/Connection.php(185): mysqli->real_connect()
#1 /var/www/wappbuzz/vendor/codeigniter4/framework/system/Database/BaseConnection.php(392): CodeIgniter\Database\MySQLi\Connection->connect()
#2 /var/www/wappbuzz/vendor/codeigniter4/framework/system/Database/BaseConnection.php(575): CodeIgniter\Database\BaseConnection->initialize()
#3 /var/www/wappbuzz/vendor/codeigniter4/framework/system/Database/BaseBuilder.php(1616): CodeIgniter\Database\BaseConnection->query()
#4 /var/www/wappbuzz/app/Helpers/Common_helper.php(1444): CodeIgniter\Database\BaseBuilder->get()
#5 /var/www/wappbuzz/app/Filters/MainFilter.php(57): db_get()
#6 /var/www/wappbuzz/vendor/codeigniter4/framework/system/Filters/Filters.php(184): App\Filters\MainFilter->before()
#7 /var/www/wappbuzz/vendor/codeigniter4/framework/system/CodeIgniter.php(475): CodeIgniter\Filters\Filters->run()
#8 /var/www/wappbuzz/vendor/codeigniter4/framework/system/CodeIgniter.php(361): CodeIgniter\CodeIgniter->handleRequest()
#9 /var/www/wappbuzz/index.php(34): CodeIgniter\CodeIgniter->run()
#10 {main}

Next CodeIgniter\Database\Exceptions\DatabaseException: Too many connections in /var/www/wappbuzz/vendor/codeigniter4/framework/system/Database/MySQLi/Connection.php:229
Stack trace:
#0 /var/www/wappbuzz/vendor/codeigniter4/framework/system/Database/BaseConnection.php(392): CodeIgniter\Database\MySQLi\Connection->connect()
#1 /var/www/wappbuzz/vendor/codeigniter4/framework/system/Database/BaseConnection.php(575): CodeIgniter\Database\BaseConnection->initialize()
#2 /var/www/wappbuzz/vendor/codeigniter4/framework/system/Database/BaseBuilder.php(1616): CodeIgniter\Database\BaseConnection->query()
#3 /var/www/wappbuzz/app/Helpers/Common_helper.php(1444): CodeIgniter\Database\BaseBuilder->get()
#4 /var/www/wappbuzz/app/Filters/MainFilter.php(57): db_get()
#5 /var/www/wappbuzz/vendor/codeigniter4/framework/system/Filters/Filters.php(184): App\Filters\MainFilter->before()
#6 /var/www/wappbuzz/vendor/codeigniter4/framework/system/CodeIgniter.php(475): CodeIgniter\Filters\Filters->run()
#7 /var/www/wappbuzz/vendor/codeigniter4/framework/system/CodeIgniter.php(361): CodeIgniter\CodeIgniter->handleRequest()
#8 /var/www/wappbuzz/index.php(34): CodeIgniter\CodeIgniter->run()
#9 {main}
CRITICAL - 2026-05-19 13:09:36 --> CodeIgniter\Database\Exceptions\DatabaseException: Unable to connect to the database.
Main connection [MySQLi]: Too many connections
in SYSTEMPATH/Database/BaseConnection.php on line 428.
 1 SYSTEMPATH/Database/BaseConnection.php(575): CodeIgniter\Database\BaseConnection->initialize()
 2 SYSTEMPATH/Database/BaseBuilder.php(1616): CodeIgniter\Database\BaseConnection->query()
 3 APPPATH/Helpers/Common_helper.php(1444): CodeIgniter\Database\BaseBuilder->get()
 4 APPPATH/Filters/MainFilter.php(57): db_get()
 5 SYSTEMPATH/Filters/Filters.php(184): App\Filters\MainFilter->before()
 6 SYSTEMPATH/CodeIgniter.php(475): CodeIgniter\Filters\Filters->run()
 7 SYSTEMPATH/CodeIgniter.php(361): CodeIgniter\CodeIgniter->handleRequest()
 8 FCPATH/index.php(34): CodeIgniter\CodeIgniter->run()
ERROR - 2026-05-19 13:09:36 --> Error connecting to the database: mysqli_sql_exception: Too many connections in /var/www/wappbuzz/vendor/codeigniter4/framework/system/Database/MySQLi/Connection.php:185
Stack trace:
#0 /var/www/wappbuzz/vendor/codeigniter4/framework/system/Database/MySQLi/Connection.php(185): mysqli->real_connect()
#1 /var/www/wappbuzz/vendor/codeigniter4/framework/system/Database/BaseConnection.php(392): CodeIgniter\Database\MySQLi\Connection->connect()
#2 /var/www/wappbuzz/vendor/codeigniter4/framework/system/Database/BaseConnection.php(575): CodeIgniter\Database\BaseConnection->initialize()
#3 /var/www/wappbuzz/vendor/codeigniter4/framework/system/Database/BaseBuilder.php(1616): CodeIgniter\Database\BaseConnection->query()
#4 /var/www/wappbuzz/app/Helpers/Common_helper.php(1444): CodeIgniter\Database\BaseBuilder->get()
#5 /var/www/wappbuzz/app/Filters/MainFilter.php(57): db_get()
#6 /var/www/wappbuzz/vendor/codeigniter4/framework/system/Filters/Filters.php(184): App\Filters\MainFilter->before()
#7 /var/www/wappbuzz/vendor/codeigniter4/framework/system/CodeIgniter.php(475): CodeIgniter\Filters\Filters->run()
#8 /var/www/wappbuzz/vendor/codeigniter4/framework/system/CodeIgniter.php(361): CodeIgniter\CodeIgniter->handleRequest()
#9 /var/www/wappbuzz/index.php(34): CodeIgniter\CodeIgniter->run()
#10 {main}

Next CodeIgniter\Database\Exceptions\DatabaseException: Too many connections in /var/www/wappbuzz/vendor/codeigniter4/framework/system/Database/MySQLi/Connection.php:229
Stack trace:
#0 /var/www/wappbuzz/vendor/codeigniter4/framework/system/Database/BaseConnection.php(392): CodeIgniter\Database\MySQLi\Connection->connect()
#1 /var/www/wappbuzz/vendor/codeigniter4/framework/system/Database/BaseConnection.php(575): CodeIgniter\Database\BaseConnection->initialize()
#2 /var/www/wappbuzz/vendor/codeigniter4/framework/system/Database/BaseBuilder.php(1616): CodeIgniter\Database\BaseConnection->query()
#3 /var/www/wappbuzz/app/Helpers/Common_helper.php(1444): CodeIgniter\Database\BaseBuilder->get()
#4 /var/www/wappbuzz/app/Filters/MainFilter.php(57): db_get()
#5 /var/www/wappbuzz/vendor/codeigniter4/framework/system/Filters/Filters.php(184): App\Filters\MainFilter->before()
#6 /var/www/wappbuzz/vendor/codeigniter4/framework/system/CodeIgniter.php(475): CodeIgniter\Filters\Filters->run()
#7 /var/www/wappbuzz/vendor/codeigniter4/framework/system/CodeIgniter.php(361): CodeIgniter\CodeIgniter->handleRequest()
#8 /var/www/wappbuzz/index.php(34): CodeIgniter\CodeIgniter->run()
#9 {main}
CRITICAL - 2026-05-19 13:09:36 --> CodeIgniter\Database\Exceptions\DatabaseException: Unable to connect to the database.
Main connection [MySQLi]: Too many connections
in SYSTEMPATH/Database/BaseConnection.php on line 428.
 1 SYSTEMPATH/Database/BaseConnection.php(575): CodeIgniter\Database\BaseConnection->initialize()
 2 SYSTEMPATH/Database/BaseBuilder.php(1616): CodeIgniter\Database\BaseConnection->query()
 3 APPPATH/Helpers/Common_helper.php(1444): CodeIgniter\Database\BaseBuilder->get()
 4 APPPATH/Filters/MainFilter.php(57): db_get()
 5 SYSTEMPATH/Filters/Filters.php(184): App\Filters\MainFilter->before()
 6 SYSTEMPATH/CodeIgniter.php(475): CodeIgniter\Filters\Filters->run()
 7 SYSTEMPATH/CodeIgniter.php(361): CodeIgniter\CodeIgniter->handleRequest()
 8 FCPATH/index.php(34): CodeIgniter\CodeIgniter->run()
ERROR - 2026-05-19 13:09:36 --> Error connecting to the database: mysqli_sql_exception: Too many connections in /var/www/wappbuzz/vendor/codeigniter4/framework/system/Database/MySQLi/Connection.php:185
Stack trace:
#0 /var/www/wappbuzz/vendor/codeigniter4/framework/system/Database/MySQLi/Connection.php(185): mysqli->real_connect()
#1 /var/www/wappbuzz/vendor/codeigniter4/framework/system/Database/BaseConnection.php(392): CodeIgniter\Database\MySQLi\Connection->connect()
#2 /var/www/wappbuzz/vendor/codeigniter4/framework/system/Database/BaseConnection.php(575): CodeIgniter\Database\BaseConnection->initialize()
#3 /var/www/wappbuzz/vendor/codeigniter4/framework/system/Database/BaseBuilder.php(1616): CodeIgniter\Database\BaseConnection->query()
#4 /var/www/wappbuzz/app/Helpers/Common_helper.php(1444): CodeIgniter\Database\BaseBuilder->get()
#5 /var/www/wappbuzz/app/Helpers/Common_helper.php(1348): db_get()
#6 /var/www/wappbuzz/app/Helpers/Common_helper.php(1793): get_option()
#7 /var/www/wappbuzz/inc/core/Home/Controllers/Home.php(7): parse_config()
#8 /var/www/wappbuzz/vendor/codeigniter4/framework/system/CodeIgniter.php(915): Core\Home\Controllers\Home->__construct()
#9 /var/www/wappbuzz/vendor/codeigniter4/framework/system/CodeIgniter.php(971): CodeIgniter\CodeIgniter->createController()
#10 /var/www/wappbuzz/vendor/codeigniter4/framework/system/CodeIgniter.php(370): CodeIgniter\CodeIgniter->display404errors()
#11 /var/www/wappbuzz/index.php(34): CodeIgniter\CodeIgniter->run()
#12 {main}

Next CodeIgniter\Database\Exceptions\DatabaseException: Too many connections in /var/www/wappbuzz/vendor/codeigniter4/framework/system/Database/MySQLi/Connection.php:229
Stack trace:
#0 /var/www/wappbuzz/vendor/codeigniter4/framework/system/Database/BaseConnection.php(392): CodeIgniter\Database\MySQLi\Connection->connect()
#1 /var/www/wappbuzz/vendor/codeigniter4/framework/system/Database/BaseConnection.php(575): CodeIgniter\Database\BaseConnection->initialize()
#2 /var/www/wappbuzz/vendor/codeigniter4/framework/system/Database/BaseBuilder.php(1616): CodeIgniter\Database\BaseConnection->query()
#3 /var/www/wappbuzz/app/Helpers/Common_helper.php(1444): CodeIgniter\Database\BaseBuilder->get()
#4 /var/www/wappbuzz/app/Helpers/Common_helper.php(1348): db_get()
#5 /var/www/wappbuzz/app/Helpers/Common_helper.php(1793): get_option()
#6 /var/www/wappbuzz/inc/core/Home/Controllers/Home.php(7): parse_config()
#7 /var/www/wappbuzz/vendor/codeigniter4/framework/system/CodeIgniter.php(915): Core\Home\Controllers\Home->__construct()
#8 /var/www/wappbuzz/vendor/codeigniter4/framework/system/CodeIgniter.php(971): CodeIgniter\CodeIgniter->createController()
#9 /var/www/wappbuzz/vendor/codeigniter4/framework/system/CodeIgniter.php(370): CodeIgniter\CodeIgniter->display404errors()
#10 /var/www/wappbuzz/index.php(34): CodeIgniter\CodeIgniter->run()
#11 {main}
CRITICAL - 2026-05-19 13:09:36 --> CodeIgniter\Database\Exceptions\DatabaseException: Unable to connect to the database.
Main connection [MySQLi]: Too many connections
in SYSTEMPATH/Database/BaseConnection.php on line 428.
 1 SYSTEMPATH/Database/BaseConnection.php(575): CodeIgniter\Database\BaseConnection->initialize()
 2 SYSTEMPATH/Database/BaseBuilder.php(1616): CodeIgniter\Database\BaseConnection->query()
 3 APPPATH/Helpers/Common_helper.php(1444): CodeIgniter\Database\BaseBuilder->get()
 4 APPPATH/Helpers/Common_helper.php(1348): db_get()
 5 APPPATH/Helpers/Common_helper.php(1793): get_option()
 6 FCPATH/inc/core/Home/Controllers/Home.php(7): parse_config()
 7 SYSTEMPATH/CodeIgniter.php(915): Core\Home\Controllers\Home->__construct()
 8 SYSTEMPATH/CodeIgniter.php(971): CodeIgniter\CodeIgniter->createController()
 9 SYSTEMPATH/CodeIgniter.php(370): CodeIgniter\CodeIgniter->display404errors()
10 FCPATH/index.php(34): CodeIgniter\CodeIgniter->run()
ERROR - 2026-05-19 13:09:36 --> Error connecting to the database: mysqli_sql_exception: Too many connections in /var/www/wappbuzz/vendor/codeigniter4/framework/system/Database/MySQLi/Connection.php:185
Stack trace:
#0 /var/www/wappbuzz/vendor/codeigniter4/framework/system/Database/MySQLi/Connection.php(185): mysqli->real_connect()
#1 /var/www/wappbuzz/vendor/codeigniter4/framework/system/Database/BaseConnection.php(392): CodeIgniter\Database\MySQLi\Connection->connect()
#2 /var/www/wappbuzz/vendor/codeigniter4/framework/system/Database/BaseConnection.php(575): CodeIgniter\Database\BaseConnection->initialize()
#3 /var/www/wappbuzz/vendor/codeigniter4/framework/system/Database/BaseBuilder.php(1616): CodeIgniter\Database\BaseConnection->query()
#4 /var/www/wappbuzz/app/Helpers/Common_helper.php(1444): CodeIgniter\Database\BaseBuilder->get()
#5 /var/www/wappbuzz/app/Filters/MainFilter.php(57): db_get()
#6 /var/www/wappbuzz/vendor/codeigniter4/framework/system/Filters/Filters.php(184): App\Filters\MainFilter->before()
#7 /var/www/wappbuzz/vendor/codeigniter4/framework/system/CodeIgniter.php(475): CodeIgniter\Filters\Filters->run()
#8 /var/www/wappbuzz/vendor/codeigniter4/framework/system/CodeIgniter.php(361): CodeIgniter\CodeIgniter->handleRequest()
#9 /var/www/wappbuzz/index.php(34): CodeIgniter\CodeIgniter->run()
#10 {main}

Next CodeIgniter\Database\Exceptions\DatabaseException: Too many connections in /var/www/wappbuzz/vendor/codeigniter4/framework/system/Database/MySQLi/Connection.php:229
Stack trace:
#0 /var/www/wappbuzz/vendor/codeigniter4/framework/system/Database/BaseConnection.php(392): CodeIgniter\Database\MySQLi\Connection->connect()
#1 /var/www/wappbuzz/vendor/codeigniter4/framework/system/Database/BaseConnection.php(575): CodeIgniter\Database\BaseConnection->initialize()
#2 /var/www/wappbuzz/vendor/codeigniter4/framework/system/Database/BaseBuilder.php(1616): CodeIgniter\Database\BaseConnection->query()
#3 /var/www/wappbuzz/app/Helpers/Common_helper.php(1444): CodeIgniter\Database\BaseBuilder->get()
#4 /var/www/wappbuzz/app/Filters/MainFilter.php(57): db_get()
#5 /var/www/wappbuzz/vendor/codeigniter4/framework/system/Filters/Filters.php(184): App\Filters\MainFilter->before()
#6 /var/www/wappbuzz/vendor/codeigniter4/framework/system/CodeIgniter.php(475): CodeIgniter\Filters\Filters->run()
#7 /var/www/wappbuzz/vendor/codeigniter4/framework/system/CodeIgniter.php(361): CodeIgniter\CodeIgniter->handleRequest()
#8 /var/www/wappbuzz/index.php(34): CodeIgniter\CodeIgniter->run()
#9 {main}
CRITICAL - 2026-05-19 13:09:36 --> CodeIgniter\Database\Exceptions\DatabaseException: Unable to connect to the database.
Main connection [MySQLi]: Too many connections
in SYSTEMPATH/Database/BaseConnection.php on line 428.
 1 SYSTEMPATH/Database/BaseConnection.php(575): CodeIgniter\Database\BaseConnection->initialize()
 2 SYSTEMPATH/Database/BaseBuilder.php(1616): CodeIgniter\Database\BaseConnection->query()
 3 APPPATH/Helpers/Common_helper.php(1444): CodeIgniter\Database\BaseBuilder->get()
 4 APPPATH/Filters/MainFilter.php(57): db_get()
 5 SYSTEMPATH/Filters/Filters.php(184): App\Filters\MainFilter->before()
 6 SYSTEMPATH/CodeIgniter.php(475): CodeIgniter\Filters\Filters->run()
 7 SYSTEMPATH/CodeIgniter.php(361): CodeIgniter\CodeIgniter->handleRequest()
 8 FCPATH/index.php(34): CodeIgniter\CodeIgniter->run()
ERROR - 2026-05-19 13:09:36 --> Error connecting to the database: mysqli_sql_exception: Too many connections in /var/www/wappbuzz/vendor/codeigniter4/framework/system/Database/MySQLi/Connection.php:185
Stack trace:
#0 /var/www/wappbuzz/vendor/codeigniter4/framework/system/Database/MySQLi/Connection.php(185): mysqli->real_connect()
#1 /var/www/wappbuzz/vendor/codeigniter4/framework/system/Database/BaseConnection.php(392): CodeIgniter\Database\MySQLi\Connection->connect()
#2 /var/www/wappbuzz/vendor/codeigniter4/framework/system/Database/BaseConnection.php(575): CodeIgniter\Database\BaseConnection->initialize()
#3 /var/www/wappbuzz/vendor/codeigniter4/framework/system/Database/BaseBuilder.php(1616): CodeIgniter\Database\BaseConnection->query()
#4 /var/www/wappbuzz/app/Helpers/Common_helper.php(1444): CodeIgniter\Database\BaseBuilder->get()
#5 /var/www/wappbuzz/app/Helpers/Common_helper.php(1348): db_get()
#6 /var/www/wappbuzz/app/Helpers/Common_helper.php(1793): get_option()
#7 /var/www/wappbuzz/inc/core/Home/Controllers/Home.php(7): parse_config()
#8 /var/www/wappbuzz/vendor/codeigniter4/framework/system/CodeIgniter.php(915): Core\Home\Controllers\Home->__construct()
#9 /var/www/wappbuzz/vendor/codeigniter4/framework/system/CodeIgniter.php(971): CodeIgniter\CodeIgniter->createController()
#10 /var/www/wappbuzz/vendor/codeigniter4/framework/system/CodeIgniter.php(370): CodeIgniter\CodeIgniter->display404errors()
#11 /var/www/wappbuzz/index.php(34): CodeIgniter\CodeIgniter->run()
#12 {main}

Next CodeIgniter\Database\Exceptions\DatabaseException: Too many connections in /var/www/wappbuzz/vendor/codeigniter4/framework/system/Database/MySQLi/Connection.php:229
Stack trace:
#0 /var/www/wappbuzz/vendor/codeigniter4/framework/system/Database/BaseConnection.php(392): CodeIgniter\Database\MySQLi\Connection->connect()
#1 /var/www/wappbuzz/vendor/codeigniter4/framework/system/Database/BaseConnection.php(575): CodeIgniter\Database\BaseConnection->initialize()
#2 /var/www/wappbuzz/vendor/codeigniter4/framework/system/Database/BaseBuilder.php(1616): CodeIgniter\Database\BaseConnection->query()
#3 /var/www/wappbuzz/app/Helpers/Common_helper.php(1444): CodeIgniter\Database\BaseBuilder->get()
#4 /var/www/wappbuzz/app/Helpers/Common_helper.php(1348): db_get()
#5 /var/www/wappbuzz/app/Helpers/Common_helper.php(1793): get_option()
#6 /var/www/wappbuzz/inc/core/Home/Controllers/Home.php(7): parse_config()
#7 /var/www/wappbuzz/vendor/codeigniter4/framework/system/CodeIgniter.php(915): Core\Home\Controllers\Home->__construct()
#8 /var/www/wappbuzz/vendor/codeigniter4/framework/system/CodeIgniter.php(971): CodeIgniter\CodeIgniter->createController()
#9 /var/www/wappbuzz/vendor/codeigniter4/framework/system/CodeIgniter.php(370): CodeIgniter\CodeIgniter->display404errors()
#10 /var/www/wappbuzz/index.php(34): CodeIgniter\CodeIgniter->run()
#11 {main}
CRITICAL - 2026-05-19 13:09:36 --> CodeIgniter\Database\Exceptions\DatabaseException: Unable to connect to the database.
Main connection [MySQLi]: Too many connections
in SYSTEMPATH/Database/BaseConnection.php on line 428.
 1 SYSTEMPATH/Database/BaseConnection.php(575): CodeIgniter\Database\BaseConnection->initialize()
 2 SYSTEMPATH/Database/BaseBuilder.php(1616): CodeIgniter\Database\BaseConnection->query()
 3 APPPATH/Helpers/Common_helper.php(1444): CodeIgniter\Database\BaseBuilder->get()
 4 APPPATH/Helpers/Common_helper.php(1348): db_get()
 5 APPPATH/Helpers/Common_helper.php(1793): get_option()
 6 FCPATH/inc/core/Home/Controllers/Home.php(7): parse_config()
 7 SYSTEMPATH/CodeIgniter.php(915): Core\Home\Controllers\Home->__construct()
 8 SYSTEMPATH/CodeIgniter.php(971): CodeIgniter\CodeIgniter->createController()
 9 SYSTEMPATH/CodeIgniter.php(370): CodeIgniter\CodeIgniter->display404errors()
10 FCPATH/index.php(34): CodeIgniter\CodeIgniter->run()
ERROR - 2026-05-19 13:09:36 --> Error connecting to the database: mysqli_sql_exception: Too many connections in /var/www/wappbuzz/vendor/codeigniter4/framework/system/Database/MySQLi/Connection.php:185
Stack trace:
#0 /var/www/wappbuzz/vendor/codeigniter4/framework/system/Database/MySQLi/Connection.php(185): mysqli->real_connect()
#1 /var/www/wappbuzz/vendor/codeigniter4/framework/system/Database/BaseConnection.php(392): CodeIgniter\Database\MySQLi\Connection->connect()
#2 /var/www/wappbuzz/vendor/codeigniter4/framework/system/Database/BaseConnection.php(575): CodeIgniter\Database\BaseConnection->initialize()
#3 /var/www/wappbuzz/vendor/codeigniter4/framework/system/Database/BaseBuilder.php(1616): CodeIgniter\Database\BaseConnection->query()
#4 /var/www/wappbuzz/app/Helpers/Common_helper.php(1444): CodeIgniter\Database\BaseBuilder->get()
#5 /var/www/wappbuzz/app/Helpers/Common_helper.php(1348): db_get()
#6 /var/www/wappbuzz/app/Helpers/Common_helper.php(1793): get_option()
#7 /var/www/wappbuzz/inc/core/Home/Controllers/Home.php(7): parse_config()
#8 /var/www/wappbuzz/vendor/codeigniter4/framework/system/CodeIgniter.php(915): Core\Home\Controllers\Home->__construct()
#9 /var/www/wappbuzz/vendor/codeigniter4/framework/system/CodeIgniter.php(971): CodeIgniter\CodeIgniter->createController()
#10 /var/www/wappbuzz/vendor/codeigniter4/framework/system/CodeIgniter.php(370): CodeIgniter\CodeIgniter->display404errors()
#11 /var/www/wappbuzz/index.php(34): CodeIgniter\CodeIgniter->run()
#12 {main}

Next CodeIgniter\Database\Exceptions\DatabaseException: Too many connections in /var/www/wappbuzz/vendor/codeigniter4/framework/system/Database/MySQLi/Connection.php:229
Stack trace:
#0 /var/www/wappbuzz/vendor/codeigniter4/framework/system/Database/BaseConnection.php(392): CodeIgniter\Database\MySQLi\Connection->connect()
#1 /var/www/wappbuzz/vendor/codeigniter4/framework/system/Database/BaseConnection.php(575): CodeIgniter\Database\BaseConnection->initialize()
#2 /var/www/wappbuzz/vendor/codeigniter4/framework/system/Database/BaseBuilder.php(1616): CodeIgniter\Database\BaseConnection->query()
#3 /var/www/wappbuzz/app/Helpers/Common_helper.php(1444): CodeIgniter\Database\BaseBuilder->get()
#4 /var/www/wappbuzz/app/Helpers/Common_helper.php(1348): db_get()
#5 /var/www/wappbuzz/app/Helpers/Common_helper.php(1793): get_option()
#6 /var/www/wappbuzz/inc/core/Home/Controllers/Home.php(7): parse_config()
#7 /var/www/wappbuzz/vendor/codeigniter4/framework/system/CodeIgniter.php(915): Core\Home\Controllers\Home->__construct()
#8 /var/www/wappbuzz/vendor/codeigniter4/framework/system/CodeIgniter.php(971): CodeIgniter\CodeIgniter->createController()
#9 /var/www/wappbuzz/vendor/codeigniter4/framework/system/CodeIgniter.php(370): CodeIgniter\CodeIgniter->display404errors()
#10 /var/www/wappbuzz/index.php(34): CodeIgniter\CodeIgniter->run()
#11 {main}
CRITICAL - 2026-05-19 13:09:36 --> CodeIgniter\Database\Exceptions\DatabaseException: Unable to connect to the database.
Main connection [MySQLi]: Too many connections
in SYSTEMPATH/Database/BaseConnection.php on line 428.
 1 SYSTEMPATH/Database/BaseConnection.php(575): CodeIgniter\Database\BaseConnection->initialize()
 2 SYSTEMPATH/Database/BaseBuilder.php(1616): CodeIgniter\Database\BaseConnection->query()
 3 APPPATH/Helpers/Common_helper.php(1444): CodeIgniter\Database\BaseBuilder->get()
 4 APPPATH/Helpers/Common_helper.php(1348): db_get()
 5 APPPATH/Helpers/Common_helper.php(1793): get_option()
 6 FCPATH/inc/core/Home/Controllers/Home.php(7): parse_config()
 7 SYSTEMPATH/CodeIgniter.php(915): Core\Home\Controllers\Home->__construct()
 8 SYSTEMPATH/CodeIgniter.php(971): CodeIgniter\CodeIgniter->createController()
 9 SYSTEMPATH/CodeIgniter.php(370): CodeIgniter\CodeIgniter->display404errors()
10 FCPATH/index.php(34): CodeIgniter\CodeIgniter->run()
ERROR - 2026-05-19 13:09:36 --> Error connecting to the database: mysqli_sql_exception: Too many connections in /var/www/wappbuzz/vendor/codeigniter4/framework/system/Database/MySQLi/Connection.php:185
Stack trace:
#0 /var/www/wappbuzz/vendor/codeigniter4/framework/system/Database/MySQLi/Connection.php(185): mysqli->real_connect()
#1 /var/www/wappbuzz/vendor/codeigniter4/framework/system/Database/BaseConnection.php(392): CodeIgniter\Database\MySQLi\Connection->connect()
#2 /var/www/wappbuzz/vendor/codeigniter4/framework/system/Database/BaseConnection.php(575): CodeIgniter\Database\BaseConnection->initialize()
#3 /var/www/wappbuzz/vendor/codeigniter4/framework/system/Database/BaseBuilder.php(1616): CodeIgniter\Database\BaseConnection->query()
#4 /var/www/wappbuzz/app/Helpers/Common_helper.php(1444): CodeIgniter\Database\BaseBuilder->get()
#5 /var/www/wappbuzz/app/Helpers/Common_helper.php(1348): db_get()
#6 /var/www/wappbuzz/app/Helpers/Common_helper.php(1793): get_option()
#7 /var/www/wappbuzz/inc/core/Home/Controllers/Home.php(7): parse_config()
#8 /var/www/wappbuzz/vendor/codeigniter4/framework/system/CodeIgniter.php(915): Core\Home\Controllers\Home->__construct()
#9 /var/www/wappbuzz/vendor/codeigniter4/framework/system/CodeIgniter.php(971): CodeIgniter\CodeIgniter->createController()
#10 /var/www/wappbuzz/vendor/codeigniter4/framework/system/CodeIgniter.php(370): CodeIgniter\CodeIgniter->display404errors()
#11 /var/www/wappbuzz/index.php(34): CodeIgniter\CodeIgniter->run()
#12 {main}

Next CodeIgniter\Database\Exceptions\DatabaseException: Too many connections in /var/www/wappbuzz/vendor/codeigniter4/framework/system/Database/MySQLi/Connection.php:229
Stack trace:
#0 /var/www/wappbuzz/vendor/codeigniter4/framework/system/Database/BaseConnection.php(392): CodeIgniter\Database\MySQLi\Connection->connect()
#1 /var/www/wappbuzz/vendor/codeigniter4/framework/system/Database/BaseConnection.php(575): CodeIgniter\Database\BaseConnection->initialize()
#2 /var/www/wappbuzz/vendor/codeigniter4/framework/system/Database/BaseBuilder.php(1616): CodeIgniter\Database\BaseConnection->query()
#3 /var/www/wappbuzz/app/Helpers/Common_helper.php(1444): CodeIgniter\Database\BaseBuilder->get()
#4 /var/www/wappbuzz/app/Helpers/Common_helper.php(1348): db_get()
#5 /var/www/wappbuzz/app/Helpers/Common_helper.php(1793): get_option()
#6 /var/www/wappbuzz/inc/core/Home/Controllers/Home.php(7): parse_config()
#7 /var/www/wappbuzz/vendor/codeigniter4/framework/system/CodeIgniter.php(915): Core\Home\Controllers\Home->__construct()
#8 /var/www/wappbuzz/vendor/codeigniter4/framework/system/CodeIgniter.php(971): CodeIgniter\CodeIgniter->createController()
#9 /var/www/wappbuzz/vendor/codeigniter4/framework/system/CodeIgniter.php(370): CodeIgniter\CodeIgniter->display404errors()
#10 /var/www/wappbuzz/index.php(34): CodeIgniter\CodeIgniter->run()
#11 {main}
CRITICAL - 2026-05-19 13:09:36 --> CodeIgniter\Database\Exceptions\DatabaseException: Unable to connect to the database.
Main connection [MySQLi]: Too many connections
in SYSTEMPATH/Database/BaseConnection.php on line 428.
 1 SYSTEMPATH/Database/BaseConnection.php(575): CodeIgniter\Database\BaseConnection->initialize()
 2 SYSTEMPATH/Database/BaseBuilder.php(1616): CodeIgniter\Database\BaseConnection->query()
 3 APPPATH/Helpers/Common_helper.php(1444): CodeIgniter\Database\BaseBuilder->get()
 4 APPPATH/Helpers/Common_helper.php(1348): db_get()
 5 APPPATH/Helpers/Common_helper.php(1793): get_option()
 6 FCPATH/inc/core/Home/Controllers/Home.php(7): parse_config()
 7 SYSTEMPATH/CodeIgniter.php(915): Core\Home\Controllers\Home->__construct()
 8 SYSTEMPATH/CodeIgniter.php(971): CodeIgniter\CodeIgniter->createController()
 9 SYSTEMPATH/CodeIgniter.php(370): CodeIgniter\CodeIgniter->display404errors()
10 FCPATH/index.php(34): CodeIgniter\CodeIgniter->run()
ERROR - 2026-05-19 13:09:36 --> Error connecting to the database: mysqli_sql_exception: Too many connections in /var/www/wappbuzz/vendor/codeigniter4/framework/system/Database/MySQLi/Connection.php:185
Stack trace:
#0 /var/www/wappbuzz/vendor/codeigniter4/framework/system/Database/MySQLi/Connection.php(185): mysqli->real_connect()
#1 /var/www/wappbuzz/vendor/codeigniter4/framework/system/Database/BaseConnection.php(392): CodeIgniter\Database\MySQLi\Connection->connect()
#2 /var/www/wappbuzz/vendor/codeigniter4/framework/system/Database/BaseConnection.php(575): CodeIgniter\Database\BaseConnection->initialize()
#3 /var/www/wappbuzz/vendor/codeigniter4/framework/system/Database/BaseBuilder.php(1616): CodeIgniter\Database\BaseConnection->query()
#4 /var/www/wappbuzz/app/Helpers/Common_helper.php(1444): CodeIgniter\Database\BaseBuilder->get()
#5 /var/www/wappbuzz/app/Filters/MainFilter.php(57): db_get()
#6 /var/www/wappbuzz/vendor/codeigniter4/framework/system/Filters/Filters.php(184): App\Filters\MainFilter->before()
#7 /var/www/wappbuzz/vendor/codeigniter4/framework/system/CodeIgniter.php(475): CodeIgniter\Filters\Filters->run()
#8 /var/www/wappbuzz/vendor/codeigniter4/framework/system/CodeIgniter.php(361): CodeIgniter\CodeIgniter->handleRequest()
#9 /var/www/wappbuzz/index.php(34): CodeIgniter\CodeIgniter->run()
#10 {main}

Next CodeIgniter\Database\Exceptions\DatabaseException: Too many connections in /var/www/wappbuzz/vendor/codeigniter4/framework/system/Database/MySQLi/Connection.php:229
Stack trace:
#0 /var/www/wappbuzz/vendor/codeigniter4/framework/system/Database/BaseConnection.php(392): CodeIgniter\Database\MySQLi\Connection->connect()
#1 /var/www/wappbuzz/vendor/codeigniter4/framework/system/Database/BaseConnection.php(575): CodeIgniter\Database\BaseConnection->initialize()
#2 /var/www/wappbuzz/vendor/codeigniter4/framework/system/Database/BaseBuilder.php(1616): CodeIgniter\Database\BaseConnection->query()
#3 /var/www/wappbuzz/app/Helpers/Common_helper.php(1444): CodeIgniter\Database\BaseBuilder->get()
#4 /var/www/wappbuzz/app/Filters/MainFilter.php(57): db_get()
#5 /var/www/wappbuzz/vendor/codeigniter4/framework/system/Filters/Filters.php(184): App\Filters\MainFilter->before()
#6 /var/www/wappbuzz/vendor/codeigniter4/framework/system/CodeIgniter.php(475): CodeIgniter\Filters\Filters->run()
#7 /var/www/wappbuzz/vendor/codeigniter4/framework/system/CodeIgniter.php(361): CodeIgniter\CodeIgniter->handleRequest()
#8 /var/www/wappbuzz/index.php(34): CodeIgniter\CodeIgniter->run()
#9 {main}
CRITICAL - 2026-05-19 13:09:36 --> CodeIgniter\Database\Exceptions\DatabaseException: Unable to connect to the database.
Main connection [MySQLi]: Too many connections
in SYSTEMPATH/Database/BaseConnection.php on line 428.
 1 SYSTEMPATH/Database/BaseConnection.php(575): CodeIgniter\Database\BaseConnection->initialize()
 2 SYSTEMPATH/Database/BaseBuilder.php(1616): CodeIgniter\Database\BaseConnection->query()
 3 APPPATH/Helpers/Common_helper.php(1444): CodeIgniter\Database\BaseBuilder->get()
 4 APPPATH/Filters/MainFilter.php(57): db_get()
 5 SYSTEMPATH/Filters/Filters.php(184): App\Filters\MainFilter->before()
 6 SYSTEMPATH/CodeIgniter.php(475): CodeIgniter\Filters\Filters->run()
 7 SYSTEMPATH/CodeIgniter.php(361): CodeIgniter\CodeIgniter->handleRequest()
 8 FCPATH/index.php(34): CodeIgniter\CodeIgniter->run()
ERROR - 2026-05-19 13:09:36 --> Error connecting to the database: mysqli_sql_exception: Too many connections in /var/www/wappbuzz/vendor/codeigniter4/framework/system/Database/MySQLi/Connection.php:185
Stack trace:
#0 /var/www/wappbuzz/vendor/codeigniter4/framework/system/Database/MySQLi/Connection.php(185): mysqli->real_connect()
#1 /var/www/wappbuzz/vendor/codeigniter4/framework/system/Database/BaseConnection.php(392): CodeIgniter\Database\MySQLi\Connection->connect()
#2 /var/www/wappbuzz/vendor/codeigniter4/framework/system/Database/BaseConnection.php(575): CodeIgniter\Database\BaseConnection->initialize()
#3 /var/www/wappbuzz/vendor/codeigniter4/framework/system/Database/BaseBuilder.php(1616): CodeIgniter\Database\BaseConnection->query()
#4 /var/www/wappbuzz/app/Helpers/Common_helper.php(1444): CodeIgniter\Database\BaseBuilder->get()
#5 /var/www/wappbuzz/app/Helpers/Common_helper.php(1348): db_get()
#6 /var/www/wappbuzz/app/Helpers/Common_helper.php(1793): get_option()
#7 /var/www/wappbuzz/inc/core/Home/Controllers/Home.php(7): parse_config()
#8 /var/www/wappbuzz/vendor/codeigniter4/framework/system/CodeIgniter.php(915): Core\Home\Controllers\Home->__construct()
#9 /var/www/wappbuzz/vendor/codeigniter4/framework/system/CodeIgniter.php(971): CodeIgniter\CodeIgniter->createController()
#10 /var/www/wappbuzz/vendor/codeigniter4/framework/system/CodeIgniter.php(370): CodeIgniter\CodeIgniter->display404errors()
#11 /var/www/wappbuzz/index.php(34): CodeIgniter\CodeIgniter->run()
#12 {main}

Next CodeIgniter\Database\Exceptions\DatabaseException: Too many connections in /var/www/wappbuzz/vendor/codeigniter4/framework/system/Database/MySQLi/Connection.php:229
Stack trace:
#0 /var/www/wappbuzz/vendor/codeigniter4/framework/system/Database/BaseConnection.php(392): CodeIgniter\Database\MySQLi\Connection->connect()
#1 /var/www/wappbuzz/vendor/codeigniter4/framework/system/Database/BaseConnection.php(575): CodeIgniter\Database\BaseConnection->initialize()
#2 /var/www/wappbuzz/vendor/codeigniter4/framework/system/Database/BaseBuilder.php(1616): CodeIgniter\Database\BaseConnection->query()
#3 /var/www/wappbuzz/app/Helpers/Common_helper.php(1444): CodeIgniter\Database\BaseBuilder->get()
#4 /var/www/wappbuzz/app/Helpers/Common_helper.php(1348): db_get()
#5 /var/www/wappbuzz/app/Helpers/Common_helper.php(1793): get_option()
#6 /var/www/wappbuzz/inc/core/Home/Controllers/Home.php(7): parse_config()
#7 /var/www/wappbuzz/vendor/codeigniter4/framework/system/CodeIgniter.php(915): Core\Home\Controllers\Home->__construct()
#8 /var/www/wappbuzz/vendor/codeigniter4/framework/system/CodeIgniter.php(971): CodeIgniter\CodeIgniter->createController()
#9 /var/www/wappbuzz/vendor/codeigniter4/framework/system/CodeIgniter.php(370): CodeIgniter\CodeIgniter->display404errors()
#10 /var/www/wappbuzz/index.php(34): CodeIgniter\CodeIgniter->run()
#11 {main}
CRITICAL - 2026-05-19 13:09:36 --> CodeIgniter\Database\Exceptions\DatabaseException: Unable to connect to the database.
Main connection [MySQLi]: Too many connections
in SYSTEMPATH/Database/BaseConnection.php on line 428.
 1 SYSTEMPATH/Database/BaseConnection.php(575): CodeIgniter\Database\BaseConnection->initialize()
 2 SYSTEMPATH/Database/BaseBuilder.php(1616): CodeIgniter\Database\BaseConnection->query()
 3 APPPATH/Helpers/Common_helper.php(1444): CodeIgniter\Database\BaseBuilder->get()
 4 APPPATH/Helpers/Common_helper.php(1348): db_get()
 5 APPPATH/Helpers/Common_helper.php(1793): get_option()
 6 FCPATH/inc/core/Home/Controllers/Home.php(7): parse_config()
 7 SYSTEMPATH/CodeIgniter.php(915): Core\Home\Controllers\Home->__construct()
 8 SYSTEMPATH/CodeIgniter.php(971): CodeIgniter\CodeIgniter->createController()
 9 SYSTEMPATH/CodeIgniter.php(370): CodeIgniter\CodeIgniter->display404errors()
10 FCPATH/index.php(34): CodeIgniter\CodeIgniter->run()
ERROR - 2026-05-19 13:09:36 --> Error connecting to the database: mysqli_sql_exception: Too many connections in /var/www/wappbuzz/vendor/codeigniter4/framework/system/Database/MySQLi/Connection.php:185
Stack trace:
#0 /var/www/wappbuzz/vendor/codeigniter4/framework/system/Database/MySQLi/Connection.php(185): mysqli->real_connect()
#1 /var/www/wappbuzz/vendor/codeigniter4/framework/system/Database/BaseConnection.php(392): CodeIgniter\Database\MySQLi\Connection->connect()
#2 /var/www/wappbuzz/vendor/codeigniter4/framework/system/Database/BaseConnection.php(575): CodeIgniter\Database\BaseConnection->initialize()
#3 /var/www/wappbuzz/vendor/codeigniter4/framework/system/Database/BaseBuilder.php(1616): CodeIgniter\Database\BaseConnection->query()
#4 /var/www/wappbuzz/app/Helpers/Common_helper.php(1444): CodeIgniter\Database\BaseBuilder->get()
#5 /var/www/wappbuzz/app/Helpers/Common_helper.php(1348): db_get()
#6 /var/www/wappbuzz/app/Helpers/Common_helper.php(1793): get_option()
#7 /var/www/wappbuzz/inc/core/Home/Controllers/Home.php(7): parse_config()
#8 /var/www/wappbuzz/vendor/codeigniter4/framework/system/CodeIgniter.php(915): Core\Home\Controllers\Home->__construct()
#9 /var/www/wappbuzz/vendor/codeigniter4/framework/system/CodeIgniter.php(971): CodeIgniter\CodeIgniter->createController()
#10 /var/www/wappbuzz/vendor/codeigniter4/framework/system/CodeIgniter.php(370): CodeIgniter\CodeIgniter->display404errors()
#11 /var/www/wappbuzz/index.php(34): CodeIgniter\CodeIgniter->run()
#12 {main}

Next CodeIgniter\Database\Exceptions\DatabaseException: Too many connections in /var/www/wappbuzz/vendor/codeigniter4/framework/system/Database/MySQLi/Connection.php:229
Stack trace:
#0 /var/www/wappbuzz/vendor/codeigniter4/framework/system/Database/BaseConnection.php(392): CodeIgniter\Database\MySQLi\Connection->connect()
#1 /var/www/wappbuzz/vendor/codeigniter4/framework/system/Database/BaseConnection.php(575): CodeIgniter\Database\BaseConnection->initialize()
#2 /var/www/wappbuzz/vendor/codeigniter4/framework/system/Database/BaseBuilder.php(1616): CodeIgniter\Database\BaseConnection->query()
#3 /var/www/wappbuzz/app/Helpers/Common_helper.php(1444): CodeIgniter\Database\BaseBuilder->get()
#4 /var/www/wappbuzz/app/Helpers/Common_helper.php(1348): db_get()
#5 /var/www/wappbuzz/app/Helpers/Common_helper.php(1793): get_option()
#6 /var/www/wappbuzz/inc/core/Home/Controllers/Home.php(7): parse_config()
#7 /var/www/wappbuzz/vendor/codeigniter4/framework/system/CodeIgniter.php(915): Core\Home\Controllers\Home->__construct()
#8 /var/www/wappbuzz/vendor/codeigniter4/framework/system/CodeIgniter.php(971): CodeIgniter\CodeIgniter->createController()
#9 /var/www/wappbuzz/vendor/codeigniter4/framework/system/CodeIgniter.php(370): CodeIgniter\CodeIgniter->display404errors()
#10 /var/www/wappbuzz/index.php(34): CodeIgniter\CodeIgniter->run()
#11 {main}
CRITICAL - 2026-05-19 13:09:36 --> CodeIgniter\Database\Exceptions\DatabaseException: Unable to connect to the database.
Main connection [MySQLi]: Too many connections
in SYSTEMPATH/Database/BaseConnection.php on line 428.
 1 SYSTEMPATH/Database/BaseConnection.php(575): CodeIgniter\Database\BaseConnection->initialize()
 2 SYSTEMPATH/Database/BaseBuilder.php(1616): CodeIgniter\Database\BaseConnection->query()
 3 APPPATH/Helpers/Common_helper.php(1444): CodeIgniter\Database\BaseBuilder->get()
 4 APPPATH/Helpers/Common_helper.php(1348): db_get()
 5 APPPATH/Helpers/Common_helper.php(1793): get_option()
 6 FCPATH/inc/core/Home/Controllers/Home.php(7): parse_config()
 7 SYSTEMPATH/CodeIgniter.php(915): Core\Home\Controllers\Home->__construct()
 8 SYSTEMPATH/CodeIgniter.php(971): CodeIgniter\CodeIgniter->createController()
 9 SYSTEMPATH/CodeIgniter.php(370): CodeIgniter\CodeIgniter->display404errors()
10 FCPATH/index.php(34): CodeIgniter\CodeIgniter->run()
ERROR - 2026-05-19 13:10:27 --> Error connecting to the database: mysqli_sql_exception: Too many connections in /var/www/wappbuzz/vendor/codeigniter4/framework/system/Database/MySQLi/Connection.php:185
Stack trace:
#0 /var/www/wappbuzz/vendor/codeigniter4/framework/system/Database/MySQLi/Connection.php(185): mysqli->real_connect()
#1 /var/www/wappbuzz/vendor/codeigniter4/framework/system/Database/BaseConnection.php(392): CodeIgniter\Database\MySQLi\Connection->connect()
#2 /var/www/wappbuzz/vendor/codeigniter4/framework/system/Database/BaseConnection.php(575): CodeIgniter\Database\BaseConnection->initialize()
#3 /var/www/wappbuzz/vendor/codeigniter4/framework/system/Database/BaseBuilder.php(1616): CodeIgniter\Database\BaseConnection->query()
#4 /var/www/wappbuzz/app/Helpers/Common_helper.php(1444): CodeIgniter\Database\BaseBuilder->get()
#5 /var/www/wappbuzz/app/Helpers/Common_helper.php(1348): db_get()
#6 /var/www/wappbuzz/app/Helpers/Common_helper.php(1793): get_option()
#7 /var/www/wappbuzz/inc/core/Home/Controllers/Home.php(7): parse_config()
#8 /var/www/wappbuzz/vendor/codeigniter4/framework/system/CodeIgniter.php(915): Core\Home\Controllers\Home->__construct()
#9 /var/www/wappbuzz/vendor/codeigniter4/framework/system/CodeIgniter.php(971): CodeIgniter\CodeIgniter->createController()
#10 /var/www/wappbuzz/vendor/codeigniter4/framework/system/CodeIgniter.php(370): CodeIgniter\CodeIgniter->display404errors()
#11 /var/www/wappbuzz/index.php(34): CodeIgniter\CodeIgniter->run()
#12 {main}

Next CodeIgniter\Database\Exceptions\DatabaseException: Too many connections in /var/www/wappbuzz/vendor/codeigniter4/framework/system/Database/MySQLi/Connection.php:229
Stack trace:
#0 /var/www/wappbuzz/vendor/codeigniter4/framework/system/Database/BaseConnection.php(392): CodeIgniter\Database\MySQLi\Connection->connect()
#1 /var/www/wappbuzz/vendor/codeigniter4/framework/system/Database/BaseConnection.php(575): CodeIgniter\Database\BaseConnection->initialize()
#2 /var/www/wappbuzz/vendor/codeigniter4/framework/system/Database/BaseBuilder.php(1616): CodeIgniter\Database\BaseConnection->query()
#3 /var/www/wappbuzz/app/Helpers/Common_helper.php(1444): CodeIgniter\Database\BaseBuilder->get()
#4 /var/www/wappbuzz/app/Helpers/Common_helper.php(1348): db_get()
#5 /var/www/wappbuzz/app/Helpers/Common_helper.php(1793): get_option()
#6 /var/www/wappbuzz/inc/core/Home/Controllers/Home.php(7): parse_config()
#7 /var/www/wappbuzz/vendor/codeigniter4/framework/system/CodeIgniter.php(915): Core\Home\Controllers\Home->__construct()
#8 /var/www/wappbuzz/vendor/codeigniter4/framework/system/CodeIgniter.php(971): CodeIgniter\CodeIgniter->createController()
#9 /var/www/wappbuzz/vendor/codeigniter4/framework/system/CodeIgniter.php(370): CodeIgniter\CodeIgniter->display404errors()
#10 /var/www/wappbuzz/index.php(34): CodeIgniter\CodeIgniter->run()
#11 {main}
CRITICAL - 2026-05-19 13:10:27 --> CodeIgniter\Database\Exceptions\DatabaseException: Unable to connect to the database.
Main connection [MySQLi]: Too many connections
in SYSTEMPATH/Database/BaseConnection.php on line 428.
 1 SYSTEMPATH/Database/BaseConnection.php(575): CodeIgniter\Database\BaseConnection->initialize()
 2 SYSTEMPATH/Database/BaseBuilder.php(1616): CodeIgniter\Database\BaseConnection->query()
 3 APPPATH/Helpers/Common_helper.php(1444): CodeIgniter\Database\BaseBuilder->get()
 4 APPPATH/Helpers/Common_helper.php(1348): db_get()
 5 APPPATH/Helpers/Common_helper.php(1793): get_option()
 6 FCPATH/inc/core/Home/Controllers/Home.php(7): parse_config()
 7 SYSTEMPATH/CodeIgniter.php(915): Core\Home\Controllers\Home->__construct()
 8 SYSTEMPATH/CodeIgniter.php(971): CodeIgniter\CodeIgniter->createController()
 9 SYSTEMPATH/CodeIgniter.php(370): CodeIgniter\CodeIgniter->display404errors()
10 FCPATH/index.php(34): CodeIgniter\CodeIgniter->run()
ERROR - 2026-05-19 13:11:34 --> Error connecting to the database: mysqli_sql_exception: Too many connections in /var/www/wappbuzz/vendor/codeigniter4/framework/system/Database/MySQLi/Connection.php:185
Stack trace:
#0 /var/www/wappbuzz/vendor/codeigniter4/framework/system/Database/MySQLi/Connection.php(185): mysqli->real_connect()
#1 /var/www/wappbuzz/vendor/codeigniter4/framework/system/Database/BaseConnection.php(392): CodeIgniter\Database\MySQLi\Connection->connect()
#2 /var/www/wappbuzz/vendor/codeigniter4/framework/system/Database/BaseConnection.php(575): CodeIgniter\Database\BaseConnection->initialize()
#3 /var/www/wappbuzz/vendor/codeigniter4/framework/system/Database/BaseBuilder.php(1616): CodeIgniter\Database\BaseConnection->query()
#4 /var/www/wappbuzz/app/Helpers/Common_helper.php(1444): CodeIgniter\Database\BaseBuilder->get()
#5 /var/www/wappbuzz/app/Helpers/Common_helper.php(1348): db_get()
#6 /var/www/wappbuzz/app/Helpers/Common_helper.php(1793): get_option()
#7 /var/www/wappbuzz/inc/core/Home/Controllers/Home.php(7): parse_config()
#8 /var/www/wappbuzz/vendor/codeigniter4/framework/system/CodeIgniter.php(915): Core\Home\Controllers\Home->__construct()
#9 /var/www/wappbuzz/vendor/codeigniter4/framework/system/CodeIgniter.php(971): CodeIgniter\CodeIgniter->createController()
#10 /var/www/wappbuzz/vendor/codeigniter4/framework/system/CodeIgniter.php(370): CodeIgniter\CodeIgniter->display404errors()
#11 /var/www/wappbuzz/index.php(34): CodeIgniter\CodeIgniter->run()
#12 {main}

Next CodeIgniter\Database\Exceptions\DatabaseException: Too many connections in /var/www/wappbuzz/vendor/codeigniter4/framework/system/Database/MySQLi/Connection.php:229
Stack trace:
#0 /var/www/wappbuzz/vendor/codeigniter4/framework/system/Database/BaseConnection.php(392): CodeIgniter\Database\MySQLi\Connection->connect()
#1 /var/www/wappbuzz/vendor/codeigniter4/framework/system/Database/BaseConnection.php(575): CodeIgniter\Database\BaseConnection->initialize()
#2 /var/www/wappbuzz/vendor/codeigniter4/framework/system/Database/BaseBuilder.php(1616): CodeIgniter\Database\BaseConnection->query()
#3 /var/www/wappbuzz/app/Helpers/Common_helper.php(1444): CodeIgniter\Database\BaseBuilder->get()
#4 /var/www/wappbuzz/app/Helpers/Common_helper.php(1348): db_get()
#5 /var/www/wappbuzz/app/Helpers/Common_helper.php(1793): get_option()
#6 /var/www/wappbuzz/inc/core/Home/Controllers/Home.php(7): parse_config()
#7 /var/www/wappbuzz/vendor/codeigniter4/framework/system/CodeIgniter.php(915): Core\Home\Controllers\Home->__construct()
#8 /var/www/wappbuzz/vendor/codeigniter4/framework/system/CodeIgniter.php(971): CodeIgniter\CodeIgniter->createController()
#9 /var/www/wappbuzz/vendor/codeigniter4/framework/system/CodeIgniter.php(370): CodeIgniter\CodeIgniter->display404errors()
#10 /var/www/wappbuzz/index.php(34): CodeIgniter\CodeIgniter->run()
#11 {main}
CRITICAL - 2026-05-19 13:11:34 --> CodeIgniter\Database\Exceptions\DatabaseException: Unable to connect to the database.
Main connection [MySQLi]: Too many connections
in SYSTEMPATH/Database/BaseConnection.php on line 428.
 1 SYSTEMPATH/Database/BaseConnection.php(575): CodeIgniter\Database\BaseConnection->initialize()
 2 SYSTEMPATH/Database/BaseBuilder.php(1616): CodeIgniter\Database\BaseConnection->query()
 3 APPPATH/Helpers/Common_helper.php(1444): CodeIgniter\Database\BaseBuilder->get()
 4 APPPATH/Helpers/Common_helper.php(1348): db_get()
 5 APPPATH/Helpers/Common_helper.php(1793): get_option()
 6 FCPATH/inc/core/Home/Controllers/Home.php(7): parse_config()
 7 SYSTEMPATH/CodeIgniter.php(915): Core\Home\Controllers\Home->__construct()
 8 SYSTEMPATH/CodeIgniter.php(971): CodeIgniter\CodeIgniter->createController()
 9 SYSTEMPATH/CodeIgniter.php(370): CodeIgniter\CodeIgniter->display404errors()
10 FCPATH/index.php(34): CodeIgniter\CodeIgniter->run()
ERROR - 2026-05-19 13:11:34 --> Error connecting to the database: mysqli_sql_exception: Too many connections in /var/www/wappbuzz/vendor/codeigniter4/framework/system/Database/MySQLi/Connection.php:185
Stack trace:
#0 /var/www/wappbuzz/vendor/codeigniter4/framework/system/Database/MySQLi/Connection.php(185): mysqli->real_connect()
#1 /var/www/wappbuzz/vendor/codeigniter4/framework/system/Database/BaseConnection.php(392): CodeIgniter\Database\MySQLi\Connection->connect()
#2 /var/www/wappbuzz/vendor/codeigniter4/framework/system/Database/BaseConnection.php(575): CodeIgniter\Database\BaseConnection->initialize()
#3 /var/www/wappbuzz/vendor/codeigniter4/framework/system/Database/BaseBuilder.php(1616): CodeIgniter\Database\BaseConnection->query()
#4 /var/www/wappbuzz/app/Helpers/Common_helper.php(1444): CodeIgniter\Database\BaseBuilder->get()
#5 /var/www/wappbuzz/app/Helpers/Common_helper.php(1348): db_get()
#6 /var/www/wappbuzz/app/Helpers/Common_helper.php(1793): get_option()
#7 /var/www/wappbuzz/inc/core/Home/Controllers/Home.php(7): parse_config()
#8 /var/www/wappbuzz/vendor/codeigniter4/framework/system/CodeIgniter.php(915): Core\Home\Controllers\Home->__construct()
#9 /var/www/wappbuzz/vendor/codeigniter4/framework/system/CodeIgniter.php(971): CodeIgniter\CodeIgniter->createController()
#10 /var/www/wappbuzz/vendor/codeigniter4/framework/system/CodeIgniter.php(370): CodeIgniter\CodeIgniter->display404errors()
#11 /var/www/wappbuzz/index.php(34): CodeIgniter\CodeIgniter->run()
#12 {main}

Next CodeIgniter\Database\Exceptions\DatabaseException: Too many connections in /var/www/wappbuzz/vendor/codeigniter4/framework/system/Database/MySQLi/Connection.php:229
Stack trace:
#0 /var/www/wappbuzz/vendor/codeigniter4/framework/system/Database/BaseConnection.php(392): CodeIgniter\Database\MySQLi\Connection->connect()
#1 /var/www/wappbuzz/vendor/codeigniter4/framework/system/Database/BaseConnection.php(575): CodeIgniter\Database\BaseConnection->initialize()
#2 /var/www/wappbuzz/vendor/codeigniter4/framework/system/Database/BaseBuilder.php(1616): CodeIgniter\Database\BaseConnection->query()
#3 /var/www/wappbuzz/app/Helpers/Common_helper.php(1444): CodeIgniter\Database\BaseBuilder->get()
#4 /var/www/wappbuzz/app/Helpers/Common_helper.php(1348): db_get()
#5 /var/www/wappbuzz/app/Helpers/Common_helper.php(1793): get_option()
#6 /var/www/wappbuzz/inc/core/Home/Controllers/Home.php(7): parse_config()
#7 /var/www/wappbuzz/vendor/codeigniter4/framework/system/CodeIgniter.php(915): Core\Home\Controllers\Home->__construct()
#8 /var/www/wappbuzz/vendor/codeigniter4/framework/system/CodeIgniter.php(971): CodeIgniter\CodeIgniter->createController()
#9 /var/www/wappbuzz/vendor/codeigniter4/framework/system/CodeIgniter.php(370): CodeIgniter\CodeIgniter->display404errors()
#10 /var/www/wappbuzz/index.php(34): CodeIgniter\CodeIgniter->run()
#11 {main}
CRITICAL - 2026-05-19 13:11:34 --> CodeIgniter\Database\Exceptions\DatabaseException: Unable to connect to the database.
Main connection [MySQLi]: Too many connections
in SYSTEMPATH/Database/BaseConnection.php on line 428.
 1 SYSTEMPATH/Database/BaseConnection.php(575): CodeIgniter\Database\BaseConnection->initialize()
 2 SYSTEMPATH/Database/BaseBuilder.php(1616): CodeIgniter\Database\BaseConnection->query()
 3 APPPATH/Helpers/Common_helper.php(1444): CodeIgniter\Database\BaseBuilder->get()
 4 APPPATH/Helpers/Common_helper.php(1348): db_get()
 5 APPPATH/Helpers/Common_helper.php(1793): get_option()
 6 FCPATH/inc/core/Home/Controllers/Home.php(7): parse_config()
 7 SYSTEMPATH/CodeIgniter.php(915): Core\Home\Controllers\Home->__construct()
 8 SYSTEMPATH/CodeIgniter.php(971): CodeIgniter\CodeIgniter->createController()
 9 SYSTEMPATH/CodeIgniter.php(370): CodeIgniter\CodeIgniter->display404errors()
10 FCPATH/index.php(34): CodeIgniter\CodeIgniter->run()
ERROR - 2026-05-19 13:11:34 --> Error connecting to the database: mysqli_sql_exception: Too many connections in /var/www/wappbuzz/vendor/codeigniter4/framework/system/Database/MySQLi/Connection.php:185
Stack trace:
#0 /var/www/wappbuzz/vendor/codeigniter4/framework/system/Database/MySQLi/Connection.php(185): mysqli->real_connect()
#1 /var/www/wappbuzz/vendor/codeigniter4/framework/system/Database/BaseConnection.php(392): CodeIgniter\Database\MySQLi\Connection->connect()
#2 /var/www/wappbuzz/vendor/codeigniter4/framework/system/Database/BaseConnection.php(575): CodeIgniter\Database\BaseConnection->initialize()
#3 /var/www/wappbuzz/vendor/codeigniter4/framework/system/Database/BaseBuilder.php(1616): CodeIgniter\Database\BaseConnection->query()
#4 /var/www/wappbuzz/app/Helpers/Common_helper.php(1444): CodeIgniter\Database\BaseBuilder->get()
#5 /var/www/wappbuzz/app/Filters/MainFilter.php(57): db_get()
#6 /var/www/wappbuzz/vendor/codeigniter4/framework/system/Filters/Filters.php(184): App\Filters\MainFilter->before()
#7 /var/www/wappbuzz/vendor/codeigniter4/framework/system/CodeIgniter.php(475): CodeIgniter\Filters\Filters->run()
#8 /var/www/wappbuzz/vendor/codeigniter4/framework/system/CodeIgniter.php(361): CodeIgniter\CodeIgniter->handleRequest()
#9 /var/www/wappbuzz/index.php(34): CodeIgniter\CodeIgniter->run()
#10 {main}

Next CodeIgniter\Database\Exceptions\DatabaseException: Too many connections in /var/www/wappbuzz/vendor/codeigniter4/framework/system/Database/MySQLi/Connection.php:229
Stack trace:
#0 /var/www/wappbuzz/vendor/codeigniter4/framework/system/Database/BaseConnection.php(392): CodeIgniter\Database\MySQLi\Connection->connect()
#1 /var/www/wappbuzz/vendor/codeigniter4/framework/system/Database/BaseConnection.php(575): CodeIgniter\Database\BaseConnection->initialize()
#2 /var/www/wappbuzz/vendor/codeigniter4/framework/system/Database/BaseBuilder.php(1616): CodeIgniter\Database\BaseConnection->query()
#3 /var/www/wappbuzz/app/Helpers/Common_helper.php(1444): CodeIgniter\Database\BaseBuilder->get()
#4 /var/www/wappbuzz/app/Filters/MainFilter.php(57): db_get()
#5 /var/www/wappbuzz/vendor/codeigniter4/framework/system/Filters/Filters.php(184): App\Filters\MainFilter->before()
#6 /var/www/wappbuzz/vendor/codeigniter4/framework/system/CodeIgniter.php(475): CodeIgniter\Filters\Filters->run()
#7 /var/www/wappbuzz/vendor/codeigniter4/framework/system/CodeIgniter.php(361): CodeIgniter\CodeIgniter->handleRequest()
#8 /var/www/wappbuzz/index.php(34): CodeIgniter\CodeIgniter->run()
#9 {main}
CRITICAL - 2026-05-19 13:11:34 --> CodeIgniter\Database\Exceptions\DatabaseException: Unable to connect to the database.
Main connection [MySQLi]: Too many connections
in SYSTEMPATH/Database/BaseConnection.php on line 428.
 1 SYSTEMPATH/Database/BaseConnection.php(575): CodeIgniter\Database\BaseConnection->initialize()
 2 SYSTEMPATH/Database/BaseBuilder.php(1616): CodeIgniter\Database\BaseConnection->query()
 3 APPPATH/Helpers/Common_helper.php(1444): CodeIgniter\Database\BaseBuilder->get()
 4 APPPATH/Filters/MainFilter.php(57): db_get()
 5 SYSTEMPATH/Filters/Filters.php(184): App\Filters\MainFilter->before()
 6 SYSTEMPATH/CodeIgniter.php(475): CodeIgniter\Filters\Filters->run()
 7 SYSTEMPATH/CodeIgniter.php(361): CodeIgniter\CodeIgniter->handleRequest()
 8 FCPATH/index.php(34): CodeIgniter\CodeIgniter->run()
ERROR - 2026-05-19 13:11:34 --> Error connecting to the database: mysqli_sql_exception: Too many connections in /var/www/wappbuzz/vendor/codeigniter4/framework/system/Database/MySQLi/Connection.php:185
Stack trace:
#0 /var/www/wappbuzz/vendor/codeigniter4/framework/system/Database/MySQLi/Connection.php(185): mysqli->real_connect()
#1 /var/www/wappbuzz/vendor/codeigniter4/framework/system/Database/BaseConnection.php(392): CodeIgniter\Database\MySQLi\Connection->connect()
#2 /var/www/wappbuzz/vendor/codeigniter4/framework/system/Database/BaseConnection.php(575): CodeIgniter\Database\BaseConnection->initialize()
#3 /var/www/wappbuzz/vendor/codeigniter4/framework/system/Database/BaseBuilder.php(1616): CodeIgniter\Database\BaseConnection->query()
#4 /var/www/wappbuzz/app/Helpers/Common_helper.php(1444): CodeIgniter\Database\BaseBuilder->get()
#5 /var/www/wappbuzz/app/Filters/MainFilter.php(57): db_get()
#6 /var/www/wappbuzz/vendor/codeigniter4/framework/system/Filters/Filters.php(184): App\Filters\MainFilter->before()
#7 /var/www/wappbuzz/vendor/codeigniter4/framework/system/CodeIgniter.php(475): CodeIgniter\Filters\Filters->run()
#8 /var/www/wappbuzz/vendor/codeigniter4/framework/system/CodeIgniter.php(361): CodeIgniter\CodeIgniter->handleRequest()
#9 /var/www/wappbuzz/index.php(34): CodeIgniter\CodeIgniter->run()
#10 {main}

Next CodeIgniter\Database\Exceptions\DatabaseException: Too many connections in /var/www/wappbuzz/vendor/codeigniter4/framework/system/Database/MySQLi/Connection.php:229
Stack trace:
#0 /var/www/wappbuzz/vendor/codeigniter4/framework/system/Database/BaseConnection.php(392): CodeIgniter\Database\MySQLi\Connection->connect()
#1 /var/www/wappbuzz/vendor/codeigniter4/framework/system/Database/BaseConnection.php(575): CodeIgniter\Database\BaseConnection->initialize()
#2 /var/www/wappbuzz/vendor/codeigniter4/framework/system/Database/BaseBuilder.php(1616): CodeIgniter\Database\BaseConnection->query()
#3 /var/www/wappbuzz/app/Helpers/Common_helper.php(1444): CodeIgniter\Database\BaseBuilder->get()
#4 /var/www/wappbuzz/app/Filters/MainFilter.php(57): db_get()
#5 /var/www/wappbuzz/vendor/codeigniter4/framework/system/Filters/Filters.php(184): App\Filters\MainFilter->before()
#6 /var/www/wappbuzz/vendor/codeigniter4/framework/system/CodeIgniter.php(475): CodeIgniter\Filters\Filters->run()
#7 /var/www/wappbuzz/vendor/codeigniter4/framework/system/CodeIgniter.php(361): CodeIgniter\CodeIgniter->handleRequest()
#8 /var/www/wappbuzz/index.php(34): CodeIgniter\CodeIgniter->run()
#9 {main}
CRITICAL - 2026-05-19 13:11:34 --> CodeIgniter\Database\Exceptions\DatabaseException: Unable to connect to the database.
Main connection [MySQLi]: Too many connections
in SYSTEMPATH/Database/BaseConnection.php on line 428.
 1 SYSTEMPATH/Database/BaseConnection.php(575): CodeIgniter\Database\BaseConnection->initialize()
 2 SYSTEMPATH/Database/BaseBuilder.php(1616): CodeIgniter\Database\BaseConnection->query()
 3 APPPATH/Helpers/Common_helper.php(1444): CodeIgniter\Database\BaseBuilder->get()
 4 APPPATH/Filters/MainFilter.php(57): db_get()
 5 SYSTEMPATH/Filters/Filters.php(184): App\Filters\MainFilter->before()
 6 SYSTEMPATH/CodeIgniter.php(475): CodeIgniter\Filters\Filters->run()
 7 SYSTEMPATH/CodeIgniter.php(361): CodeIgniter\CodeIgniter->handleRequest()
 8 FCPATH/index.php(34): CodeIgniter\CodeIgniter->run()
ERROR - 2026-05-19 13:11:35 --> Error connecting to the database: mysqli_sql_exception: Too many connections in /var/www/wappbuzz/vendor/codeigniter4/framework/system/Database/MySQLi/Connection.php:185
Stack trace:
#0 /var/www/wappbuzz/vendor/codeigniter4/framework/system/Database/MySQLi/Connection.php(185): mysqli->real_connect()
#1 /var/www/wappbuzz/vendor/codeigniter4/framework/system/Database/BaseConnection.php(392): CodeIgniter\Database\MySQLi\Connection->connect()
#2 /var/www/wappbuzz/vendor/codeigniter4/framework/system/Database/BaseConnection.php(575): CodeIgniter\Database\BaseConnection->initialize()
#3 /var/www/wappbuzz/vendor/codeigniter4/framework/system/Database/BaseBuilder.php(1616): CodeIgniter\Database\BaseConnection->query()
#4 /var/www/wappbuzz/app/Helpers/Common_helper.php(1444): CodeIgniter\Database\BaseBuilder->get()
#5 /var/www/wappbuzz/app/Filters/MainFilter.php(57): db_get()
#6 /var/www/wappbuzz/vendor/codeigniter4/framework/system/Filters/Filters.php(184): App\Filters\MainFilter->before()
#7 /var/www/wappbuzz/vendor/codeigniter4/framework/system/CodeIgniter.php(475): CodeIgniter\Filters\Filters->run()
#8 /var/www/wappbuzz/vendor/codeigniter4/framework/system/CodeIgniter.php(361): CodeIgniter\CodeIgniter->handleRequest()
#9 /var/www/wappbuzz/index.php(34): CodeIgniter\CodeIgniter->run()
#10 {main}

Next CodeIgniter\Database\Exceptions\DatabaseException: Too many connections in /var/www/wappbuzz/vendor/codeigniter4/framework/system/Database/MySQLi/Connection.php:229
Stack trace:
#0 /var/www/wappbuzz/vendor/codeigniter4/framework/system/Database/BaseConnection.php(392): CodeIgniter\Database\MySQLi\Connection->connect()
#1 /var/www/wappbuzz/vendor/codeigniter4/framework/system/Database/BaseConnection.php(575): CodeIgniter\Database\BaseConnection->initialize()
#2 /var/www/wappbuzz/vendor/codeigniter4/framework/system/Database/BaseBuilder.php(1616): CodeIgniter\Database\BaseConnection->query()
#3 /var/www/wappbuzz/app/Helpers/Common_helper.php(1444): CodeIgniter\Database\BaseBuilder->get()
#4 /var/www/wappbuzz/app/Filters/MainFilter.php(57): db_get()
#5 /var/www/wappbuzz/vendor/codeigniter4/framework/system/Filters/Filters.php(184): App\Filters\MainFilter->before()
#6 /var/www/wappbuzz/vendor/codeigniter4/framework/system/CodeIgniter.php(475): CodeIgniter\Filters\Filters->run()
#7 /var/www/wappbuzz/vendor/codeigniter4/framework/system/CodeIgniter.php(361): CodeIgniter\CodeIgniter->handleRequest()
#8 /var/www/wappbuzz/index.php(34): CodeIgniter\CodeIgniter->run()
#9 {main}
CRITICAL - 2026-05-19 13:11:35 --> CodeIgniter\Database\Exceptions\DatabaseException: Unable to connect to the database.
Main connection [MySQLi]: Too many connections
in SYSTEMPATH/Database/BaseConnection.php on line 428.
 1 SYSTEMPATH/Database/BaseConnection.php(575): CodeIgniter\Database\BaseConnection->initialize()
 2 SYSTEMPATH/Database/BaseBuilder.php(1616): CodeIgniter\Database\BaseConnection->query()
 3 APPPATH/Helpers/Common_helper.php(1444): CodeIgniter\Database\BaseBuilder->get()
 4 APPPATH/Filters/MainFilter.php(57): db_get()
 5 SYSTEMPATH/Filters/Filters.php(184): App\Filters\MainFilter->before()
 6 SYSTEMPATH/CodeIgniter.php(475): CodeIgniter\Filters\Filters->run()
 7 SYSTEMPATH/CodeIgniter.php(361): CodeIgniter\CodeIgniter->handleRequest()
 8 FCPATH/index.php(34): CodeIgniter\CodeIgniter->run()
ERROR - 2026-05-19 13:11:35 --> Error connecting to the database: mysqli_sql_exception: Too many connections in /var/www/wappbuzz/vendor/codeigniter4/framework/system/Database/MySQLi/Connection.php:185
Stack trace:
#0 /var/www/wappbuzz/vendor/codeigniter4/framework/system/Database/MySQLi/Connection.php(185): mysqli->real_connect()
#1 /var/www/wappbuzz/vendor/codeigniter4/framework/system/Database/BaseConnection.php(392): CodeIgniter\Database\MySQLi\Connection->connect()
#2 /var/www/wappbuzz/vendor/codeigniter4/framework/system/Database/BaseConnection.php(575): CodeIgniter\Database\BaseConnection->initialize()
#3 /var/www/wappbuzz/vendor/codeigniter4/framework/system/Database/BaseBuilder.php(1616): CodeIgniter\Database\BaseConnection->query()
#4 /var/www/wappbuzz/app/Helpers/Common_helper.php(1444): CodeIgniter\Database\BaseBuilder->get()
#5 /var/www/wappbuzz/app/Helpers/Common_helper.php(1348): db_get()
#6 /var/www/wappbuzz/app/Helpers/Common_helper.php(1793): get_option()
#7 /var/www/wappbuzz/inc/core/Home/Controllers/Home.php(7): parse_config()
#8 /var/www/wappbuzz/vendor/codeigniter4/framework/system/CodeIgniter.php(915): Core\Home\Controllers\Home->__construct()
#9 /var/www/wappbuzz/vendor/codeigniter4/framework/system/CodeIgniter.php(971): CodeIgniter\CodeIgniter->createController()
#10 /var/www/wappbuzz/vendor/codeigniter4/framework/system/CodeIgniter.php(370): CodeIgniter\CodeIgniter->display404errors()
#11 /var/www/wappbuzz/index.php(34): CodeIgniter\CodeIgniter->run()
#12 {main}

Next CodeIgniter\Database\Exceptions\DatabaseException: Too many connections in /var/www/wappbuzz/vendor/codeigniter4/framework/system/Database/MySQLi/Connection.php:229
Stack trace:
#0 /var/www/wappbuzz/vendor/codeigniter4/framework/system/Database/BaseConnection.php(392): CodeIgniter\Database\MySQLi\Connection->connect()
#1 /var/www/wappbuzz/vendor/codeigniter4/framework/system/Database/BaseConnection.php(575): CodeIgniter\Database\BaseConnection->initialize()
#2 /var/www/wappbuzz/vendor/codeigniter4/framework/system/Database/BaseBuilder.php(1616): CodeIgniter\Database\BaseConnection->query()
#3 /var/www/wappbuzz/app/Helpers/Common_helper.php(1444): CodeIgniter\Database\BaseBuilder->get()
#4 /var/www/wappbuzz/app/Helpers/Common_helper.php(1348): db_get()
#5 /var/www/wappbuzz/app/Helpers/Common_helper.php(1793): get_option()
#6 /var/www/wappbuzz/inc/core/Home/Controllers/Home.php(7): parse_config()
#7 /var/www/wappbuzz/vendor/codeigniter4/framework/system/CodeIgniter.php(915): Core\Home\Controllers\Home->__construct()
#8 /var/www/wappbuzz/vendor/codeigniter4/framework/system/CodeIgniter.php(971): CodeIgniter\CodeIgniter->createController()
#9 /var/www/wappbuzz/vendor/codeigniter4/framework/system/CodeIgniter.php(370): CodeIgniter\CodeIgniter->display404errors()
#10 /var/www/wappbuzz/index.php(34): CodeIgniter\CodeIgniter->run()
#11 {main}
CRITICAL - 2026-05-19 13:11:35 --> CodeIgniter\Database\Exceptions\DatabaseException: Unable to connect to the database.
Main connection [MySQLi]: Too many connections
in SYSTEMPATH/Database/BaseConnection.php on line 428.
 1 SYSTEMPATH/Database/BaseConnection.php(575): CodeIgniter\Database\BaseConnection->initialize()
 2 SYSTEMPATH/Database/BaseBuilder.php(1616): CodeIgniter\Database\BaseConnection->query()
 3 APPPATH/Helpers/Common_helper.php(1444): CodeIgniter\Database\BaseBuilder->get()
 4 APPPATH/Helpers/Common_helper.php(1348): db_get()
 5 APPPATH/Helpers/Common_helper.php(1793): get_option()
 6 FCPATH/inc/core/Home/Controllers/Home.php(7): parse_config()
 7 SYSTEMPATH/CodeIgniter.php(915): Core\Home\Controllers\Home->__construct()
 8 SYSTEMPATH/CodeIgniter.php(971): CodeIgniter\CodeIgniter->createController()
 9 SYSTEMPATH/CodeIgniter.php(370): CodeIgniter\CodeIgniter->display404errors()
10 FCPATH/index.php(34): CodeIgniter\CodeIgniter->run()
ERROR - 2026-05-19 13:11:35 --> Error connecting to the database: mysqli_sql_exception: Too many connections in /var/www/wappbuzz/vendor/codeigniter4/framework/system/Database/MySQLi/Connection.php:185
Stack trace:
#0 /var/www/wappbuzz/vendor/codeigniter4/framework/system/Database/MySQLi/Connection.php(185): mysqli->real_connect()
#1 /var/www/wappbuzz/vendor/codeigniter4/framework/system/Database/BaseConnection.php(392): CodeIgniter\Database\MySQLi\Connection->connect()
#2 /var/www/wappbuzz/vendor/codeigniter4/framework/system/Database/BaseConnection.php(575): CodeIgniter\Database\BaseConnection->initialize()
#3 /var/www/wappbuzz/vendor/codeigniter4/framework/system/Database/BaseBuilder.php(1616): CodeIgniter\Database\BaseConnection->query()
#4 /var/www/wappbuzz/app/Helpers/Common_helper.php(1444): CodeIgniter\Database\BaseBuilder->get()
#5 /var/www/wappbuzz/app/Helpers/Common_helper.php(1348): db_get()
#6 /var/www/wappbuzz/app/Helpers/Common_helper.php(1793): get_option()
#7 /var/www/wappbuzz/inc/core/Home/Controllers/Home.php(7): parse_config()
#8 /var/www/wappbuzz/vendor/codeigniter4/framework/system/CodeIgniter.php(915): Core\Home\Controllers\Home->__construct()
#9 /var/www/wappbuzz/vendor/codeigniter4/framework/system/CodeIgniter.php(971): CodeIgniter\CodeIgniter->createController()
#10 /var/www/wappbuzz/vendor/codeigniter4/framework/system/CodeIgniter.php(370): CodeIgniter\CodeIgniter->display404errors()
#11 /var/www/wappbuzz/index.php(34): CodeIgniter\CodeIgniter->run()
#12 {main}

Next CodeIgniter\Database\Exceptions\DatabaseException: Too many connections in /var/www/wappbuzz/vendor/codeigniter4/framework/system/Database/MySQLi/Connection.php:229
Stack trace:
#0 /var/www/wappbuzz/vendor/codeigniter4/framework/system/Database/BaseConnection.php(392): CodeIgniter\Database\MySQLi\Connection->connect()
#1 /var/www/wappbuzz/vendor/codeigniter4/framework/system/Database/BaseConnection.php(575): CodeIgniter\Database\BaseConnection->initialize()
#2 /var/www/wappbuzz/vendor/codeigniter4/framework/system/Database/BaseBuilder.php(1616): CodeIgniter\Database\BaseConnection->query()
#3 /var/www/wappbuzz/app/Helpers/Common_helper.php(1444): CodeIgniter\Database\BaseBuilder->get()
#4 /var/www/wappbuzz/app/Helpers/Common_helper.php(1348): db_get()
#5 /var/www/wappbuzz/app/Helpers/Common_helper.php(1793): get_option()
#6 /var/www/wappbuzz/inc/core/Home/Controllers/Home.php(7): parse_config()
#7 /var/www/wappbuzz/vendor/codeigniter4/framework/system/CodeIgniter.php(915): Core\Home\Controllers\Home->__construct()
#8 /var/www/wappbuzz/vendor/codeigniter4/framework/system/CodeIgniter.php(971): CodeIgniter\CodeIgniter->createController()
#9 /var/www/wappbuzz/vendor/codeigniter4/framework/system/CodeIgniter.php(370): CodeIgniter\CodeIgniter->display404errors()
#10 /var/www/wappbuzz/index.php(34): CodeIgniter\CodeIgniter->run()
#11 {main}
CRITICAL - 2026-05-19 13:11:35 --> CodeIgniter\Database\Exceptions\DatabaseException: Unable to connect to the database.
Main connection [MySQLi]: Too many connections
in SYSTEMPATH/Database/BaseConnection.php on line 428.
 1 SYSTEMPATH/Database/BaseConnection.php(575): CodeIgniter\Database\BaseConnection->initialize()
 2 SYSTEMPATH/Database/BaseBuilder.php(1616): CodeIgniter\Database\BaseConnection->query()
 3 APPPATH/Helpers/Common_helper.php(1444): CodeIgniter\Database\BaseBuilder->get()
 4 APPPATH/Helpers/Common_helper.php(1348): db_get()
 5 APPPATH/Helpers/Common_helper.php(1793): get_option()
 6 FCPATH/inc/core/Home/Controllers/Home.php(7): parse_config()
 7 SYSTEMPATH/CodeIgniter.php(915): Core\Home\Controllers\Home->__construct()
 8 SYSTEMPATH/CodeIgniter.php(971): CodeIgniter\CodeIgniter->createController()
 9 SYSTEMPATH/CodeIgniter.php(370): CodeIgniter\CodeIgniter->display404errors()
10 FCPATH/index.php(34): CodeIgniter\CodeIgniter->run()
ERROR - 2026-05-19 13:11:35 --> Error connecting to the database: mysqli_sql_exception: Too many connections in /var/www/wappbuzz/vendor/codeigniter4/framework/system/Database/MySQLi/Connection.php:185
Stack trace:
#0 /var/www/wappbuzz/vendor/codeigniter4/framework/system/Database/MySQLi/Connection.php(185): mysqli->real_connect()
#1 /var/www/wappbuzz/vendor/codeigniter4/framework/system/Database/BaseConnection.php(392): CodeIgniter\Database\MySQLi\Connection->connect()
#2 /var/www/wappbuzz/vendor/codeigniter4/framework/system/Database/BaseConnection.php(575): CodeIgniter\Database\BaseConnection->initialize()
#3 /var/www/wappbuzz/vendor/codeigniter4/framework/system/Database/BaseBuilder.php(1616): CodeIgniter\Database\BaseConnection->query()
#4 /var/www/wappbuzz/app/Helpers/Common_helper.php(1444): CodeIgniter\Database\BaseBuilder->get()
#5 /var/www/wappbuzz/app/Helpers/Common_helper.php(1348): db_get()
#6 /var/www/wappbuzz/app/Helpers/Common_helper.php(1793): get_option()
#7 /var/www/wappbuzz/inc/core/Home/Controllers/Home.php(7): parse_config()
#8 /var/www/wappbuzz/vendor/codeigniter4/framework/system/CodeIgniter.php(915): Core\Home\Controllers\Home->__construct()
#9 /var/www/wappbuzz/vendor/codeigniter4/framework/system/CodeIgniter.php(971): CodeIgniter\CodeIgniter->createController()
#10 /var/www/wappbuzz/vendor/codeigniter4/framework/system/CodeIgniter.php(370): CodeIgniter\CodeIgniter->display404errors()
#11 /var/www/wappbuzz/index.php(34): CodeIgniter\CodeIgniter->run()
#12 {main}

Next CodeIgniter\Database\Exceptions\DatabaseException: Too many connections in /var/www/wappbuzz/vendor/codeigniter4/framework/system/Database/MySQLi/Connection.php:229
Stack trace:
#0 /var/www/wappbuzz/vendor/codeigniter4/framework/system/Database/BaseConnection.php(392): CodeIgniter\Database\MySQLi\Connection->connect()
#1 /var/www/wappbuzz/vendor/codeigniter4/framework/system/Database/BaseConnection.php(575): CodeIgniter\Database\BaseConnection->initialize()
#2 /var/www/wappbuzz/vendor/codeigniter4/framework/system/Database/BaseBuilder.php(1616): CodeIgniter\Database\BaseConnection->query()
#3 /var/www/wappbuzz/app/Helpers/Common_helper.php(1444): CodeIgniter\Database\BaseBuilder->get()
#4 /var/www/wappbuzz/app/Helpers/Common_helper.php(1348): db_get()
#5 /var/www/wappbuzz/app/Helpers/Common_helper.php(1793): get_option()
#6 /var/www/wappbuzz/inc/core/Home/Controllers/Home.php(7): parse_config()
#7 /var/www/wappbuzz/vendor/codeigniter4/framework/system/CodeIgniter.php(915): Core\Home\Controllers\Home->__construct()
#8 /var/www/wappbuzz/vendor/codeigniter4/framework/system/CodeIgniter.php(971): CodeIgniter\CodeIgniter->createController()
#9 /var/www/wappbuzz/vendor/codeigniter4/framework/system/CodeIgniter.php(370): CodeIgniter\CodeIgniter->display404errors()
#10 /var/www/wappbuzz/index.php(34): CodeIgniter\CodeIgniter->run()
#11 {main}
CRITICAL - 2026-05-19 13:11:35 --> CodeIgniter\Database\Exceptions\DatabaseException: Unable to connect to the database.
Main connection [MySQLi]: Too many connections
in SYSTEMPATH/Database/BaseConnection.php on line 428.
 1 SYSTEMPATH/Database/BaseConnection.php(575): CodeIgniter\Database\BaseConnection->initialize()
 2 SYSTEMPATH/Database/BaseBuilder.php(1616): CodeIgniter\Database\BaseConnection->query()
 3 APPPATH/Helpers/Common_helper.php(1444): CodeIgniter\Database\BaseBuilder->get()
 4 APPPATH/Helpers/Common_helper.php(1348): db_get()
 5 APPPATH/Helpers/Common_helper.php(1793): get_option()
 6 FCPATH/inc/core/Home/Controllers/Home.php(7): parse_config()
 7 SYSTEMPATH/CodeIgniter.php(915): Core\Home\Controllers\Home->__construct()
 8 SYSTEMPATH/CodeIgniter.php(971): CodeIgniter\CodeIgniter->createController()
 9 SYSTEMPATH/CodeIgniter.php(370): CodeIgniter\CodeIgniter->display404errors()
10 FCPATH/index.php(34): CodeIgniter\CodeIgniter->run()
ERROR - 2026-05-19 13:11:35 --> Error connecting to the database: mysqli_sql_exception: Too many connections in /var/www/wappbuzz/vendor/codeigniter4/framework/system/Database/MySQLi/Connection.php:185
Stack trace:
#0 /var/www/wappbuzz/vendor/codeigniter4/framework/system/Database/MySQLi/Connection.php(185): mysqli->real_connect()
#1 /var/www/wappbuzz/vendor/codeigniter4/framework/system/Database/BaseConnection.php(392): CodeIgniter\Database\MySQLi\Connection->connect()
#2 /var/www/wappbuzz/vendor/codeigniter4/framework/system/Database/BaseConnection.php(575): CodeIgniter\Database\BaseConnection->initialize()
#3 /var/www/wappbuzz/vendor/codeigniter4/framework/system/Database/BaseBuilder.php(1616): CodeIgniter\Database\BaseConnection->query()
#4 /var/www/wappbuzz/app/Helpers/Common_helper.php(1444): CodeIgniter\Database\BaseBuilder->get()
#5 /var/www/wappbuzz/app/Filters/MainFilter.php(57): db_get()
#6 /var/www/wappbuzz/vendor/codeigniter4/framework/system/Filters/Filters.php(184): App\Filters\MainFilter->before()
#7 /var/www/wappbuzz/vendor/codeigniter4/framework/system/CodeIgniter.php(475): CodeIgniter\Filters\Filters->run()
#8 /var/www/wappbuzz/vendor/codeigniter4/framework/system/CodeIgniter.php(361): CodeIgniter\CodeIgniter->handleRequest()
#9 /var/www/wappbuzz/index.php(34): CodeIgniter\CodeIgniter->run()
#10 {main}

Next CodeIgniter\Database\Exceptions\DatabaseException: Too many connections in /var/www/wappbuzz/vendor/codeigniter4/framework/system/Database/MySQLi/Connection.php:229
Stack trace:
#0 /var/www/wappbuzz/vendor/codeigniter4/framework/system/Database/BaseConnection.php(392): CodeIgniter\Database\MySQLi\Connection->connect()
#1 /var/www/wappbuzz/vendor/codeigniter4/framework/system/Database/BaseConnection.php(575): CodeIgniter\Database\BaseConnection->initialize()
#2 /var/www/wappbuzz/vendor/codeigniter4/framework/system/Database/BaseBuilder.php(1616): CodeIgniter\Database\BaseConnection->query()
#3 /var/www/wappbuzz/app/Helpers/Common_helper.php(1444): CodeIgniter\Database\BaseBuilder->get()
#4 /var/www/wappbuzz/app/Filters/MainFilter.php(57): db_get()
#5 /var/www/wappbuzz/vendor/codeigniter4/framework/system/Filters/Filters.php(184): App\Filters\MainFilter->before()
#6 /var/www/wappbuzz/vendor/codeigniter4/framework/system/CodeIgniter.php(475): CodeIgniter\Filters\Filters->run()
#7 /var/www/wappbuzz/vendor/codeigniter4/framework/system/CodeIgniter.php(361): CodeIgniter\CodeIgniter->handleRequest()
#8 /var/www/wappbuzz/index.php(34): CodeIgniter\CodeIgniter->run()
#9 {main}
CRITICAL - 2026-05-19 13:11:35 --> CodeIgniter\Database\Exceptions\DatabaseException: Unable to connect to the database.
Main connection [MySQLi]: Too many connections
in SYSTEMPATH/Database/BaseConnection.php on line 428.
 1 SYSTEMPATH/Database/BaseConnection.php(575): CodeIgniter\Database\BaseConnection->initialize()
 2 SYSTEMPATH/Database/BaseBuilder.php(1616): CodeIgniter\Database\BaseConnection->query()
 3 APPPATH/Helpers/Common_helper.php(1444): CodeIgniter\Database\BaseBuilder->get()
 4 APPPATH/Filters/MainFilter.php(57): db_get()
 5 SYSTEMPATH/Filters/Filters.php(184): App\Filters\MainFilter->before()
 6 SYSTEMPATH/CodeIgniter.php(475): CodeIgniter\Filters\Filters->run()
 7 SYSTEMPATH/CodeIgniter.php(361): CodeIgniter\CodeIgniter->handleRequest()
 8 FCPATH/index.php(34): CodeIgniter\CodeIgniter->run()
ERROR - 2026-05-19 13:11:35 --> Error connecting to the database: mysqli_sql_exception: Too many connections in /var/www/wappbuzz/vendor/codeigniter4/framework/system/Database/MySQLi/Connection.php:185
Stack trace:
#0 /var/www/wappbuzz/vendor/codeigniter4/framework/system/Database/MySQLi/Connection.php(185): mysqli->real_connect()
#1 /var/www/wappbuzz/vendor/codeigniter4/framework/system/Database/BaseConnection.php(392): CodeIgniter\Database\MySQLi\Connection->connect()
#2 /var/www/wappbuzz/vendor/codeigniter4/framework/system/Database/BaseConnection.php(575): CodeIgniter\Database\BaseConnection->initialize()
#3 /var/www/wappbuzz/vendor/codeigniter4/framework/system/Database/BaseBuilder.php(1616): CodeIgniter\Database\BaseConnection->query()
#4 /var/www/wappbuzz/app/Helpers/Common_helper.php(1444): CodeIgniter\Database\BaseBuilder->get()
#5 /var/www/wappbuzz/app/Helpers/Common_helper.php(1348): db_get()
#6 /var/www/wappbuzz/app/Helpers/Common_helper.php(1793): get_option()
#7 /var/www/wappbuzz/inc/core/Home/Controllers/Home.php(7): parse_config()
#8 /var/www/wappbuzz/vendor/codeigniter4/framework/system/CodeIgniter.php(915): Core\Home\Controllers\Home->__construct()
#9 /var/www/wappbuzz/vendor/codeigniter4/framework/system/CodeIgniter.php(971): CodeIgniter\CodeIgniter->createController()
#10 /var/www/wappbuzz/vendor/codeigniter4/framework/system/CodeIgniter.php(370): CodeIgniter\CodeIgniter->display404errors()
#11 /var/www/wappbuzz/index.php(34): CodeIgniter\CodeIgniter->run()
#12 {main}

Next CodeIgniter\Database\Exceptions\DatabaseException: Too many connections in /var/www/wappbuzz/vendor/codeigniter4/framework/system/Database/MySQLi/Connection.php:229
Stack trace:
#0 /var/www/wappbuzz/vendor/codeigniter4/framework/system/Database/BaseConnection.php(392): CodeIgniter\Database\MySQLi\Connection->connect()
#1 /var/www/wappbuzz/vendor/codeigniter4/framework/system/Database/BaseConnection.php(575): CodeIgniter\Database\BaseConnection->initialize()
#2 /var/www/wappbuzz/vendor/codeigniter4/framework/system/Database/BaseBuilder.php(1616): CodeIgniter\Database\BaseConnection->query()
#3 /var/www/wappbuzz/app/Helpers/Common_helper.php(1444): CodeIgniter\Database\BaseBuilder->get()
#4 /var/www/wappbuzz/app/Helpers/Common_helper.php(1348): db_get()
#5 /var/www/wappbuzz/app/Helpers/Common_helper.php(1793): get_option()
#6 /var/www/wappbuzz/inc/core/Home/Controllers/Home.php(7): parse_config()
#7 /var/www/wappbuzz/vendor/codeigniter4/framework/system/CodeIgniter.php(915): Core\Home\Controllers\Home->__construct()
#8 /var/www/wappbuzz/vendor/codeigniter4/framework/system/CodeIgniter.php(971): CodeIgniter\CodeIgniter->createController()
#9 /var/www/wappbuzz/vendor/codeigniter4/framework/system/CodeIgniter.php(370): CodeIgniter\CodeIgniter->display404errors()
#10 /var/www/wappbuzz/index.php(34): CodeIgniter\CodeIgniter->run()
#11 {main}
CRITICAL - 2026-05-19 13:11:35 --> CodeIgniter\Database\Exceptions\DatabaseException: Unable to connect to the database.
Main connection [MySQLi]: Too many connections
in SYSTEMPATH/Database/BaseConnection.php on line 428.
 1 SYSTEMPATH/Database/BaseConnection.php(575): CodeIgniter\Database\BaseConnection->initialize()
 2 SYSTEMPATH/Database/BaseBuilder.php(1616): CodeIgniter\Database\BaseConnection->query()
 3 APPPATH/Helpers/Common_helper.php(1444): CodeIgniter\Database\BaseBuilder->get()
 4 APPPATH/Helpers/Common_helper.php(1348): db_get()
 5 APPPATH/Helpers/Common_helper.php(1793): get_option()
 6 FCPATH/inc/core/Home/Controllers/Home.php(7): parse_config()
 7 SYSTEMPATH/CodeIgniter.php(915): Core\Home\Controllers\Home->__construct()
 8 SYSTEMPATH/CodeIgniter.php(971): CodeIgniter\CodeIgniter->createController()
 9 SYSTEMPATH/CodeIgniter.php(370): CodeIgniter\CodeIgniter->display404errors()
10 FCPATH/index.php(34): CodeIgniter\CodeIgniter->run()
ERROR - 2026-05-19 13:11:51 --> Error connecting to the database: mysqli_sql_exception: Too many connections in /var/www/wappbuzz/vendor/codeigniter4/framework/system/Database/MySQLi/Connection.php:185
Stack trace:
#0 /var/www/wappbuzz/vendor/codeigniter4/framework/system/Database/MySQLi/Connection.php(185): mysqli->real_connect()
#1 /var/www/wappbuzz/vendor/codeigniter4/framework/system/Database/BaseConnection.php(392): CodeIgniter\Database\MySQLi\Connection->connect()
#2 /var/www/wappbuzz/vendor/codeigniter4/framework/system/Database/BaseConnection.php(575): CodeIgniter\Database\BaseConnection->initialize()
#3 /var/www/wappbuzz/vendor/codeigniter4/framework/system/Database/BaseBuilder.php(1616): CodeIgniter\Database\BaseConnection->query()
#4 /var/www/wappbuzz/app/Helpers/Common_helper.php(1444): CodeIgniter\Database\BaseBuilder->get()
#5 /var/www/wappbuzz/app/Filters/MainFilter.php(57): db_get()
#6 /var/www/wappbuzz/vendor/codeigniter4/framework/system/Filters/Filters.php(184): App\Filters\MainFilter->before()
#7 /var/www/wappbuzz/vendor/codeigniter4/framework/system/CodeIgniter.php(475): CodeIgniter\Filters\Filters->run()
#8 /var/www/wappbuzz/vendor/codeigniter4/framework/system/CodeIgniter.php(361): CodeIgniter\CodeIgniter->handleRequest()
#9 /var/www/wappbuzz/index.php(34): CodeIgniter\CodeIgniter->run()
#10 {main}

Next CodeIgniter\Database\Exceptions\DatabaseException: Too many connections in /var/www/wappbuzz/vendor/codeigniter4/framework/system/Database/MySQLi/Connection.php:229
Stack trace:
#0 /var/www/wappbuzz/vendor/codeigniter4/framework/system/Database/BaseConnection.php(392): CodeIgniter\Database\MySQLi\Connection->connect()
#1 /var/www/wappbuzz/vendor/codeigniter4/framework/system/Database/BaseConnection.php(575): CodeIgniter\Database\BaseConnection->initialize()
#2 /var/www/wappbuzz/vendor/codeigniter4/framework/system/Database/BaseBuilder.php(1616): CodeIgniter\Database\BaseConnection->query()
#3 /var/www/wappbuzz/app/Helpers/Common_helper.php(1444): CodeIgniter\Database\BaseBuilder->get()
#4 /var/www/wappbuzz/app/Filters/MainFilter.php(57): db_get()
#5 /var/www/wappbuzz/vendor/codeigniter4/framework/system/Filters/Filters.php(184): App\Filters\MainFilter->before()
#6 /var/www/wappbuzz/vendor/codeigniter4/framework/system/CodeIgniter.php(475): CodeIgniter\Filters\Filters->run()
#7 /var/www/wappbuzz/vendor/codeigniter4/framework/system/CodeIgniter.php(361): CodeIgniter\CodeIgniter->handleRequest()
#8 /var/www/wappbuzz/index.php(34): CodeIgniter\CodeIgniter->run()
#9 {main}
CRITICAL - 2026-05-19 13:11:51 --> CodeIgniter\Database\Exceptions\DatabaseException: Unable to connect to the database.
Main connection [MySQLi]: Too many connections
in SYSTEMPATH/Database/BaseConnection.php on line 428.
 1 SYSTEMPATH/Database/BaseConnection.php(575): CodeIgniter\Database\BaseConnection->initialize()
 2 SYSTEMPATH/Database/BaseBuilder.php(1616): CodeIgniter\Database\BaseConnection->query()
 3 APPPATH/Helpers/Common_helper.php(1444): CodeIgniter\Database\BaseBuilder->get()
 4 APPPATH/Filters/MainFilter.php(57): db_get()
 5 SYSTEMPATH/Filters/Filters.php(184): App\Filters\MainFilter->before()
 6 SYSTEMPATH/CodeIgniter.php(475): CodeIgniter\Filters\Filters->run()
 7 SYSTEMPATH/CodeIgniter.php(361): CodeIgniter\CodeIgniter->handleRequest()
 8 FCPATH/index.php(34): CodeIgniter\CodeIgniter->run()
ERROR - 2026-05-19 13:12:01 --> Error connecting to the database: mysqli_sql_exception: Too many connections in /var/www/wappbuzz/vendor/codeigniter4/framework/system/Database/MySQLi/Connection.php:185
Stack trace:
#0 /var/www/wappbuzz/vendor/codeigniter4/framework/system/Database/MySQLi/Connection.php(185): mysqli->real_connect()
#1 /var/www/wappbuzz/vendor/codeigniter4/framework/system/Database/BaseConnection.php(392): CodeIgniter\Database\MySQLi\Connection->connect()
#2 /var/www/wappbuzz/vendor/codeigniter4/framework/system/Database/BaseConnection.php(575): CodeIgniter\Database\BaseConnection->initialize()
#3 /var/www/wappbuzz/vendor/codeigniter4/framework/system/Database/BaseBuilder.php(1616): CodeIgniter\Database\BaseConnection->query()
#4 /var/www/wappbuzz/app/Helpers/Common_helper.php(1444): CodeIgniter\Database\BaseBuilder->get()
#5 /var/www/wappbuzz/app/Helpers/Common_helper.php(1348): db_get()
#6 /var/www/wappbuzz/app/Helpers/Common_helper.php(1793): get_option()
#7 /var/www/wappbuzz/inc/core/Home/Controllers/Home.php(7): parse_config()
#8 /var/www/wappbuzz/vendor/codeigniter4/framework/system/CodeIgniter.php(915): Core\Home\Controllers\Home->__construct()
#9 /var/www/wappbuzz/vendor/codeigniter4/framework/system/CodeIgniter.php(971): CodeIgniter\CodeIgniter->createController()
#10 /var/www/wappbuzz/vendor/codeigniter4/framework/system/CodeIgniter.php(370): CodeIgniter\CodeIgniter->display404errors()
#11 /var/www/wappbuzz/index.php(34): CodeIgniter\CodeIgniter->run()
#12 {main}

Next CodeIgniter\Database\Exceptions\DatabaseException: Too many connections in /var/www/wappbuzz/vendor/codeigniter4/framework/system/Database/MySQLi/Connection.php:229
Stack trace:
#0 /var/www/wappbuzz/vendor/codeigniter4/framework/system/Database/BaseConnection.php(392): CodeIgniter\Database\MySQLi\Connection->connect()
#1 /var/www/wappbuzz/vendor/codeigniter4/framework/system/Database/BaseConnection.php(575): CodeIgniter\Database\BaseConnection->initialize()
#2 /var/www/wappbuzz/vendor/codeigniter4/framework/system/Database/BaseBuilder.php(1616): CodeIgniter\Database\BaseConnection->query()
#3 /var/www/wappbuzz/app/Helpers/Common_helper.php(1444): CodeIgniter\Database\BaseBuilder->get()
#4 /var/www/wappbuzz/app/Helpers/Common_helper.php(1348): db_get()
#5 /var/www/wappbuzz/app/Helpers/Common_helper.php(1793): get_option()
#6 /var/www/wappbuzz/inc/core/Home/Controllers/Home.php(7): parse_config()
#7 /var/www/wappbuzz/vendor/codeigniter4/framework/system/CodeIgniter.php(915): Core\Home\Controllers\Home->__construct()
#8 /var/www/wappbuzz/vendor/codeigniter4/framework/system/CodeIgniter.php(971): CodeIgniter\CodeIgniter->createController()
#9 /var/www/wappbuzz/vendor/codeigniter4/framework/system/CodeIgniter.php(370): CodeIgniter\CodeIgniter->display404errors()
#10 /var/www/wappbuzz/index.php(34): CodeIgniter\CodeIgniter->run()
#11 {main}
CRITICAL - 2026-05-19 13:12:01 --> CodeIgniter\Database\Exceptions\DatabaseException: Unable to connect to the database.
Main connection [MySQLi]: Too many connections
in SYSTEMPATH/Database/BaseConnection.php on line 428.
 1 SYSTEMPATH/Database/BaseConnection.php(575): CodeIgniter\Database\BaseConnection->initialize()
 2 SYSTEMPATH/Database/BaseBuilder.php(1616): CodeIgniter\Database\BaseConnection->query()
 3 APPPATH/Helpers/Common_helper.php(1444): CodeIgniter\Database\BaseBuilder->get()
 4 APPPATH/Helpers/Common_helper.php(1348): db_get()
 5 APPPATH/Helpers/Common_helper.php(1793): get_option()
 6 FCPATH/inc/core/Home/Controllers/Home.php(7): parse_config()
 7 SYSTEMPATH/CodeIgniter.php(915): Core\Home\Controllers\Home->__construct()
 8 SYSTEMPATH/CodeIgniter.php(971): CodeIgniter\CodeIgniter->createController()
 9 SYSTEMPATH/CodeIgniter.php(370): CodeIgniter\CodeIgniter->display404errors()
10 FCPATH/index.php(34): CodeIgniter\CodeIgniter->run()
ERROR - 2026-05-19 13:13:02 --> Error connecting to the database: mysqli_sql_exception: Too many connections in /var/www/wappbuzz/vendor/codeigniter4/framework/system/Database/MySQLi/Connection.php:185
Stack trace:
#0 /var/www/wappbuzz/vendor/codeigniter4/framework/system/Database/MySQLi/Connection.php(185): mysqli->real_connect()
#1 /var/www/wappbuzz/vendor/codeigniter4/framework/system/Database/BaseConnection.php(392): CodeIgniter\Database\MySQLi\Connection->connect()
#2 /var/www/wappbuzz/vendor/codeigniter4/framework/system/Database/BaseConnection.php(575): CodeIgniter\Database\BaseConnection->initialize()
#3 /var/www/wappbuzz/vendor/codeigniter4/framework/system/Database/BaseBuilder.php(1616): CodeIgniter\Database\BaseConnection->query()
#4 /var/www/wappbuzz/app/Helpers/Common_helper.php(1444): CodeIgniter\Database\BaseBuilder->get()
#5 /var/www/wappbuzz/app/Helpers/Common_helper.php(1348): db_get()
#6 /var/www/wappbuzz/app/Helpers/Common_helper.php(1793): get_option()
#7 /var/www/wappbuzz/inc/core/Home/Controllers/Home.php(7): parse_config()
#8 /var/www/wappbuzz/vendor/codeigniter4/framework/system/CodeIgniter.php(915): Core\Home\Controllers\Home->__construct()
#9 /var/www/wappbuzz/vendor/codeigniter4/framework/system/CodeIgniter.php(971): CodeIgniter\CodeIgniter->createController()
#10 /var/www/wappbuzz/vendor/codeigniter4/framework/system/CodeIgniter.php(370): CodeIgniter\CodeIgniter->display404errors()
#11 /var/www/wappbuzz/index.php(34): CodeIgniter\CodeIgniter->run()
#12 {main}

Next CodeIgniter\Database\Exceptions\DatabaseException: Too many connections in /var/www/wappbuzz/vendor/codeigniter4/framework/system/Database/MySQLi/Connection.php:229
Stack trace:
#0 /var/www/wappbuzz/vendor/codeigniter4/framework/system/Database/BaseConnection.php(392): CodeIgniter\Database\MySQLi\Connection->connect()
#1 /var/www/wappbuzz/vendor/codeigniter4/framework/system/Database/BaseConnection.php(575): CodeIgniter\Database\BaseConnection->initialize()
#2 /var/www/wappbuzz/vendor/codeigniter4/framework/system/Database/BaseBuilder.php(1616): CodeIgniter\Database\BaseConnection->query()
#3 /var/www/wappbuzz/app/Helpers/Common_helper.php(1444): CodeIgniter\Database\BaseBuilder->get()
#4 /var/www/wappbuzz/app/Helpers/Common_helper.php(1348): db_get()
#5 /var/www/wappbuzz/app/Helpers/Common_helper.php(1793): get_option()
#6 /var/www/wappbuzz/inc/core/Home/Controllers/Home.php(7): parse_config()
#7 /var/www/wappbuzz/vendor/codeigniter4/framework/system/CodeIgniter.php(915): Core\Home\Controllers\Home->__construct()
#8 /var/www/wappbuzz/vendor/codeigniter4/framework/system/CodeIgniter.php(971): CodeIgniter\CodeIgniter->createController()
#9 /var/www/wappbuzz/vendor/codeigniter4/framework/system/CodeIgniter.php(370): CodeIgniter\CodeIgniter->display404errors()
#10 /var/www/wappbuzz/index.php(34): CodeIgniter\CodeIgniter->run()
#11 {main}
CRITICAL - 2026-05-19 13:13:02 --> CodeIgniter\Database\Exceptions\DatabaseException: Unable to connect to the database.
Main connection [MySQLi]: Too many connections
in SYSTEMPATH/Database/BaseConnection.php on line 428.
 1 SYSTEMPATH/Database/BaseConnection.php(575): CodeIgniter\Database\BaseConnection->initialize()
 2 SYSTEMPATH/Database/BaseBuilder.php(1616): CodeIgniter\Database\BaseConnection->query()
 3 APPPATH/Helpers/Common_helper.php(1444): CodeIgniter\Database\BaseBuilder->get()
 4 APPPATH/Helpers/Common_helper.php(1348): db_get()
 5 APPPATH/Helpers/Common_helper.php(1793): get_option()
 6 FCPATH/inc/core/Home/Controllers/Home.php(7): parse_config()
 7 SYSTEMPATH/CodeIgniter.php(915): Core\Home\Controllers\Home->__construct()
 8 SYSTEMPATH/CodeIgniter.php(971): CodeIgniter\CodeIgniter->createController()
 9 SYSTEMPATH/CodeIgniter.php(370): CodeIgniter\CodeIgniter->display404errors()
10 FCPATH/index.php(34): CodeIgniter\CodeIgniter->run()
ERROR - 2026-05-19 13:13:16 --> Error connecting to the database: mysqli_sql_exception: Too many connections in /var/www/wappbuzz/vendor/codeigniter4/framework/system/Database/MySQLi/Connection.php:185
Stack trace:
#0 /var/www/wappbuzz/vendor/codeigniter4/framework/system/Database/MySQLi/Connection.php(185): mysqli->real_connect()
#1 /var/www/wappbuzz/vendor/codeigniter4/framework/system/Database/BaseConnection.php(392): CodeIgniter\Database\MySQLi\Connection->connect()
#2 /var/www/wappbuzz/vendor/codeigniter4/framework/system/Database/BaseConnection.php(575): CodeIgniter\Database\BaseConnection->initialize()
#3 /var/www/wappbuzz/vendor/codeigniter4/framework/system/Database/BaseBuilder.php(1616): CodeIgniter\Database\BaseConnection->query()
#4 /var/www/wappbuzz/app/Helpers/Common_helper.php(1444): CodeIgniter\Database\BaseBuilder->get()
#5 /var/www/wappbuzz/app/Helpers/Common_helper.php(1348): db_get()
#6 /var/www/wappbuzz/app/Helpers/Common_helper.php(1793): get_option()
#7 /var/www/wappbuzz/inc/core/Home/Controllers/Home.php(7): parse_config()
#8 /var/www/wappbuzz/vendor/codeigniter4/framework/system/CodeIgniter.php(915): Core\Home\Controllers\Home->__construct()
#9 /var/www/wappbuzz/vendor/codeigniter4/framework/system/CodeIgniter.php(971): CodeIgniter\CodeIgniter->createController()
#10 /var/www/wappbuzz/vendor/codeigniter4/framework/system/CodeIgniter.php(370): CodeIgniter\CodeIgniter->display404errors()
#11 /var/www/wappbuzz/index.php(34): CodeIgniter\CodeIgniter->run()
#12 {main}

Next CodeIgniter\Database\Exceptions\DatabaseException: Too many connections in /var/www/wappbuzz/vendor/codeigniter4/framework/system/Database/MySQLi/Connection.php:229
Stack trace:
#0 /var/www/wappbuzz/vendor/codeigniter4/framework/system/Database/BaseConnection.php(392): CodeIgniter\Database\MySQLi\Connection->connect()
#1 /var/www/wappbuzz/vendor/codeigniter4/framework/system/Database/BaseConnection.php(575): CodeIgniter\Database\BaseConnection->initialize()
#2 /var/www/wappbuzz/vendor/codeigniter4/framework/system/Database/BaseBuilder.php(1616): CodeIgniter\Database\BaseConnection->query()
#3 /var/www/wappbuzz/app/Helpers/Common_helper.php(1444): CodeIgniter\Database\BaseBuilder->get()
#4 /var/www/wappbuzz/app/Helpers/Common_helper.php(1348): db_get()
#5 /var/www/wappbuzz/app/Helpers/Common_helper.php(1793): get_option()
#6 /var/www/wappbuzz/inc/core/Home/Controllers/Home.php(7): parse_config()
#7 /var/www/wappbuzz/vendor/codeigniter4/framework/system/CodeIgniter.php(915): Core\Home\Controllers\Home->__construct()
#8 /var/www/wappbuzz/vendor/codeigniter4/framework/system/CodeIgniter.php(971): CodeIgniter\CodeIgniter->createController()
#9 /var/www/wappbuzz/vendor/codeigniter4/framework/system/CodeIgniter.php(370): CodeIgniter\CodeIgniter->display404errors()
#10 /var/www/wappbuzz/index.php(34): CodeIgniter\CodeIgniter->run()
#11 {main}
CRITICAL - 2026-05-19 13:13:16 --> CodeIgniter\Database\Exceptions\DatabaseException: Unable to connect to the database.
Main connection [MySQLi]: Too many connections
in SYSTEMPATH/Database/BaseConnection.php on line 428.
 1 SYSTEMPATH/Database/BaseConnection.php(575): CodeIgniter\Database\BaseConnection->initialize()
 2 SYSTEMPATH/Database/BaseBuilder.php(1616): CodeIgniter\Database\BaseConnection->query()
 3 APPPATH/Helpers/Common_helper.php(1444): CodeIgniter\Database\BaseBuilder->get()
 4 APPPATH/Helpers/Common_helper.php(1348): db_get()
 5 APPPATH/Helpers/Common_helper.php(1793): get_option()
 6 FCPATH/inc/core/Home/Controllers/Home.php(7): parse_config()
 7 SYSTEMPATH/CodeIgniter.php(915): Core\Home\Controllers\Home->__construct()
 8 SYSTEMPATH/CodeIgniter.php(971): CodeIgniter\CodeIgniter->createController()
 9 SYSTEMPATH/CodeIgniter.php(370): CodeIgniter\CodeIgniter->display404errors()
10 FCPATH/index.php(34): CodeIgniter\CodeIgniter->run()
ERROR - 2026-05-19 13:13:26 --> Error connecting to the database: mysqli_sql_exception: Too many connections in /var/www/wappbuzz/vendor/codeigniter4/framework/system/Database/MySQLi/Connection.php:185
Stack trace:
#0 /var/www/wappbuzz/vendor/codeigniter4/framework/system/Database/MySQLi/Connection.php(185): mysqli->real_connect()
#1 /var/www/wappbuzz/vendor/codeigniter4/framework/system/Database/BaseConnection.php(392): CodeIgniter\Database\MySQLi\Connection->connect()
#2 /var/www/wappbuzz/vendor/codeigniter4/framework/system/Database/BaseConnection.php(575): CodeIgniter\Database\BaseConnection->initialize()
#3 /var/www/wappbuzz/vendor/codeigniter4/framework/system/Database/BaseBuilder.php(1616): CodeIgniter\Database\BaseConnection->query()
#4 /var/www/wappbuzz/app/Helpers/Common_helper.php(1444): CodeIgniter\Database\BaseBuilder->get()
#5 /var/www/wappbuzz/app/Helpers/Common_helper.php(1348): db_get()
#6 /var/www/wappbuzz/app/Helpers/Common_helper.php(1793): get_option()
#7 /var/www/wappbuzz/inc/core/Home/Controllers/Home.php(7): parse_config()
#8 /var/www/wappbuzz/vendor/codeigniter4/framework/system/CodeIgniter.php(915): Core\Home\Controllers\Home->__construct()
#9 /var/www/wappbuzz/vendor/codeigniter4/framework/system/CodeIgniter.php(971): CodeIgniter\CodeIgniter->createController()
#10 /var/www/wappbuzz/vendor/codeigniter4/framework/system/CodeIgniter.php(370): CodeIgniter\CodeIgniter->display404errors()
#11 /var/www/wappbuzz/index.php(34): CodeIgniter\CodeIgniter->run()
#12 {main}

Next CodeIgniter\Database\Exceptions\DatabaseException: Too many connections in /var/www/wappbuzz/vendor/codeigniter4/framework/system/Database/MySQLi/Connection.php:229
Stack trace:
#0 /var/www/wappbuzz/vendor/codeigniter4/framework/system/Database/BaseConnection.php(392): CodeIgniter\Database\MySQLi\Connection->connect()
#1 /var/www/wappbuzz/vendor/codeigniter4/framework/system/Database/BaseConnection.php(575): CodeIgniter\Database\BaseConnection->initialize()
#2 /var/www/wappbuzz/vendor/codeigniter4/framework/system/Database/BaseBuilder.php(1616): CodeIgniter\Database\BaseConnection->query()
#3 /var/www/wappbuzz/app/Helpers/Common_helper.php(1444): CodeIgniter\Database\BaseBuilder->get()
#4 /var/www/wappbuzz/app/Helpers/Common_helper.php(1348): db_get()
#5 /var/www/wappbuzz/app/Helpers/Common_helper.php(1793): get_option()
#6 /var/www/wappbuzz/inc/core/Home/Controllers/Home.php(7): parse_config()
#7 /var/www/wappbuzz/vendor/codeigniter4/framework/system/CodeIgniter.php(915): Core\Home\Controllers\Home->__construct()
#8 /var/www/wappbuzz/vendor/codeigniter4/framework/system/CodeIgniter.php(971): CodeIgniter\CodeIgniter->createController()
#9 /var/www/wappbuzz/vendor/codeigniter4/framework/system/CodeIgniter.php(370): CodeIgniter\CodeIgniter->display404errors()
#10 /var/www/wappbuzz/index.php(34): CodeIgniter\CodeIgniter->run()
#11 {main}
CRITICAL - 2026-05-19 13:13:26 --> CodeIgniter\Database\Exceptions\DatabaseException: Unable to connect to the database.
Main connection [MySQLi]: Too many connections
in SYSTEMPATH/Database/BaseConnection.php on line 428.
 1 SYSTEMPATH/Database/BaseConnection.php(575): CodeIgniter\Database\BaseConnection->initialize()
 2 SYSTEMPATH/Database/BaseBuilder.php(1616): CodeIgniter\Database\BaseConnection->query()
 3 APPPATH/Helpers/Common_helper.php(1444): CodeIgniter\Database\BaseBuilder->get()
 4 APPPATH/Helpers/Common_helper.php(1348): db_get()
 5 APPPATH/Helpers/Common_helper.php(1793): get_option()
 6 FCPATH/inc/core/Home/Controllers/Home.php(7): parse_config()
 7 SYSTEMPATH/CodeIgniter.php(915): Core\Home\Controllers\Home->__construct()
 8 SYSTEMPATH/CodeIgniter.php(971): CodeIgniter\CodeIgniter->createController()
 9 SYSTEMPATH/CodeIgniter.php(370): CodeIgniter\CodeIgniter->display404errors()
10 FCPATH/index.php(34): CodeIgniter\CodeIgniter->run()
ERROR - 2026-05-19 13:13:38 --> Error connecting to the database: mysqli_sql_exception: Too many connections in /var/www/wappbuzz/vendor/codeigniter4/framework/system/Database/MySQLi/Connection.php:185
Stack trace:
#0 /var/www/wappbuzz/vendor/codeigniter4/framework/system/Database/MySQLi/Connection.php(185): mysqli->real_connect()
#1 /var/www/wappbuzz/vendor/codeigniter4/framework/system/Database/BaseConnection.php(392): CodeIgniter\Database\MySQLi\Connection->connect()
#2 /var/www/wappbuzz/vendor/codeigniter4/framework/system/Database/BaseConnection.php(575): CodeIgniter\Database\BaseConnection->initialize()
#3 /var/www/wappbuzz/vendor/codeigniter4/framework/system/Database/BaseBuilder.php(1616): CodeIgniter\Database\BaseConnection->query()
#4 /var/www/wappbuzz/app/Helpers/Common_helper.php(1444): CodeIgniter\Database\BaseBuilder->get()
#5 /var/www/wappbuzz/app/Helpers/Common_helper.php(1348): db_get()
#6 /var/www/wappbuzz/app/Helpers/Common_helper.php(1793): get_option()
#7 /var/www/wappbuzz/inc/core/Home/Controllers/Home.php(7): parse_config()
#8 /var/www/wappbuzz/vendor/codeigniter4/framework/system/CodeIgniter.php(915): Core\Home\Controllers\Home->__construct()
#9 /var/www/wappbuzz/vendor/codeigniter4/framework/system/CodeIgniter.php(971): CodeIgniter\CodeIgniter->createController()
#10 /var/www/wappbuzz/vendor/codeigniter4/framework/system/CodeIgniter.php(370): CodeIgniter\CodeIgniter->display404errors()
#11 /var/www/wappbuzz/index.php(34): CodeIgniter\CodeIgniter->run()
#12 {main}

Next CodeIgniter\Database\Exceptions\DatabaseException: Too many connections in /var/www/wappbuzz/vendor/codeigniter4/framework/system/Database/MySQLi/Connection.php:229
Stack trace:
#0 /var/www/wappbuzz/vendor/codeigniter4/framework/system/Database/BaseConnection.php(392): CodeIgniter\Database\MySQLi\Connection->connect()
#1 /var/www/wappbuzz/vendor/codeigniter4/framework/system/Database/BaseConnection.php(575): CodeIgniter\Database\BaseConnection->initialize()
#2 /var/www/wappbuzz/vendor/codeigniter4/framework/system/Database/BaseBuilder.php(1616): CodeIgniter\Database\BaseConnection->query()
#3 /var/www/wappbuzz/app/Helpers/Common_helper.php(1444): CodeIgniter\Database\BaseBuilder->get()
#4 /var/www/wappbuzz/app/Helpers/Common_helper.php(1348): db_get()
#5 /var/www/wappbuzz/app/Helpers/Common_helper.php(1793): get_option()
#6 /var/www/wappbuzz/inc/core/Home/Controllers/Home.php(7): parse_config()
#7 /var/www/wappbuzz/vendor/codeigniter4/framework/system/CodeIgniter.php(915): Core\Home\Controllers\Home->__construct()
#8 /var/www/wappbuzz/vendor/codeigniter4/framework/system/CodeIgniter.php(971): CodeIgniter\CodeIgniter->createController()
#9 /var/www/wappbuzz/vendor/codeigniter4/framework/system/CodeIgniter.php(370): CodeIgniter\CodeIgniter->display404errors()
#10 /var/www/wappbuzz/index.php(34): CodeIgniter\CodeIgniter->run()
#11 {main}
CRITICAL - 2026-05-19 13:13:38 --> CodeIgniter\Database\Exceptions\DatabaseException: Unable to connect to the database.
Main connection [MySQLi]: Too many connections
in SYSTEMPATH/Database/BaseConnection.php on line 428.
 1 SYSTEMPATH/Database/BaseConnection.php(575): CodeIgniter\Database\BaseConnection->initialize()
 2 SYSTEMPATH/Database/BaseBuilder.php(1616): CodeIgniter\Database\BaseConnection->query()
 3 APPPATH/Helpers/Common_helper.php(1444): CodeIgniter\Database\BaseBuilder->get()
 4 APPPATH/Helpers/Common_helper.php(1348): db_get()
 5 APPPATH/Helpers/Common_helper.php(1793): get_option()
 6 FCPATH/inc/core/Home/Controllers/Home.php(7): parse_config()
 7 SYSTEMPATH/CodeIgniter.php(915): Core\Home\Controllers\Home->__construct()
 8 SYSTEMPATH/CodeIgniter.php(971): CodeIgniter\CodeIgniter->createController()
 9 SYSTEMPATH/CodeIgniter.php(370): CodeIgniter\CodeIgniter->display404errors()
10 FCPATH/index.php(34): CodeIgniter\CodeIgniter->run()
ERROR - 2026-05-19 13:14:16 --> Error connecting to the database: mysqli_sql_exception: Too many connections in /var/www/wappbuzz/vendor/codeigniter4/framework/system/Database/MySQLi/Connection.php:185
Stack trace:
#0 /var/www/wappbuzz/vendor/codeigniter4/framework/system/Database/MySQLi/Connection.php(185): mysqli->real_connect()
#1 /var/www/wappbuzz/vendor/codeigniter4/framework/system/Database/BaseConnection.php(392): CodeIgniter\Database\MySQLi\Connection->connect()
#2 /var/www/wappbuzz/vendor/codeigniter4/framework/system/Database/BaseConnection.php(575): CodeIgniter\Database\BaseConnection->initialize()
#3 /var/www/wappbuzz/vendor/codeigniter4/framework/system/Database/BaseBuilder.php(1616): CodeIgniter\Database\BaseConnection->query()
#4 /var/www/wappbuzz/app/Helpers/Common_helper.php(1444): CodeIgniter\Database\BaseBuilder->get()
#5 /var/www/wappbuzz/app/Helpers/Common_helper.php(1348): db_get()
#6 /var/www/wappbuzz/app/Helpers/Common_helper.php(1793): get_option()
#7 /var/www/wappbuzz/inc/core/Home/Controllers/Home.php(7): parse_config()
#8 /var/www/wappbuzz/vendor/codeigniter4/framework/system/CodeIgniter.php(915): Core\Home\Controllers\Home->__construct()
#9 /var/www/wappbuzz/vendor/codeigniter4/framework/system/CodeIgniter.php(971): CodeIgniter\CodeIgniter->createController()
#10 /var/www/wappbuzz/vendor/codeigniter4/framework/system/CodeIgniter.php(370): CodeIgniter\CodeIgniter->display404errors()
#11 /var/www/wappbuzz/index.php(34): CodeIgniter\CodeIgniter->run()
#12 {main}

Next CodeIgniter\Database\Exceptions\DatabaseException: Too many connections in /var/www/wappbuzz/vendor/codeigniter4/framework/system/Database/MySQLi/Connection.php:229
Stack trace:
#0 /var/www/wappbuzz/vendor/codeigniter4/framework/system/Database/BaseConnection.php(392): CodeIgniter\Database\MySQLi\Connection->connect()
#1 /var/www/wappbuzz/vendor/codeigniter4/framework/system/Database/BaseConnection.php(575): CodeIgniter\Database\BaseConnection->initialize()
#2 /var/www/wappbuzz/vendor/codeigniter4/framework/system/Database/BaseBuilder.php(1616): CodeIgniter\Database\BaseConnection->query()
#3 /var/www/wappbuzz/app/Helpers/Common_helper.php(1444): CodeIgniter\Database\BaseBuilder->get()
#4 /var/www/wappbuzz/app/Helpers/Common_helper.php(1348): db_get()
#5 /var/www/wappbuzz/app/Helpers/Common_helper.php(1793): get_option()
#6 /var/www/wappbuzz/inc/core/Home/Controllers/Home.php(7): parse_config()
#7 /var/www/wappbuzz/vendor/codeigniter4/framework/system/CodeIgniter.php(915): Core\Home\Controllers\Home->__construct()
#8 /var/www/wappbuzz/vendor/codeigniter4/framework/system/CodeIgniter.php(971): CodeIgniter\CodeIgniter->createController()
#9 /var/www/wappbuzz/vendor/codeigniter4/framework/system/CodeIgniter.php(370): CodeIgniter\CodeIgniter->display404errors()
#10 /var/www/wappbuzz/index.php(34): CodeIgniter\CodeIgniter->run()
#11 {main}
CRITICAL - 2026-05-19 13:14:16 --> CodeIgniter\Database\Exceptions\DatabaseException: Unable to connect to the database.
Main connection [MySQLi]: Too many connections
in SYSTEMPATH/Database/BaseConnection.php on line 428.
 1 SYSTEMPATH/Database/BaseConnection.php(575): CodeIgniter\Database\BaseConnection->initialize()
 2 SYSTEMPATH/Database/BaseBuilder.php(1616): CodeIgniter\Database\BaseConnection->query()
 3 APPPATH/Helpers/Common_helper.php(1444): CodeIgniter\Database\BaseBuilder->get()
 4 APPPATH/Helpers/Common_helper.php(1348): db_get()
 5 APPPATH/Helpers/Common_helper.php(1793): get_option()
 6 FCPATH/inc/core/Home/Controllers/Home.php(7): parse_config()
 7 SYSTEMPATH/CodeIgniter.php(915): Core\Home\Controllers\Home->__construct()
 8 SYSTEMPATH/CodeIgniter.php(971): CodeIgniter\CodeIgniter->createController()
 9 SYSTEMPATH/CodeIgniter.php(370): CodeIgniter\CodeIgniter->display404errors()
10 FCPATH/index.php(34): CodeIgniter\CodeIgniter->run()
ERROR - 2026-05-19 13:14:22 --> Error connecting to the database: mysqli_sql_exception: Too many connections in /var/www/wappbuzz/vendor/codeigniter4/framework/system/Database/MySQLi/Connection.php:185
Stack trace:
#0 /var/www/wappbuzz/vendor/codeigniter4/framework/system/Database/MySQLi/Connection.php(185): mysqli->real_connect()
#1 /var/www/wappbuzz/vendor/codeigniter4/framework/system/Database/BaseConnection.php(392): CodeIgniter\Database\MySQLi\Connection->connect()
#2 /var/www/wappbuzz/vendor/codeigniter4/framework/system/Database/BaseConnection.php(575): CodeIgniter\Database\BaseConnection->initialize()
#3 /var/www/wappbuzz/vendor/codeigniter4/framework/system/Database/BaseBuilder.php(1616): CodeIgniter\Database\BaseConnection->query()
#4 /var/www/wappbuzz/app/Helpers/Common_helper.php(1444): CodeIgniter\Database\BaseBuilder->get()
#5 /var/www/wappbuzz/app/Helpers/Common_helper.php(1348): db_get()
#6 /var/www/wappbuzz/app/Helpers/Common_helper.php(1793): get_option()
#7 /var/www/wappbuzz/inc/core/Home/Controllers/Home.php(7): parse_config()
#8 /var/www/wappbuzz/vendor/codeigniter4/framework/system/CodeIgniter.php(915): Core\Home\Controllers\Home->__construct()
#9 /var/www/wappbuzz/vendor/codeigniter4/framework/system/CodeIgniter.php(971): CodeIgniter\CodeIgniter->createController()
#10 /var/www/wappbuzz/vendor/codeigniter4/framework/system/CodeIgniter.php(370): CodeIgniter\CodeIgniter->display404errors()
#11 /var/www/wappbuzz/index.php(34): CodeIgniter\CodeIgniter->run()
#12 {main}

Next CodeIgniter\Database\Exceptions\DatabaseException: Too many connections in /var/www/wappbuzz/vendor/codeigniter4/framework/system/Database/MySQLi/Connection.php:229
Stack trace:
#0 /var/www/wappbuzz/vendor/codeigniter4/framework/system/Database/BaseConnection.php(392): CodeIgniter\Database\MySQLi\Connection->connect()
#1 /var/www/wappbuzz/vendor/codeigniter4/framework/system/Database/BaseConnection.php(575): CodeIgniter\Database\BaseConnection->initialize()
#2 /var/www/wappbuzz/vendor/codeigniter4/framework/system/Database/BaseBuilder.php(1616): CodeIgniter\Database\BaseConnection->query()
#3 /var/www/wappbuzz/app/Helpers/Common_helper.php(1444): CodeIgniter\Database\BaseBuilder->get()
#4 /var/www/wappbuzz/app/Helpers/Common_helper.php(1348): db_get()
#5 /var/www/wappbuzz/app/Helpers/Common_helper.php(1793): get_option()
#6 /var/www/wappbuzz/inc/core/Home/Controllers/Home.php(7): parse_config()
#7 /var/www/wappbuzz/vendor/codeigniter4/framework/system/CodeIgniter.php(915): Core\Home\Controllers\Home->__construct()
#8 /var/www/wappbuzz/vendor/codeigniter4/framework/system/CodeIgniter.php(971): CodeIgniter\CodeIgniter->createController()
#9 /var/www/wappbuzz/vendor/codeigniter4/framework/system/CodeIgniter.php(370): CodeIgniter\CodeIgniter->display404errors()
#10 /var/www/wappbuzz/index.php(34): CodeIgniter\CodeIgniter->run()
#11 {main}
CRITICAL - 2026-05-19 13:14:22 --> CodeIgniter\Database\Exceptions\DatabaseException: Unable to connect to the database.
Main connection [MySQLi]: Too many connections
in SYSTEMPATH/Database/BaseConnection.php on line 428.
 1 SYSTEMPATH/Database/BaseConnection.php(575): CodeIgniter\Database\BaseConnection->initialize()
 2 SYSTEMPATH/Database/BaseBuilder.php(1616): CodeIgniter\Database\BaseConnection->query()
 3 APPPATH/Helpers/Common_helper.php(1444): CodeIgniter\Database\BaseBuilder->get()
 4 APPPATH/Helpers/Common_helper.php(1348): db_get()
 5 APPPATH/Helpers/Common_helper.php(1793): get_option()
 6 FCPATH/inc/core/Home/Controllers/Home.php(7): parse_config()
 7 SYSTEMPATH/CodeIgniter.php(915): Core\Home\Controllers\Home->__construct()
 8 SYSTEMPATH/CodeIgniter.php(971): CodeIgniter\CodeIgniter->createController()
 9 SYSTEMPATH/CodeIgniter.php(370): CodeIgniter\CodeIgniter->display404errors()
10 FCPATH/index.php(34): CodeIgniter\CodeIgniter->run()
ERROR - 2026-05-19 13:15:03 --> Error connecting to the database: mysqli_sql_exception: Too many connections in /var/www/wappbuzz/vendor/codeigniter4/framework/system/Database/MySQLi/Connection.php:185
Stack trace:
#0 /var/www/wappbuzz/vendor/codeigniter4/framework/system/Database/MySQLi/Connection.php(185): mysqli->real_connect()
#1 /var/www/wappbuzz/vendor/codeigniter4/framework/system/Database/BaseConnection.php(392): CodeIgniter\Database\MySQLi\Connection->connect()
#2 /var/www/wappbuzz/vendor/codeigniter4/framework/system/Database/BaseConnection.php(575): CodeIgniter\Database\BaseConnection->initialize()
#3 /var/www/wappbuzz/vendor/codeigniter4/framework/system/Database/BaseBuilder.php(1616): CodeIgniter\Database\BaseConnection->query()
#4 /var/www/wappbuzz/app/Helpers/Common_helper.php(1444): CodeIgniter\Database\BaseBuilder->get()
#5 /var/www/wappbuzz/app/Helpers/Common_helper.php(1348): db_get()
#6 /var/www/wappbuzz/app/Helpers/Common_helper.php(1793): get_option()
#7 /var/www/wappbuzz/inc/core/Home/Controllers/Home.php(7): parse_config()
#8 /var/www/wappbuzz/vendor/codeigniter4/framework/system/CodeIgniter.php(915): Core\Home\Controllers\Home->__construct()
#9 /var/www/wappbuzz/vendor/codeigniter4/framework/system/CodeIgniter.php(971): CodeIgniter\CodeIgniter->createController()
#10 /var/www/wappbuzz/vendor/codeigniter4/framework/system/CodeIgniter.php(370): CodeIgniter\CodeIgniter->display404errors()
#11 /var/www/wappbuzz/index.php(34): CodeIgniter\CodeIgniter->run()
#12 {main}

Next CodeIgniter\Database\Exceptions\DatabaseException: Too many connections in /var/www/wappbuzz/vendor/codeigniter4/framework/system/Database/MySQLi/Connection.php:229
Stack trace:
#0 /var/www/wappbuzz/vendor/codeigniter4/framework/system/Database/BaseConnection.php(392): CodeIgniter\Database\MySQLi\Connection->connect()
#1 /var/www/wappbuzz/vendor/codeigniter4/framework/system/Database/BaseConnection.php(575): CodeIgniter\Database\BaseConnection->initialize()
#2 /var/www/wappbuzz/vendor/codeigniter4/framework/system/Database/BaseBuilder.php(1616): CodeIgniter\Database\BaseConnection->query()
#3 /var/www/wappbuzz/app/Helpers/Common_helper.php(1444): CodeIgniter\Database\BaseBuilder->get()
#4 /var/www/wappbuzz/app/Helpers/Common_helper.php(1348): db_get()
#5 /var/www/wappbuzz/app/Helpers/Common_helper.php(1793): get_option()
#6 /var/www/wappbuzz/inc/core/Home/Controllers/Home.php(7): parse_config()
#7 /var/www/wappbuzz/vendor/codeigniter4/framework/system/CodeIgniter.php(915): Core\Home\Controllers\Home->__construct()
#8 /var/www/wappbuzz/vendor/codeigniter4/framework/system/CodeIgniter.php(971): CodeIgniter\CodeIgniter->createController()
#9 /var/www/wappbuzz/vendor/codeigniter4/framework/system/CodeIgniter.php(370): CodeIgniter\CodeIgniter->display404errors()
#10 /var/www/wappbuzz/index.php(34): CodeIgniter\CodeIgniter->run()
#11 {main}
CRITICAL - 2026-05-19 13:15:03 --> CodeIgniter\Database\Exceptions\DatabaseException: Unable to connect to the database.
Main connection [MySQLi]: Too many connections
in SYSTEMPATH/Database/BaseConnection.php on line 428.
 1 SYSTEMPATH/Database/BaseConnection.php(575): CodeIgniter\Database\BaseConnection->initialize()
 2 SYSTEMPATH/Database/BaseBuilder.php(1616): CodeIgniter\Database\BaseConnection->query()
 3 APPPATH/Helpers/Common_helper.php(1444): CodeIgniter\Database\BaseBuilder->get()
 4 APPPATH/Helpers/Common_helper.php(1348): db_get()
 5 APPPATH/Helpers/Common_helper.php(1793): get_option()
 6 FCPATH/inc/core/Home/Controllers/Home.php(7): parse_config()
 7 SYSTEMPATH/CodeIgniter.php(915): Core\Home\Controllers\Home->__construct()
 8 SYSTEMPATH/CodeIgniter.php(971): CodeIgniter\CodeIgniter->createController()
 9 SYSTEMPATH/CodeIgniter.php(370): CodeIgniter\CodeIgniter->display404errors()
10 FCPATH/index.php(34): CodeIgniter\CodeIgniter->run()
ERROR - 2026-05-19 13:15:06 --> Error connecting to the database: mysqli_sql_exception: Too many connections in /var/www/wappbuzz/vendor/codeigniter4/framework/system/Database/MySQLi/Connection.php:185
Stack trace:
#0 /var/www/wappbuzz/vendor/codeigniter4/framework/system/Database/MySQLi/Connection.php(185): mysqli->real_connect()
#1 /var/www/wappbuzz/vendor/codeigniter4/framework/system/Database/BaseConnection.php(392): CodeIgniter\Database\MySQLi\Connection->connect()
#2 /var/www/wappbuzz/vendor/codeigniter4/framework/system/Database/BaseConnection.php(575): CodeIgniter\Database\BaseConnection->initialize()
#3 /var/www/wappbuzz/vendor/codeigniter4/framework/system/Database/BaseBuilder.php(1616): CodeIgniter\Database\BaseConnection->query()
#4 /var/www/wappbuzz/app/Helpers/Common_helper.php(1444): CodeIgniter\Database\BaseBuilder->get()
#5 /var/www/wappbuzz/app/Helpers/Common_helper.php(1348): db_get()
#6 /var/www/wappbuzz/app/Helpers/Common_helper.php(1793): get_option()
#7 /var/www/wappbuzz/inc/core/Home/Controllers/Home.php(7): parse_config()
#8 /var/www/wappbuzz/vendor/codeigniter4/framework/system/CodeIgniter.php(915): Core\Home\Controllers\Home->__construct()
#9 /var/www/wappbuzz/vendor/codeigniter4/framework/system/CodeIgniter.php(971): CodeIgniter\CodeIgniter->createController()
#10 /var/www/wappbuzz/vendor/codeigniter4/framework/system/CodeIgniter.php(370): CodeIgniter\CodeIgniter->display404errors()
#11 /var/www/wappbuzz/index.php(34): CodeIgniter\CodeIgniter->run()
#12 {main}

Next CodeIgniter\Database\Exceptions\DatabaseException: Too many connections in /var/www/wappbuzz/vendor/codeigniter4/framework/system/Database/MySQLi/Connection.php:229
Stack trace:
#0 /var/www/wappbuzz/vendor/codeigniter4/framework/system/Database/BaseConnection.php(392): CodeIgniter\Database\MySQLi\Connection->connect()
#1 /var/www/wappbuzz/vendor/codeigniter4/framework/system/Database/BaseConnection.php(575): CodeIgniter\Database\BaseConnection->initialize()
#2 /var/www/wappbuzz/vendor/codeigniter4/framework/system/Database/BaseBuilder.php(1616): CodeIgniter\Database\BaseConnection->query()
#3 /var/www/wappbuzz/app/Helpers/Common_helper.php(1444): CodeIgniter\Database\BaseBuilder->get()
#4 /var/www/wappbuzz/app/Helpers/Common_helper.php(1348): db_get()
#5 /var/www/wappbuzz/app/Helpers/Common_helper.php(1793): get_option()
#6 /var/www/wappbuzz/inc/core/Home/Controllers/Home.php(7): parse_config()
#7 /var/www/wappbuzz/vendor/codeigniter4/framework/system/CodeIgniter.php(915): Core\Home\Controllers\Home->__construct()
#8 /var/www/wappbuzz/vendor/codeigniter4/framework/system/CodeIgniter.php(971): CodeIgniter\CodeIgniter->createController()
#9 /var/www/wappbuzz/vendor/codeigniter4/framework/system/CodeIgniter.php(370): CodeIgniter\CodeIgniter->display404errors()
#10 /var/www/wappbuzz/index.php(34): CodeIgniter\CodeIgniter->run()
#11 {main}
CRITICAL - 2026-05-19 13:15:06 --> CodeIgniter\Database\Exceptions\DatabaseException: Unable to connect to the database.
Main connection [MySQLi]: Too many connections
in SYSTEMPATH/Database/BaseConnection.php on line 428.
 1 SYSTEMPATH/Database/BaseConnection.php(575): CodeIgniter\Database\BaseConnection->initialize()
 2 SYSTEMPATH/Database/BaseBuilder.php(1616): CodeIgniter\Database\BaseConnection->query()
 3 APPPATH/Helpers/Common_helper.php(1444): CodeIgniter\Database\BaseBuilder->get()
 4 APPPATH/Helpers/Common_helper.php(1348): db_get()
 5 APPPATH/Helpers/Common_helper.php(1793): get_option()
 6 FCPATH/inc/core/Home/Controllers/Home.php(7): parse_config()
 7 SYSTEMPATH/CodeIgniter.php(915): Core\Home\Controllers\Home->__construct()
 8 SYSTEMPATH/CodeIgniter.php(971): CodeIgniter\CodeIgniter->createController()
 9 SYSTEMPATH/CodeIgniter.php(370): CodeIgniter\CodeIgniter->display404errors()
10 FCPATH/index.php(34): CodeIgniter\CodeIgniter->run()
ERROR - 2026-05-19 13:15:08 --> Error connecting to the database: mysqli_sql_exception: Too many connections in /var/www/wappbuzz/vendor/codeigniter4/framework/system/Database/MySQLi/Connection.php:185
Stack trace:
#0 /var/www/wappbuzz/vendor/codeigniter4/framework/system/Database/MySQLi/Connection.php(185): mysqli->real_connect()
#1 /var/www/wappbuzz/vendor/codeigniter4/framework/system/Database/BaseConnection.php(392): CodeIgniter\Database\MySQLi\Connection->connect()
#2 /var/www/wappbuzz/vendor/codeigniter4/framework/system/Database/BaseConnection.php(575): CodeIgniter\Database\BaseConnection->initialize()
#3 /var/www/wappbuzz/vendor/codeigniter4/framework/system/Database/BaseBuilder.php(1616): CodeIgniter\Database\BaseConnection->query()
#4 /var/www/wappbuzz/app/Helpers/Common_helper.php(1444): CodeIgniter\Database\BaseBuilder->get()
#5 /var/www/wappbuzz/app/Helpers/Common_helper.php(1348): db_get()
#6 /var/www/wappbuzz/app/Helpers/Common_helper.php(1793): get_option()
#7 /var/www/wappbuzz/inc/core/Home/Controllers/Home.php(7): parse_config()
#8 /var/www/wappbuzz/vendor/codeigniter4/framework/system/CodeIgniter.php(915): Core\Home\Controllers\Home->__construct()
#9 /var/www/wappbuzz/vendor/codeigniter4/framework/system/CodeIgniter.php(971): CodeIgniter\CodeIgniter->createController()
#10 /var/www/wappbuzz/vendor/codeigniter4/framework/system/CodeIgniter.php(370): CodeIgniter\CodeIgniter->display404errors()
#11 /var/www/wappbuzz/index.php(34): CodeIgniter\CodeIgniter->run()
#12 {main}

Next CodeIgniter\Database\Exceptions\DatabaseException: Too many connections in /var/www/wappbuzz/vendor/codeigniter4/framework/system/Database/MySQLi/Connection.php:229
Stack trace:
#0 /var/www/wappbuzz/vendor/codeigniter4/framework/system/Database/BaseConnection.php(392): CodeIgniter\Database\MySQLi\Connection->connect()
#1 /var/www/wappbuzz/vendor/codeigniter4/framework/system/Database/BaseConnection.php(575): CodeIgniter\Database\BaseConnection->initialize()
#2 /var/www/wappbuzz/vendor/codeigniter4/framework/system/Database/BaseBuilder.php(1616): CodeIgniter\Database\BaseConnection->query()
#3 /var/www/wappbuzz/app/Helpers/Common_helper.php(1444): CodeIgniter\Database\BaseBuilder->get()
#4 /var/www/wappbuzz/app/Helpers/Common_helper.php(1348): db_get()
#5 /var/www/wappbuzz/app/Helpers/Common_helper.php(1793): get_option()
#6 /var/www/wappbuzz/inc/core/Home/Controllers/Home.php(7): parse_config()
#7 /var/www/wappbuzz/vendor/codeigniter4/framework/system/CodeIgniter.php(915): Core\Home\Controllers\Home->__construct()
#8 /var/www/wappbuzz/vendor/codeigniter4/framework/system/CodeIgniter.php(971): CodeIgniter\CodeIgniter->createController()
#9 /var/www/wappbuzz/vendor/codeigniter4/framework/system/CodeIgniter.php(370): CodeIgniter\CodeIgniter->display404errors()
#10 /var/www/wappbuzz/index.php(34): CodeIgniter\CodeIgniter->run()
#11 {main}
CRITICAL - 2026-05-19 13:15:08 --> CodeIgniter\Database\Exceptions\DatabaseException: Unable to connect to the database.
Main connection [MySQLi]: Too many connections
in SYSTEMPATH/Database/BaseConnection.php on line 428.
 1 SYSTEMPATH/Database/BaseConnection.php(575): CodeIgniter\Database\BaseConnection->initialize()
 2 SYSTEMPATH/Database/BaseBuilder.php(1616): CodeIgniter\Database\BaseConnection->query()
 3 APPPATH/Helpers/Common_helper.php(1444): CodeIgniter\Database\BaseBuilder->get()
 4 APPPATH/Helpers/Common_helper.php(1348): db_get()
 5 APPPATH/Helpers/Common_helper.php(1793): get_option()
 6 FCPATH/inc/core/Home/Controllers/Home.php(7): parse_config()
 7 SYSTEMPATH/CodeIgniter.php(915): Core\Home\Controllers\Home->__construct()
 8 SYSTEMPATH/CodeIgniter.php(971): CodeIgniter\CodeIgniter->createController()
 9 SYSTEMPATH/CodeIgniter.php(370): CodeIgniter\CodeIgniter->display404errors()
10 FCPATH/index.php(34): CodeIgniter\CodeIgniter->run()
ERROR - 2026-05-19 13:15:18 --> Error connecting to the database: mysqli_sql_exception: Too many connections in /var/www/wappbuzz/vendor/codeigniter4/framework/system/Database/MySQLi/Connection.php:185
Stack trace:
#0 /var/www/wappbuzz/vendor/codeigniter4/framework/system/Database/MySQLi/Connection.php(185): mysqli->real_connect()
#1 /var/www/wappbuzz/vendor/codeigniter4/framework/system/Database/BaseConnection.php(392): CodeIgniter\Database\MySQLi\Connection->connect()
#2 /var/www/wappbuzz/vendor/codeigniter4/framework/system/Database/BaseConnection.php(575): CodeIgniter\Database\BaseConnection->initialize()
#3 /var/www/wappbuzz/vendor/codeigniter4/framework/system/Database/BaseBuilder.php(1616): CodeIgniter\Database\BaseConnection->query()
#4 /var/www/wappbuzz/app/Helpers/Common_helper.php(1444): CodeIgniter\Database\BaseBuilder->get()
#5 /var/www/wappbuzz/app/Helpers/Common_helper.php(1348): db_get()
#6 /var/www/wappbuzz/app/Helpers/Common_helper.php(1793): get_option()
#7 /var/www/wappbuzz/inc/core/Home/Controllers/Home.php(7): parse_config()
#8 /var/www/wappbuzz/vendor/codeigniter4/framework/system/CodeIgniter.php(915): Core\Home\Controllers\Home->__construct()
#9 /var/www/wappbuzz/vendor/codeigniter4/framework/system/CodeIgniter.php(971): CodeIgniter\CodeIgniter->createController()
#10 /var/www/wappbuzz/vendor/codeigniter4/framework/system/CodeIgniter.php(370): CodeIgniter\CodeIgniter->display404errors()
#11 /var/www/wappbuzz/index.php(34): CodeIgniter\CodeIgniter->run()
#12 {main}

Next CodeIgniter\Database\Exceptions\DatabaseException: Too many connections in /var/www/wappbuzz/vendor/codeigniter4/framework/system/Database/MySQLi/Connection.php:229
Stack trace:
#0 /var/www/wappbuzz/vendor/codeigniter4/framework/system/Database/BaseConnection.php(392): CodeIgniter\Database\MySQLi\Connection->connect()
#1 /var/www/wappbuzz/vendor/codeigniter4/framework/system/Database/BaseConnection.php(575): CodeIgniter\Database\BaseConnection->initialize()
#2 /var/www/wappbuzz/vendor/codeigniter4/framework/system/Database/BaseBuilder.php(1616): CodeIgniter\Database\BaseConnection->query()
#3 /var/www/wappbuzz/app/Helpers/Common_helper.php(1444): CodeIgniter\Database\BaseBuilder->get()
#4 /var/www/wappbuzz/app/Helpers/Common_helper.php(1348): db_get()
#5 /var/www/wappbuzz/app/Helpers/Common_helper.php(1793): get_option()
#6 /var/www/wappbuzz/inc/core/Home/Controllers/Home.php(7): parse_config()
#7 /var/www/wappbuzz/vendor/codeigniter4/framework/system/CodeIgniter.php(915): Core\Home\Controllers\Home->__construct()
#8 /var/www/wappbuzz/vendor/codeigniter4/framework/system/CodeIgniter.php(971): CodeIgniter\CodeIgniter->createController()
#9 /var/www/wappbuzz/vendor/codeigniter4/framework/system/CodeIgniter.php(370): CodeIgniter\CodeIgniter->display404errors()
#10 /var/www/wappbuzz/index.php(34): CodeIgniter\CodeIgniter->run()
#11 {main}
CRITICAL - 2026-05-19 13:15:18 --> CodeIgniter\Database\Exceptions\DatabaseException: Unable to connect to the database.
Main connection [MySQLi]: Too many connections
in SYSTEMPATH/Database/BaseConnection.php on line 428.
 1 SYSTEMPATH/Database/BaseConnection.php(575): CodeIgniter\Database\BaseConnection->initialize()
 2 SYSTEMPATH/Database/BaseBuilder.php(1616): CodeIgniter\Database\BaseConnection->query()
 3 APPPATH/Helpers/Common_helper.php(1444): CodeIgniter\Database\BaseBuilder->get()
 4 APPPATH/Helpers/Common_helper.php(1348): db_get()
 5 APPPATH/Helpers/Common_helper.php(1793): get_option()
 6 FCPATH/inc/core/Home/Controllers/Home.php(7): parse_config()
 7 SYSTEMPATH/CodeIgniter.php(915): Core\Home\Controllers\Home->__construct()
 8 SYSTEMPATH/CodeIgniter.php(971): CodeIgniter\CodeIgniter->createController()
 9 SYSTEMPATH/CodeIgniter.php(370): CodeIgniter\CodeIgniter->display404errors()
10 FCPATH/index.php(34): CodeIgniter\CodeIgniter->run()
ERROR - 2026-05-19 13:15:40 --> Error connecting to the database: mysqli_sql_exception: Too many connections in /var/www/wappbuzz/vendor/codeigniter4/framework/system/Database/MySQLi/Connection.php:185
Stack trace:
#0 /var/www/wappbuzz/vendor/codeigniter4/framework/system/Database/MySQLi/Connection.php(185): mysqli->real_connect()
#1 /var/www/wappbuzz/vendor/codeigniter4/framework/system/Database/BaseConnection.php(392): CodeIgniter\Database\MySQLi\Connection->connect()
#2 /var/www/wappbuzz/vendor/codeigniter4/framework/system/Database/BaseConnection.php(575): CodeIgniter\Database\BaseConnection->initialize()
#3 /var/www/wappbuzz/vendor/codeigniter4/framework/system/Database/BaseBuilder.php(1616): CodeIgniter\Database\BaseConnection->query()
#4 /var/www/wappbuzz/app/Helpers/Common_helper.php(1444): CodeIgniter\Database\BaseBuilder->get()
#5 /var/www/wappbuzz/app/Helpers/Common_helper.php(1348): db_get()
#6 /var/www/wappbuzz/app/Helpers/Common_helper.php(1793): get_option()
#7 /var/www/wappbuzz/inc/core/Home/Controllers/Home.php(7): parse_config()
#8 /var/www/wappbuzz/vendor/codeigniter4/framework/system/CodeIgniter.php(915): Core\Home\Controllers\Home->__construct()
#9 /var/www/wappbuzz/vendor/codeigniter4/framework/system/CodeIgniter.php(971): CodeIgniter\CodeIgniter->createController()
#10 /var/www/wappbuzz/vendor/codeigniter4/framework/system/CodeIgniter.php(370): CodeIgniter\CodeIgniter->display404errors()
#11 /var/www/wappbuzz/index.php(34): CodeIgniter\CodeIgniter->run()
#12 {main}

Next CodeIgniter\Database\Exceptions\DatabaseException: Too many connections in /var/www/wappbuzz/vendor/codeigniter4/framework/system/Database/MySQLi/Connection.php:229
Stack trace:
#0 /var/www/wappbuzz/vendor/codeigniter4/framework/system/Database/BaseConnection.php(392): CodeIgniter\Database\MySQLi\Connection->connect()
#1 /var/www/wappbuzz/vendor/codeigniter4/framework/system/Database/BaseConnection.php(575): CodeIgniter\Database\BaseConnection->initialize()
#2 /var/www/wappbuzz/vendor/codeigniter4/framework/system/Database/BaseBuilder.php(1616): CodeIgniter\Database\BaseConnection->query()
#3 /var/www/wappbuzz/app/Helpers/Common_helper.php(1444): CodeIgniter\Database\BaseBuilder->get()
#4 /var/www/wappbuzz/app/Helpers/Common_helper.php(1348): db_get()
#5 /var/www/wappbuzz/app/Helpers/Common_helper.php(1793): get_option()
#6 /var/www/wappbuzz/inc/core/Home/Controllers/Home.php(7): parse_config()
#7 /var/www/wappbuzz/vendor/codeigniter4/framework/system/CodeIgniter.php(915): Core\Home\Controllers\Home->__construct()
#8 /var/www/wappbuzz/vendor/codeigniter4/framework/system/CodeIgniter.php(971): CodeIgniter\CodeIgniter->createController()
#9 /var/www/wappbuzz/vendor/codeigniter4/framework/system/CodeIgniter.php(370): CodeIgniter\CodeIgniter->display404errors()
#10 /var/www/wappbuzz/index.php(34): CodeIgniter\CodeIgniter->run()
#11 {main}
CRITICAL - 2026-05-19 13:15:40 --> CodeIgniter\Database\Exceptions\DatabaseException: Unable to connect to the database.
Main connection [MySQLi]: Too many connections
in SYSTEMPATH/Database/BaseConnection.php on line 428.
 1 SYSTEMPATH/Database/BaseConnection.php(575): CodeIgniter\Database\BaseConnection->initialize()
 2 SYSTEMPATH/Database/BaseBuilder.php(1616): CodeIgniter\Database\BaseConnection->query()
 3 APPPATH/Helpers/Common_helper.php(1444): CodeIgniter\Database\BaseBuilder->get()
 4 APPPATH/Helpers/Common_helper.php(1348): db_get()
 5 APPPATH/Helpers/Common_helper.php(1793): get_option()
 6 FCPATH/inc/core/Home/Controllers/Home.php(7): parse_config()
 7 SYSTEMPATH/CodeIgniter.php(915): Core\Home\Controllers\Home->__construct()
 8 SYSTEMPATH/CodeIgniter.php(971): CodeIgniter\CodeIgniter->createController()
 9 SYSTEMPATH/CodeIgniter.php(370): CodeIgniter\CodeIgniter->display404errors()
10 FCPATH/index.php(34): CodeIgniter\CodeIgniter->run()
ERROR - 2026-05-19 13:15:53 --> Error connecting to the database: mysqli_sql_exception: Too many connections in /var/www/wappbuzz/vendor/codeigniter4/framework/system/Database/MySQLi/Connection.php:185
Stack trace:
#0 /var/www/wappbuzz/vendor/codeigniter4/framework/system/Database/MySQLi/Connection.php(185): mysqli->real_connect()
#1 /var/www/wappbuzz/vendor/codeigniter4/framework/system/Database/BaseConnection.php(392): CodeIgniter\Database\MySQLi\Connection->connect()
#2 /var/www/wappbuzz/vendor/codeigniter4/framework/system/Database/BaseConnection.php(575): CodeIgniter\Database\BaseConnection->initialize()
#3 /var/www/wappbuzz/vendor/codeigniter4/framework/system/Database/BaseBuilder.php(1616): CodeIgniter\Database\BaseConnection->query()
#4 /var/www/wappbuzz/app/Helpers/Common_helper.php(1444): CodeIgniter\Database\BaseBuilder->get()
#5 /var/www/wappbuzz/app/Helpers/Common_helper.php(1348): db_get()
#6 /var/www/wappbuzz/app/Helpers/Common_helper.php(1793): get_option()
#7 /var/www/wappbuzz/inc/core/Home/Controllers/Home.php(7): parse_config()
#8 /var/www/wappbuzz/vendor/codeigniter4/framework/system/CodeIgniter.php(915): Core\Home\Controllers\Home->__construct()
#9 /var/www/wappbuzz/vendor/codeigniter4/framework/system/CodeIgniter.php(971): CodeIgniter\CodeIgniter->createController()
#10 /var/www/wappbuzz/vendor/codeigniter4/framework/system/CodeIgniter.php(370): CodeIgniter\CodeIgniter->display404errors()
#11 /var/www/wappbuzz/index.php(34): CodeIgniter\CodeIgniter->run()
#12 {main}

Next CodeIgniter\Database\Exceptions\DatabaseException: Too many connections in /var/www/wappbuzz/vendor/codeigniter4/framework/system/Database/MySQLi/Connection.php:229
Stack trace:
#0 /var/www/wappbuzz/vendor/codeigniter4/framework/system/Database/BaseConnection.php(392): CodeIgniter\Database\MySQLi\Connection->connect()
#1 /var/www/wappbuzz/vendor/codeigniter4/framework/system/Database/BaseConnection.php(575): CodeIgniter\Database\BaseConnection->initialize()
#2 /var/www/wappbuzz/vendor/codeigniter4/framework/system/Database/BaseBuilder.php(1616): CodeIgniter\Database\BaseConnection->query()
#3 /var/www/wappbuzz/app/Helpers/Common_helper.php(1444): CodeIgniter\Database\BaseBuilder->get()
#4 /var/www/wappbuzz/app/Helpers/Common_helper.php(1348): db_get()
#5 /var/www/wappbuzz/app/Helpers/Common_helper.php(1793): get_option()
#6 /var/www/wappbuzz/inc/core/Home/Controllers/Home.php(7): parse_config()
#7 /var/www/wappbuzz/vendor/codeigniter4/framework/system/CodeIgniter.php(915): Core\Home\Controllers\Home->__construct()
#8 /var/www/wappbuzz/vendor/codeigniter4/framework/system/CodeIgniter.php(971): CodeIgniter\CodeIgniter->createController()
#9 /var/www/wappbuzz/vendor/codeigniter4/framework/system/CodeIgniter.php(370): CodeIgniter\CodeIgniter->display404errors()
#10 /var/www/wappbuzz/index.php(34): CodeIgniter\CodeIgniter->run()
#11 {main}
CRITICAL - 2026-05-19 13:15:53 --> CodeIgniter\Database\Exceptions\DatabaseException: Unable to connect to the database.
Main connection [MySQLi]: Too many connections
in SYSTEMPATH/Database/BaseConnection.php on line 428.
 1 SYSTEMPATH/Database/BaseConnection.php(575): CodeIgniter\Database\BaseConnection->initialize()
 2 SYSTEMPATH/Database/BaseBuilder.php(1616): CodeIgniter\Database\BaseConnection->query()
 3 APPPATH/Helpers/Common_helper.php(1444): CodeIgniter\Database\BaseBuilder->get()
 4 APPPATH/Helpers/Common_helper.php(1348): db_get()
 5 APPPATH/Helpers/Common_helper.php(1793): get_option()
 6 FCPATH/inc/core/Home/Controllers/Home.php(7): parse_config()
 7 SYSTEMPATH/CodeIgniter.php(915): Core\Home\Controllers\Home->__construct()
 8 SYSTEMPATH/CodeIgniter.php(971): CodeIgniter\CodeIgniter->createController()
 9 SYSTEMPATH/CodeIgniter.php(370): CodeIgniter\CodeIgniter->display404errors()
10 FCPATH/index.php(34): CodeIgniter\CodeIgniter->run()
ERROR - 2026-05-19 13:15:53 --> Error connecting to the database: mysqli_sql_exception: Too many connections in /var/www/wappbuzz/vendor/codeigniter4/framework/system/Database/MySQLi/Connection.php:185
Stack trace:
#0 /var/www/wappbuzz/vendor/codeigniter4/framework/system/Database/MySQLi/Connection.php(185): mysqli->real_connect()
#1 /var/www/wappbuzz/vendor/codeigniter4/framework/system/Database/BaseConnection.php(392): CodeIgniter\Database\MySQLi\Connection->connect()
#2 /var/www/wappbuzz/vendor/codeigniter4/framework/system/Database/BaseConnection.php(575): CodeIgniter\Database\BaseConnection->initialize()
#3 /var/www/wappbuzz/vendor/codeigniter4/framework/system/Database/BaseBuilder.php(1616): CodeIgniter\Database\BaseConnection->query()
#4 /var/www/wappbuzz/app/Helpers/Common_helper.php(1444): CodeIgniter\Database\BaseBuilder->get()
#5 /var/www/wappbuzz/app/Helpers/Common_helper.php(1348): db_get()
#6 /var/www/wappbuzz/app/Helpers/Common_helper.php(1793): get_option()
#7 /var/www/wappbuzz/inc/core/Home/Controllers/Home.php(7): parse_config()
#8 /var/www/wappbuzz/vendor/codeigniter4/framework/system/CodeIgniter.php(915): Core\Home\Controllers\Home->__construct()
#9 /var/www/wappbuzz/vendor/codeigniter4/framework/system/CodeIgniter.php(971): CodeIgniter\CodeIgniter->createController()
#10 /var/www/wappbuzz/vendor/codeigniter4/framework/system/CodeIgniter.php(370): CodeIgniter\CodeIgniter->display404errors()
#11 /var/www/wappbuzz/index.php(34): CodeIgniter\CodeIgniter->run()
#12 {main}

Next CodeIgniter\Database\Exceptions\DatabaseException: Too many connections in /var/www/wappbuzz/vendor/codeigniter4/framework/system/Database/MySQLi/Connection.php:229
Stack trace:
#0 /var/www/wappbuzz/vendor/codeigniter4/framework/system/Database/BaseConnection.php(392): CodeIgniter\Database\MySQLi\Connection->connect()
#1 /var/www/wappbuzz/vendor/codeigniter4/framework/system/Database/BaseConnection.php(575): CodeIgniter\Database\BaseConnection->initialize()
#2 /var/www/wappbuzz/vendor/codeigniter4/framework/system/Database/BaseBuilder.php(1616): CodeIgniter\Database\BaseConnection->query()
#3 /var/www/wappbuzz/app/Helpers/Common_helper.php(1444): CodeIgniter\Database\BaseBuilder->get()
#4 /var/www/wappbuzz/app/Helpers/Common_helper.php(1348): db_get()
#5 /var/www/wappbuzz/app/Helpers/Common_helper.php(1793): get_option()
#6 /var/www/wappbuzz/inc/core/Home/Controllers/Home.php(7): parse_config()
#7 /var/www/wappbuzz/vendor/codeigniter4/framework/system/CodeIgniter.php(915): Core\Home\Controllers\Home->__construct()
#8 /var/www/wappbuzz/vendor/codeigniter4/framework/system/CodeIgniter.php(971): CodeIgniter\CodeIgniter->createController()
#9 /var/www/wappbuzz/vendor/codeigniter4/framework/system/CodeIgniter.php(370): CodeIgniter\CodeIgniter->display404errors()
#10 /var/www/wappbuzz/index.php(34): CodeIgniter\CodeIgniter->run()
#11 {main}
CRITICAL - 2026-05-19 13:15:53 --> CodeIgniter\Database\Exceptions\DatabaseException: Unable to connect to the database.
Main connection [MySQLi]: Too many connections
in SYSTEMPATH/Database/BaseConnection.php on line 428.
 1 SYSTEMPATH/Database/BaseConnection.php(575): CodeIgniter\Database\BaseConnection->initialize()
 2 SYSTEMPATH/Database/BaseBuilder.php(1616): CodeIgniter\Database\BaseConnection->query()
 3 APPPATH/Helpers/Common_helper.php(1444): CodeIgniter\Database\BaseBuilder->get()
 4 APPPATH/Helpers/Common_helper.php(1348): db_get()
 5 APPPATH/Helpers/Common_helper.php(1793): get_option()
 6 FCPATH/inc/core/Home/Controllers/Home.php(7): parse_config()
 7 SYSTEMPATH/CodeIgniter.php(915): Core\Home\Controllers\Home->__construct()
 8 SYSTEMPATH/CodeIgniter.php(971): CodeIgniter\CodeIgniter->createController()
 9 SYSTEMPATH/CodeIgniter.php(370): CodeIgniter\CodeIgniter->display404errors()
10 FCPATH/index.php(34): CodeIgniter\CodeIgniter->run()
ERROR - 2026-05-19 13:16:07 --> Error connecting to the database: mysqli_sql_exception: Too many connections in /var/www/wappbuzz/vendor/codeigniter4/framework/system/Database/MySQLi/Connection.php:185
Stack trace:
#0 /var/www/wappbuzz/vendor/codeigniter4/framework/system/Database/MySQLi/Connection.php(185): mysqli->real_connect()
#1 /var/www/wappbuzz/vendor/codeigniter4/framework/system/Database/BaseConnection.php(392): CodeIgniter\Database\MySQLi\Connection->connect()
#2 /var/www/wappbuzz/vendor/codeigniter4/framework/system/Database/BaseConnection.php(575): CodeIgniter\Database\BaseConnection->initialize()
#3 /var/www/wappbuzz/vendor/codeigniter4/framework/system/Database/BaseBuilder.php(1616): CodeIgniter\Database\BaseConnection->query()
#4 /var/www/wappbuzz/app/Helpers/Common_helper.php(1444): CodeIgniter\Database\BaseBuilder->get()
#5 /var/www/wappbuzz/app/Helpers/Common_helper.php(1348): db_get()
#6 /var/www/wappbuzz/app/Helpers/Common_helper.php(1793): get_option()
#7 /var/www/wappbuzz/inc/core/Home/Controllers/Home.php(7): parse_config()
#8 /var/www/wappbuzz/vendor/codeigniter4/framework/system/CodeIgniter.php(915): Core\Home\Controllers\Home->__construct()
#9 /var/www/wappbuzz/vendor/codeigniter4/framework/system/CodeIgniter.php(971): CodeIgniter\CodeIgniter->createController()
#10 /var/www/wappbuzz/vendor/codeigniter4/framework/system/CodeIgniter.php(370): CodeIgniter\CodeIgniter->display404errors()
#11 /var/www/wappbuzz/index.php(34): CodeIgniter\CodeIgniter->run()
#12 {main}

Next CodeIgniter\Database\Exceptions\DatabaseException: Too many connections in /var/www/wappbuzz/vendor/codeigniter4/framework/system/Database/MySQLi/Connection.php:229
Stack trace:
#0 /var/www/wappbuzz/vendor/codeigniter4/framework/system/Database/BaseConnection.php(392): CodeIgniter\Database\MySQLi\Connection->connect()
#1 /var/www/wappbuzz/vendor/codeigniter4/framework/system/Database/BaseConnection.php(575): CodeIgniter\Database\BaseConnection->initialize()
#2 /var/www/wappbuzz/vendor/codeigniter4/framework/system/Database/BaseBuilder.php(1616): CodeIgniter\Database\BaseConnection->query()
#3 /var/www/wappbuzz/app/Helpers/Common_helper.php(1444): CodeIgniter\Database\BaseBuilder->get()
#4 /var/www/wappbuzz/app/Helpers/Common_helper.php(1348): db_get()
#5 /var/www/wappbuzz/app/Helpers/Common_helper.php(1793): get_option()
#6 /var/www/wappbuzz/inc/core/Home/Controllers/Home.php(7): parse_config()
#7 /var/www/wappbuzz/vendor/codeigniter4/framework/system/CodeIgniter.php(915): Core\Home\Controllers\Home->__construct()
#8 /var/www/wappbuzz/vendor/codeigniter4/framework/system/CodeIgniter.php(971): CodeIgniter\CodeIgniter->createController()
#9 /var/www/wappbuzz/vendor/codeigniter4/framework/system/CodeIgniter.php(370): CodeIgniter\CodeIgniter->display404errors()
#10 /var/www/wappbuzz/index.php(34): CodeIgniter\CodeIgniter->run()
#11 {main}
CRITICAL - 2026-05-19 13:16:07 --> CodeIgniter\Database\Exceptions\DatabaseException: Unable to connect to the database.
Main connection [MySQLi]: Too many connections
in SYSTEMPATH/Database/BaseConnection.php on line 428.
 1 SYSTEMPATH/Database/BaseConnection.php(575): CodeIgniter\Database\BaseConnection->initialize()
 2 SYSTEMPATH/Database/BaseBuilder.php(1616): CodeIgniter\Database\BaseConnection->query()
 3 APPPATH/Helpers/Common_helper.php(1444): CodeIgniter\Database\BaseBuilder->get()
 4 APPPATH/Helpers/Common_helper.php(1348): db_get()
 5 APPPATH/Helpers/Common_helper.php(1793): get_option()
 6 FCPATH/inc/core/Home/Controllers/Home.php(7): parse_config()
 7 SYSTEMPATH/CodeIgniter.php(915): Core\Home\Controllers\Home->__construct()
 8 SYSTEMPATH/CodeIgniter.php(971): CodeIgniter\CodeIgniter->createController()
 9 SYSTEMPATH/CodeIgniter.php(370): CodeIgniter\CodeIgniter->display404errors()
10 FCPATH/index.php(34): CodeIgniter\CodeIgniter->run()
ERROR - 2026-05-19 13:16:09 --> Error connecting to the database: mysqli_sql_exception: Too many connections in /var/www/wappbuzz/vendor/codeigniter4/framework/system/Database/MySQLi/Connection.php:185
Stack trace:
#0 /var/www/wappbuzz/vendor/codeigniter4/framework/system/Database/MySQLi/Connection.php(185): mysqli->real_connect()
#1 /var/www/wappbuzz/vendor/codeigniter4/framework/system/Database/BaseConnection.php(392): CodeIgniter\Database\MySQLi\Connection->connect()
#2 /var/www/wappbuzz/vendor/codeigniter4/framework/system/Database/BaseConnection.php(575): CodeIgniter\Database\BaseConnection->initialize()
#3 /var/www/wappbuzz/vendor/codeigniter4/framework/system/Database/BaseBuilder.php(1616): CodeIgniter\Database\BaseConnection->query()
#4 /var/www/wappbuzz/app/Helpers/Common_helper.php(1444): CodeIgniter\Database\BaseBuilder->get()
#5 /var/www/wappbuzz/app/Helpers/Common_helper.php(1348): db_get()
#6 /var/www/wappbuzz/app/Helpers/Common_helper.php(1793): get_option()
#7 /var/www/wappbuzz/inc/core/Home/Controllers/Home.php(7): parse_config()
#8 /var/www/wappbuzz/vendor/codeigniter4/framework/system/CodeIgniter.php(915): Core\Home\Controllers\Home->__construct()
#9 /var/www/wappbuzz/vendor/codeigniter4/framework/system/CodeIgniter.php(971): CodeIgniter\CodeIgniter->createController()
#10 /var/www/wappbuzz/vendor/codeigniter4/framework/system/CodeIgniter.php(370): CodeIgniter\CodeIgniter->display404errors()
#11 /var/www/wappbuzz/index.php(34): CodeIgniter\CodeIgniter->run()
#12 {main}

Next CodeIgniter\Database\Exceptions\DatabaseException: Too many connections in /var/www/wappbuzz/vendor/codeigniter4/framework/system/Database/MySQLi/Connection.php:229
Stack trace:
#0 /var/www/wappbuzz/vendor/codeigniter4/framework/system/Database/BaseConnection.php(392): CodeIgniter\Database\MySQLi\Connection->connect()
#1 /var/www/wappbuzz/vendor/codeigniter4/framework/system/Database/BaseConnection.php(575): CodeIgniter\Database\BaseConnection->initialize()
#2 /var/www/wappbuzz/vendor/codeigniter4/framework/system/Database/BaseBuilder.php(1616): CodeIgniter\Database\BaseConnection->query()
#3 /var/www/wappbuzz/app/Helpers/Common_helper.php(1444): CodeIgniter\Database\BaseBuilder->get()
#4 /var/www/wappbuzz/app/Helpers/Common_helper.php(1348): db_get()
#5 /var/www/wappbuzz/app/Helpers/Common_helper.php(1793): get_option()
#6 /var/www/wappbuzz/inc/core/Home/Controllers/Home.php(7): parse_config()
#7 /var/www/wappbuzz/vendor/codeigniter4/framework/system/CodeIgniter.php(915): Core\Home\Controllers\Home->__construct()
#8 /var/www/wappbuzz/vendor/codeigniter4/framework/system/CodeIgniter.php(971): CodeIgniter\CodeIgniter->createController()
#9 /var/www/wappbuzz/vendor/codeigniter4/framework/system/CodeIgniter.php(370): CodeIgniter\CodeIgniter->display404errors()
#10 /var/www/wappbuzz/index.php(34): CodeIgniter\CodeIgniter->run()
#11 {main}
CRITICAL - 2026-05-19 13:16:09 --> CodeIgniter\Database\Exceptions\DatabaseException: Unable to connect to the database.
Main connection [MySQLi]: Too many connections
in SYSTEMPATH/Database/BaseConnection.php on line 428.
 1 SYSTEMPATH/Database/BaseConnection.php(575): CodeIgniter\Database\BaseConnection->initialize()
 2 SYSTEMPATH/Database/BaseBuilder.php(1616): CodeIgniter\Database\BaseConnection->query()
 3 APPPATH/Helpers/Common_helper.php(1444): CodeIgniter\Database\BaseBuilder->get()
 4 APPPATH/Helpers/Common_helper.php(1348): db_get()
 5 APPPATH/Helpers/Common_helper.php(1793): get_option()
 6 FCPATH/inc/core/Home/Controllers/Home.php(7): parse_config()
 7 SYSTEMPATH/CodeIgniter.php(915): Core\Home\Controllers\Home->__construct()
 8 SYSTEMPATH/CodeIgniter.php(971): CodeIgniter\CodeIgniter->createController()
 9 SYSTEMPATH/CodeIgniter.php(370): CodeIgniter\CodeIgniter->display404errors()
10 FCPATH/index.php(34): CodeIgniter\CodeIgniter->run()
ERROR - 2026-05-19 13:16:16 --> Error connecting to the database: mysqli_sql_exception: Too many connections in /var/www/wappbuzz/vendor/codeigniter4/framework/system/Database/MySQLi/Connection.php:185
Stack trace:
#0 /var/www/wappbuzz/vendor/codeigniter4/framework/system/Database/MySQLi/Connection.php(185): mysqli->real_connect()
#1 /var/www/wappbuzz/vendor/codeigniter4/framework/system/Database/BaseConnection.php(392): CodeIgniter\Database\MySQLi\Connection->connect()
#2 /var/www/wappbuzz/vendor/codeigniter4/framework/system/Database/BaseConnection.php(575): CodeIgniter\Database\BaseConnection->initialize()
#3 /var/www/wappbuzz/vendor/codeigniter4/framework/system/Database/BaseBuilder.php(1616): CodeIgniter\Database\BaseConnection->query()
#4 /var/www/wappbuzz/app/Helpers/Common_helper.php(1444): CodeIgniter\Database\BaseBuilder->get()
#5 /var/www/wappbuzz/app/Helpers/Common_helper.php(1348): db_get()
#6 /var/www/wappbuzz/app/Helpers/Common_helper.php(1793): get_option()
#7 /var/www/wappbuzz/inc/core/Home/Controllers/Home.php(7): parse_config()
#8 /var/www/wappbuzz/vendor/codeigniter4/framework/system/CodeIgniter.php(915): Core\Home\Controllers\Home->__construct()
#9 /var/www/wappbuzz/vendor/codeigniter4/framework/system/CodeIgniter.php(971): CodeIgniter\CodeIgniter->createController()
#10 /var/www/wappbuzz/vendor/codeigniter4/framework/system/CodeIgniter.php(370): CodeIgniter\CodeIgniter->display404errors()
#11 /var/www/wappbuzz/index.php(34): CodeIgniter\CodeIgniter->run()
#12 {main}

Next CodeIgniter\Database\Exceptions\DatabaseException: Too many connections in /var/www/wappbuzz/vendor/codeigniter4/framework/system/Database/MySQLi/Connection.php:229
Stack trace:
#0 /var/www/wappbuzz/vendor/codeigniter4/framework/system/Database/BaseConnection.php(392): CodeIgniter\Database\MySQLi\Connection->connect()
#1 /var/www/wappbuzz/vendor/codeigniter4/framework/system/Database/BaseConnection.php(575): CodeIgniter\Database\BaseConnection->initialize()
#2 /var/www/wappbuzz/vendor/codeigniter4/framework/system/Database/BaseBuilder.php(1616): CodeIgniter\Database\BaseConnection->query()
#3 /var/www/wappbuzz/app/Helpers/Common_helper.php(1444): CodeIgniter\Database\BaseBuilder->get()
#4 /var/www/wappbuzz/app/Helpers/Common_helper.php(1348): db_get()
#5 /var/www/wappbuzz/app/Helpers/Common_helper.php(1793): get_option()
#6 /var/www/wappbuzz/inc/core/Home/Controllers/Home.php(7): parse_config()
#7 /var/www/wappbuzz/vendor/codeigniter4/framework/system/CodeIgniter.php(915): Core\Home\Controllers\Home->__construct()
#8 /var/www/wappbuzz/vendor/codeigniter4/framework/system/CodeIgniter.php(971): CodeIgniter\CodeIgniter->createController()
#9 /var/www/wappbuzz/vendor/codeigniter4/framework/system/CodeIgniter.php(370): CodeIgniter\CodeIgniter->display404errors()
#10 /var/www/wappbuzz/index.php(34): CodeIgniter\CodeIgniter->run()
#11 {main}
CRITICAL - 2026-05-19 13:16:16 --> CodeIgniter\Database\Exceptions\DatabaseException: Unable to connect to the database.
Main connection [MySQLi]: Too many connections
in SYSTEMPATH/Database/BaseConnection.php on line 428.
 1 SYSTEMPATH/Database/BaseConnection.php(575): CodeIgniter\Database\BaseConnection->initialize()
 2 SYSTEMPATH/Database/BaseBuilder.php(1616): CodeIgniter\Database\BaseConnection->query()
 3 APPPATH/Helpers/Common_helper.php(1444): CodeIgniter\Database\BaseBuilder->get()
 4 APPPATH/Helpers/Common_helper.php(1348): db_get()
 5 APPPATH/Helpers/Common_helper.php(1793): get_option()
 6 FCPATH/inc/core/Home/Controllers/Home.php(7): parse_config()
 7 SYSTEMPATH/CodeIgniter.php(915): Core\Home\Controllers\Home->__construct()
 8 SYSTEMPATH/CodeIgniter.php(971): CodeIgniter\CodeIgniter->createController()
 9 SYSTEMPATH/CodeIgniter.php(370): CodeIgniter\CodeIgniter->display404errors()
10 FCPATH/index.php(34): CodeIgniter\CodeIgniter->run()
ERROR - 2026-05-19 13:16:25 --> Error connecting to the database: mysqli_sql_exception: Too many connections in /var/www/wappbuzz/vendor/codeigniter4/framework/system/Database/MySQLi/Connection.php:185
Stack trace:
#0 /var/www/wappbuzz/vendor/codeigniter4/framework/system/Database/MySQLi/Connection.php(185): mysqli->real_connect()
#1 /var/www/wappbuzz/vendor/codeigniter4/framework/system/Database/BaseConnection.php(392): CodeIgniter\Database\MySQLi\Connection->connect()
#2 /var/www/wappbuzz/vendor/codeigniter4/framework/system/Database/BaseConnection.php(575): CodeIgniter\Database\BaseConnection->initialize()
#3 /var/www/wappbuzz/vendor/codeigniter4/framework/system/Database/BaseBuilder.php(1616): CodeIgniter\Database\BaseConnection->query()
#4 /var/www/wappbuzz/app/Helpers/Common_helper.php(1444): CodeIgniter\Database\BaseBuilder->get()
#5 /var/www/wappbuzz/app/Helpers/Common_helper.php(1348): db_get()
#6 /var/www/wappbuzz/app/Helpers/Common_helper.php(1793): get_option()
#7 /var/www/wappbuzz/inc/core/Home/Controllers/Home.php(7): parse_config()
#8 /var/www/wappbuzz/vendor/codeigniter4/framework/system/CodeIgniter.php(915): Core\Home\Controllers\Home->__construct()
#9 /var/www/wappbuzz/vendor/codeigniter4/framework/system/CodeIgniter.php(971): CodeIgniter\CodeIgniter->createController()
#10 /var/www/wappbuzz/vendor/codeigniter4/framework/system/CodeIgniter.php(370): CodeIgniter\CodeIgniter->display404errors()
#11 /var/www/wappbuzz/index.php(34): CodeIgniter\CodeIgniter->run()
#12 {main}

Next CodeIgniter\Database\Exceptions\DatabaseException: Too many connections in /var/www/wappbuzz/vendor/codeigniter4/framework/system/Database/MySQLi/Connection.php:229
Stack trace:
#0 /var/www/wappbuzz/vendor/codeigniter4/framework/system/Database/BaseConnection.php(392): CodeIgniter\Database\MySQLi\Connection->connect()
#1 /var/www/wappbuzz/vendor/codeigniter4/framework/system/Database/BaseConnection.php(575): CodeIgniter\Database\BaseConnection->initialize()
#2 /var/www/wappbuzz/vendor/codeigniter4/framework/system/Database/BaseBuilder.php(1616): CodeIgniter\Database\BaseConnection->query()
#3 /var/www/wappbuzz/app/Helpers/Common_helper.php(1444): CodeIgniter\Database\BaseBuilder->get()
#4 /var/www/wappbuzz/app/Helpers/Common_helper.php(1348): db_get()
#5 /var/www/wappbuzz/app/Helpers/Common_helper.php(1793): get_option()
#6 /var/www/wappbuzz/inc/core/Home/Controllers/Home.php(7): parse_config()
#7 /var/www/wappbuzz/vendor/codeigniter4/framework/system/CodeIgniter.php(915): Core\Home\Controllers\Home->__construct()
#8 /var/www/wappbuzz/vendor/codeigniter4/framework/system/CodeIgniter.php(971): CodeIgniter\CodeIgniter->createController()
#9 /var/www/wappbuzz/vendor/codeigniter4/framework/system/CodeIgniter.php(370): CodeIgniter\CodeIgniter->display404errors()
#10 /var/www/wappbuzz/index.php(34): CodeIgniter\CodeIgniter->run()
#11 {main}
CRITICAL - 2026-05-19 13:16:25 --> CodeIgniter\Database\Exceptions\DatabaseException: Unable to connect to the database.
Main connection [MySQLi]: Too many connections
in SYSTEMPATH/Database/BaseConnection.php on line 428.
 1 SYSTEMPATH/Database/BaseConnection.php(575): CodeIgniter\Database\BaseConnection->initialize()
 2 SYSTEMPATH/Database/BaseBuilder.php(1616): CodeIgniter\Database\BaseConnection->query()
 3 APPPATH/Helpers/Common_helper.php(1444): CodeIgniter\Database\BaseBuilder->get()
 4 APPPATH/Helpers/Common_helper.php(1348): db_get()
 5 APPPATH/Helpers/Common_helper.php(1793): get_option()
 6 FCPATH/inc/core/Home/Controllers/Home.php(7): parse_config()
 7 SYSTEMPATH/CodeIgniter.php(915): Core\Home\Controllers\Home->__construct()
 8 SYSTEMPATH/CodeIgniter.php(971): CodeIgniter\CodeIgniter->createController()
 9 SYSTEMPATH/CodeIgniter.php(370): CodeIgniter\CodeIgniter->display404errors()
10 FCPATH/index.php(34): CodeIgniter\CodeIgniter->run()
ERROR - 2026-05-19 13:16:28 --> Error connecting to the database: mysqli_sql_exception: Too many connections in /var/www/wappbuzz/vendor/codeigniter4/framework/system/Database/MySQLi/Connection.php:185
Stack trace:
#0 /var/www/wappbuzz/vendor/codeigniter4/framework/system/Database/MySQLi/Connection.php(185): mysqli->real_connect()
#1 /var/www/wappbuzz/vendor/codeigniter4/framework/system/Database/BaseConnection.php(392): CodeIgniter\Database\MySQLi\Connection->connect()
#2 /var/www/wappbuzz/vendor/codeigniter4/framework/system/Database/BaseConnection.php(575): CodeIgniter\Database\BaseConnection->initialize()
#3 /var/www/wappbuzz/vendor/codeigniter4/framework/system/Database/BaseBuilder.php(1616): CodeIgniter\Database\BaseConnection->query()
#4 /var/www/wappbuzz/app/Helpers/Common_helper.php(1444): CodeIgniter\Database\BaseBuilder->get()
#5 /var/www/wappbuzz/app/Helpers/Common_helper.php(1348): db_get()
#6 /var/www/wappbuzz/app/Helpers/Common_helper.php(1793): get_option()
#7 /var/www/wappbuzz/inc/core/Home/Controllers/Home.php(7): parse_config()
#8 /var/www/wappbuzz/vendor/codeigniter4/framework/system/CodeIgniter.php(915): Core\Home\Controllers\Home->__construct()
#9 /var/www/wappbuzz/vendor/codeigniter4/framework/system/CodeIgniter.php(971): CodeIgniter\CodeIgniter->createController()
#10 /var/www/wappbuzz/vendor/codeigniter4/framework/system/CodeIgniter.php(370): CodeIgniter\CodeIgniter->display404errors()
#11 /var/www/wappbuzz/index.php(34): CodeIgniter\CodeIgniter->run()
#12 {main}

Next CodeIgniter\Database\Exceptions\DatabaseException: Too many connections in /var/www/wappbuzz/vendor/codeigniter4/framework/system/Database/MySQLi/Connection.php:229
Stack trace:
#0 /var/www/wappbuzz/vendor/codeigniter4/framework/system/Database/BaseConnection.php(392): CodeIgniter\Database\MySQLi\Connection->connect()
#1 /var/www/wappbuzz/vendor/codeigniter4/framework/system/Database/BaseConnection.php(575): CodeIgniter\Database\BaseConnection->initialize()
#2 /var/www/wappbuzz/vendor/codeigniter4/framework/system/Database/BaseBuilder.php(1616): CodeIgniter\Database\BaseConnection->query()
#3 /var/www/wappbuzz/app/Helpers/Common_helper.php(1444): CodeIgniter\Database\BaseBuilder->get()
#4 /var/www/wappbuzz/app/Helpers/Common_helper.php(1348): db_get()
#5 /var/www/wappbuzz/app/Helpers/Common_helper.php(1793): get_option()
#6 /var/www/wappbuzz/inc/core/Home/Controllers/Home.php(7): parse_config()
#7 /var/www/wappbuzz/vendor/codeigniter4/framework/system/CodeIgniter.php(915): Core\Home\Controllers\Home->__construct()
#8 /var/www/wappbuzz/vendor/codeigniter4/framework/system/CodeIgniter.php(971): CodeIgniter\CodeIgniter->createController()
#9 /var/www/wappbuzz/vendor/codeigniter4/framework/system/CodeIgniter.php(370): CodeIgniter\CodeIgniter->display404errors()
#10 /var/www/wappbuzz/index.php(34): CodeIgniter\CodeIgniter->run()
#11 {main}
CRITICAL - 2026-05-19 13:16:28 --> CodeIgniter\Database\Exceptions\DatabaseException: Unable to connect to the database.
Main connection [MySQLi]: Too many connections
in SYSTEMPATH/Database/BaseConnection.php on line 428.
 1 SYSTEMPATH/Database/BaseConnection.php(575): CodeIgniter\Database\BaseConnection->initialize()
 2 SYSTEMPATH/Database/BaseBuilder.php(1616): CodeIgniter\Database\BaseConnection->query()
 3 APPPATH/Helpers/Common_helper.php(1444): CodeIgniter\Database\BaseBuilder->get()
 4 APPPATH/Helpers/Common_helper.php(1348): db_get()
 5 APPPATH/Helpers/Common_helper.php(1793): get_option()
 6 FCPATH/inc/core/Home/Controllers/Home.php(7): parse_config()
 7 SYSTEMPATH/CodeIgniter.php(915): Core\Home\Controllers\Home->__construct()
 8 SYSTEMPATH/CodeIgniter.php(971): CodeIgniter\CodeIgniter->createController()
 9 SYSTEMPATH/CodeIgniter.php(370): CodeIgniter\CodeIgniter->display404errors()
10 FCPATH/index.php(34): CodeIgniter\CodeIgniter->run()
ERROR - 2026-05-19 13:16:53 --> Error connecting to the database: mysqli_sql_exception: Too many connections in /var/www/wappbuzz/vendor/codeigniter4/framework/system/Database/MySQLi/Connection.php:185
Stack trace:
#0 /var/www/wappbuzz/vendor/codeigniter4/framework/system/Database/MySQLi/Connection.php(185): mysqli->real_connect()
#1 /var/www/wappbuzz/vendor/codeigniter4/framework/system/Database/BaseConnection.php(392): CodeIgniter\Database\MySQLi\Connection->connect()
#2 /var/www/wappbuzz/vendor/codeigniter4/framework/system/Database/BaseConnection.php(575): CodeIgniter\Database\BaseConnection->initialize()
#3 /var/www/wappbuzz/vendor/codeigniter4/framework/system/Database/BaseBuilder.php(1616): CodeIgniter\Database\BaseConnection->query()
#4 /var/www/wappbuzz/app/Helpers/Common_helper.php(1444): CodeIgniter\Database\BaseBuilder->get()
#5 /var/www/wappbuzz/app/Helpers/Common_helper.php(1348): db_get()
#6 /var/www/wappbuzz/app/Helpers/Common_helper.php(1793): get_option()
#7 /var/www/wappbuzz/inc/core/Home/Controllers/Home.php(7): parse_config()
#8 /var/www/wappbuzz/vendor/codeigniter4/framework/system/CodeIgniter.php(915): Core\Home\Controllers\Home->__construct()
#9 /var/www/wappbuzz/vendor/codeigniter4/framework/system/CodeIgniter.php(971): CodeIgniter\CodeIgniter->createController()
#10 /var/www/wappbuzz/vendor/codeigniter4/framework/system/CodeIgniter.php(370): CodeIgniter\CodeIgniter->display404errors()
#11 /var/www/wappbuzz/index.php(34): CodeIgniter\CodeIgniter->run()
#12 {main}

Next CodeIgniter\Database\Exceptions\DatabaseException: Too many connections in /var/www/wappbuzz/vendor/codeigniter4/framework/system/Database/MySQLi/Connection.php:229
Stack trace:
#0 /var/www/wappbuzz/vendor/codeigniter4/framework/system/Database/BaseConnection.php(392): CodeIgniter\Database\MySQLi\Connection->connect()
#1 /var/www/wappbuzz/vendor/codeigniter4/framework/system/Database/BaseConnection.php(575): CodeIgniter\Database\BaseConnection->initialize()
#2 /var/www/wappbuzz/vendor/codeigniter4/framework/system/Database/BaseBuilder.php(1616): CodeIgniter\Database\BaseConnection->query()
#3 /var/www/wappbuzz/app/Helpers/Common_helper.php(1444): CodeIgniter\Database\BaseBuilder->get()
#4 /var/www/wappbuzz/app/Helpers/Common_helper.php(1348): db_get()
#5 /var/www/wappbuzz/app/Helpers/Common_helper.php(1793): get_option()
#6 /var/www/wappbuzz/inc/core/Home/Controllers/Home.php(7): parse_config()
#7 /var/www/wappbuzz/vendor/codeigniter4/framework/system/CodeIgniter.php(915): Core\Home\Controllers\Home->__construct()
#8 /var/www/wappbuzz/vendor/codeigniter4/framework/system/CodeIgniter.php(971): CodeIgniter\CodeIgniter->createController()
#9 /var/www/wappbuzz/vendor/codeigniter4/framework/system/CodeIgniter.php(370): CodeIgniter\CodeIgniter->display404errors()
#10 /var/www/wappbuzz/index.php(34): CodeIgniter\CodeIgniter->run()
#11 {main}
CRITICAL - 2026-05-19 13:16:53 --> CodeIgniter\Database\Exceptions\DatabaseException: Unable to connect to the database.
Main connection [MySQLi]: Too many connections
in SYSTEMPATH/Database/BaseConnection.php on line 428.
 1 SYSTEMPATH/Database/BaseConnection.php(575): CodeIgniter\Database\BaseConnection->initialize()
 2 SYSTEMPATH/Database/BaseBuilder.php(1616): CodeIgniter\Database\BaseConnection->query()
 3 APPPATH/Helpers/Common_helper.php(1444): CodeIgniter\Database\BaseBuilder->get()
 4 APPPATH/Helpers/Common_helper.php(1348): db_get()
 5 APPPATH/Helpers/Common_helper.php(1793): get_option()
 6 FCPATH/inc/core/Home/Controllers/Home.php(7): parse_config()
 7 SYSTEMPATH/CodeIgniter.php(915): Core\Home\Controllers\Home->__construct()
 8 SYSTEMPATH/CodeIgniter.php(971): CodeIgniter\CodeIgniter->createController()
 9 SYSTEMPATH/CodeIgniter.php(370): CodeIgniter\CodeIgniter->display404errors()
10 FCPATH/index.php(34): CodeIgniter\CodeIgniter->run()
ERROR - 2026-05-19 13:17:00 --> Error connecting to the database: mysqli_sql_exception: Too many connections in /var/www/wappbuzz/vendor/codeigniter4/framework/system/Database/MySQLi/Connection.php:185
Stack trace:
#0 /var/www/wappbuzz/vendor/codeigniter4/framework/system/Database/MySQLi/Connection.php(185): mysqli->real_connect()
#1 /var/www/wappbuzz/vendor/codeigniter4/framework/system/Database/BaseConnection.php(392): CodeIgniter\Database\MySQLi\Connection->connect()
#2 /var/www/wappbuzz/vendor/codeigniter4/framework/system/Database/BaseConnection.php(575): CodeIgniter\Database\BaseConnection->initialize()
#3 /var/www/wappbuzz/vendor/codeigniter4/framework/system/Database/BaseBuilder.php(1616): CodeIgniter\Database\BaseConnection->query()
#4 /var/www/wappbuzz/app/Helpers/Common_helper.php(1444): CodeIgniter\Database\BaseBuilder->get()
#5 /var/www/wappbuzz/app/Helpers/Common_helper.php(1348): db_get()
#6 /var/www/wappbuzz/app/Helpers/Common_helper.php(1793): get_option()
#7 /var/www/wappbuzz/inc/core/Home/Controllers/Home.php(7): parse_config()
#8 /var/www/wappbuzz/vendor/codeigniter4/framework/system/CodeIgniter.php(915): Core\Home\Controllers\Home->__construct()
#9 /var/www/wappbuzz/vendor/codeigniter4/framework/system/CodeIgniter.php(971): CodeIgniter\CodeIgniter->createController()
#10 /var/www/wappbuzz/vendor/codeigniter4/framework/system/CodeIgniter.php(370): CodeIgniter\CodeIgniter->display404errors()
#11 /var/www/wappbuzz/index.php(34): CodeIgniter\CodeIgniter->run()
#12 {main}

Next CodeIgniter\Database\Exceptions\DatabaseException: Too many connections in /var/www/wappbuzz/vendor/codeigniter4/framework/system/Database/MySQLi/Connection.php:229
Stack trace:
#0 /var/www/wappbuzz/vendor/codeigniter4/framework/system/Database/BaseConnection.php(392): CodeIgniter\Database\MySQLi\Connection->connect()
#1 /var/www/wappbuzz/vendor/codeigniter4/framework/system/Database/BaseConnection.php(575): CodeIgniter\Database\BaseConnection->initialize()
#2 /var/www/wappbuzz/vendor/codeigniter4/framework/system/Database/BaseBuilder.php(1616): CodeIgniter\Database\BaseConnection->query()
#3 /var/www/wappbuzz/app/Helpers/Common_helper.php(1444): CodeIgniter\Database\BaseBuilder->get()
#4 /var/www/wappbuzz/app/Helpers/Common_helper.php(1348): db_get()
#5 /var/www/wappbuzz/app/Helpers/Common_helper.php(1793): get_option()
#6 /var/www/wappbuzz/inc/core/Home/Controllers/Home.php(7): parse_config()
#7 /var/www/wappbuzz/vendor/codeigniter4/framework/system/CodeIgniter.php(915): Core\Home\Controllers\Home->__construct()
#8 /var/www/wappbuzz/vendor/codeigniter4/framework/system/CodeIgniter.php(971): CodeIgniter\CodeIgniter->createController()
#9 /var/www/wappbuzz/vendor/codeigniter4/framework/system/CodeIgniter.php(370): CodeIgniter\CodeIgniter->display404errors()
#10 /var/www/wappbuzz/index.php(34): CodeIgniter\CodeIgniter->run()
#11 {main}
CRITICAL - 2026-05-19 13:17:00 --> CodeIgniter\Database\Exceptions\DatabaseException: Unable to connect to the database.
Main connection [MySQLi]: Too many connections
in SYSTEMPATH/Database/BaseConnection.php on line 428.
 1 SYSTEMPATH/Database/BaseConnection.php(575): CodeIgniter\Database\BaseConnection->initialize()
 2 SYSTEMPATH/Database/BaseBuilder.php(1616): CodeIgniter\Database\BaseConnection->query()
 3 APPPATH/Helpers/Common_helper.php(1444): CodeIgniter\Database\BaseBuilder->get()
 4 APPPATH/Helpers/Common_helper.php(1348): db_get()
 5 APPPATH/Helpers/Common_helper.php(1793): get_option()
 6 FCPATH/inc/core/Home/Controllers/Home.php(7): parse_config()
 7 SYSTEMPATH/CodeIgniter.php(915): Core\Home\Controllers\Home->__construct()
 8 SYSTEMPATH/CodeIgniter.php(971): CodeIgniter\CodeIgniter->createController()
 9 SYSTEMPATH/CodeIgniter.php(370): CodeIgniter\CodeIgniter->display404errors()
10 FCPATH/index.php(34): CodeIgniter\CodeIgniter->run()
ERROR - 2026-05-19 13:17:36 --> Error connecting to the database: mysqli_sql_exception: Too many connections in /var/www/wappbuzz/vendor/codeigniter4/framework/system/Database/MySQLi/Connection.php:185
Stack trace:
#0 /var/www/wappbuzz/vendor/codeigniter4/framework/system/Database/MySQLi/Connection.php(185): mysqli->real_connect()
#1 /var/www/wappbuzz/vendor/codeigniter4/framework/system/Database/BaseConnection.php(392): CodeIgniter\Database\MySQLi\Connection->connect()
#2 /var/www/wappbuzz/vendor/codeigniter4/framework/system/Database/BaseConnection.php(575): CodeIgniter\Database\BaseConnection->initialize()
#3 /var/www/wappbuzz/vendor/codeigniter4/framework/system/Database/BaseBuilder.php(1616): CodeIgniter\Database\BaseConnection->query()
#4 /var/www/wappbuzz/app/Helpers/Common_helper.php(1444): CodeIgniter\Database\BaseBuilder->get()
#5 /var/www/wappbuzz/app/Helpers/Common_helper.php(1348): db_get()
#6 /var/www/wappbuzz/app/Helpers/Common_helper.php(1793): get_option()
#7 /var/www/wappbuzz/inc/core/Home/Controllers/Home.php(7): parse_config()
#8 /var/www/wappbuzz/vendor/codeigniter4/framework/system/CodeIgniter.php(915): Core\Home\Controllers\Home->__construct()
#9 /var/www/wappbuzz/vendor/codeigniter4/framework/system/CodeIgniter.php(971): CodeIgniter\CodeIgniter->createController()
#10 /var/www/wappbuzz/vendor/codeigniter4/framework/system/CodeIgniter.php(370): CodeIgniter\CodeIgniter->display404errors()
#11 /var/www/wappbuzz/index.php(34): CodeIgniter\CodeIgniter->run()
#12 {main}

Next CodeIgniter\Database\Exceptions\DatabaseException: Too many connections in /var/www/wappbuzz/vendor/codeigniter4/framework/system/Database/MySQLi/Connection.php:229
Stack trace:
#0 /var/www/wappbuzz/vendor/codeigniter4/framework/system/Database/BaseConnection.php(392): CodeIgniter\Database\MySQLi\Connection->connect()
#1 /var/www/wappbuzz/vendor/codeigniter4/framework/system/Database/BaseConnection.php(575): CodeIgniter\Database\BaseConnection->initialize()
#2 /var/www/wappbuzz/vendor/codeigniter4/framework/system/Database/BaseBuilder.php(1616): CodeIgniter\Database\BaseConnection->query()
#3 /var/www/wappbuzz/app/Helpers/Common_helper.php(1444): CodeIgniter\Database\BaseBuilder->get()
#4 /var/www/wappbuzz/app/Helpers/Common_helper.php(1348): db_get()
#5 /var/www/wappbuzz/app/Helpers/Common_helper.php(1793): get_option()
#6 /var/www/wappbuzz/inc/core/Home/Controllers/Home.php(7): parse_config()
#7 /var/www/wappbuzz/vendor/codeigniter4/framework/system/CodeIgniter.php(915): Core\Home\Controllers\Home->__construct()
#8 /var/www/wappbuzz/vendor/codeigniter4/framework/system/CodeIgniter.php(971): CodeIgniter\CodeIgniter->createController()
#9 /var/www/wappbuzz/vendor/codeigniter4/framework/system/CodeIgniter.php(370): CodeIgniter\CodeIgniter->display404errors()
#10 /var/www/wappbuzz/index.php(34): CodeIgniter\CodeIgniter->run()
#11 {main}
CRITICAL - 2026-05-19 13:17:36 --> CodeIgniter\Database\Exceptions\DatabaseException: Unable to connect to the database.
Main connection [MySQLi]: Too many connections
in SYSTEMPATH/Database/BaseConnection.php on line 428.
 1 SYSTEMPATH/Database/BaseConnection.php(575): CodeIgniter\Database\BaseConnection->initialize()
 2 SYSTEMPATH/Database/BaseBuilder.php(1616): CodeIgniter\Database\BaseConnection->query()
 3 APPPATH/Helpers/Common_helper.php(1444): CodeIgniter\Database\BaseBuilder->get()
 4 APPPATH/Helpers/Common_helper.php(1348): db_get()
 5 APPPATH/Helpers/Common_helper.php(1793): get_option()
 6 FCPATH/inc/core/Home/Controllers/Home.php(7): parse_config()
 7 SYSTEMPATH/CodeIgniter.php(915): Core\Home\Controllers\Home->__construct()
 8 SYSTEMPATH/CodeIgniter.php(971): CodeIgniter\CodeIgniter->createController()
 9 SYSTEMPATH/CodeIgniter.php(370): CodeIgniter\CodeIgniter->display404errors()
10 FCPATH/index.php(34): CodeIgniter\CodeIgniter->run()
ERROR - 2026-05-19 13:17:37 --> Error connecting to the database: mysqli_sql_exception: Too many connections in /var/www/wappbuzz/vendor/codeigniter4/framework/system/Database/MySQLi/Connection.php:185
Stack trace:
#0 /var/www/wappbuzz/vendor/codeigniter4/framework/system/Database/MySQLi/Connection.php(185): mysqli->real_connect()
#1 /var/www/wappbuzz/vendor/codeigniter4/framework/system/Database/BaseConnection.php(392): CodeIgniter\Database\MySQLi\Connection->connect()
#2 /var/www/wappbuzz/vendor/codeigniter4/framework/system/Database/BaseConnection.php(575): CodeIgniter\Database\BaseConnection->initialize()
#3 /var/www/wappbuzz/vendor/codeigniter4/framework/system/Database/BaseBuilder.php(1616): CodeIgniter\Database\BaseConnection->query()
#4 /var/www/wappbuzz/app/Helpers/Common_helper.php(1444): CodeIgniter\Database\BaseBuilder->get()
#5 /var/www/wappbuzz/app/Helpers/Common_helper.php(1348): db_get()
#6 /var/www/wappbuzz/app/Helpers/Common_helper.php(1793): get_option()
#7 /var/www/wappbuzz/inc/core/Home/Controllers/Home.php(7): parse_config()
#8 /var/www/wappbuzz/vendor/codeigniter4/framework/system/CodeIgniter.php(915): Core\Home\Controllers\Home->__construct()
#9 /var/www/wappbuzz/vendor/codeigniter4/framework/system/CodeIgniter.php(971): CodeIgniter\CodeIgniter->createController()
#10 /var/www/wappbuzz/vendor/codeigniter4/framework/system/CodeIgniter.php(370): CodeIgniter\CodeIgniter->display404errors()
#11 /var/www/wappbuzz/index.php(34): CodeIgniter\CodeIgniter->run()
#12 {main}

Next CodeIgniter\Database\Exceptions\DatabaseException: Too many connections in /var/www/wappbuzz/vendor/codeigniter4/framework/system/Database/MySQLi/Connection.php:229
Stack trace:
#0 /var/www/wappbuzz/vendor/codeigniter4/framework/system/Database/BaseConnection.php(392): CodeIgniter\Database\MySQLi\Connection->connect()
#1 /var/www/wappbuzz/vendor/codeigniter4/framework/system/Database/BaseConnection.php(575): CodeIgniter\Database\BaseConnection->initialize()
#2 /var/www/wappbuzz/vendor/codeigniter4/framework/system/Database/BaseBuilder.php(1616): CodeIgniter\Database\BaseConnection->query()
#3 /var/www/wappbuzz/app/Helpers/Common_helper.php(1444): CodeIgniter\Database\BaseBuilder->get()
#4 /var/www/wappbuzz/app/Helpers/Common_helper.php(1348): db_get()
#5 /var/www/wappbuzz/app/Helpers/Common_helper.php(1793): get_option()
#6 /var/www/wappbuzz/inc/core/Home/Controllers/Home.php(7): parse_config()
#7 /var/www/wappbuzz/vendor/codeigniter4/framework/system/CodeIgniter.php(915): Core\Home\Controllers\Home->__construct()
#8 /var/www/wappbuzz/vendor/codeigniter4/framework/system/CodeIgniter.php(971): CodeIgniter\CodeIgniter->createController()
#9 /var/www/wappbuzz/vendor/codeigniter4/framework/system/CodeIgniter.php(370): CodeIgniter\CodeIgniter->display404errors()
#10 /var/www/wappbuzz/index.php(34): CodeIgniter\CodeIgniter->run()
#11 {main}
CRITICAL - 2026-05-19 13:17:37 --> CodeIgniter\Database\Exceptions\DatabaseException: Unable to connect to the database.
Main connection [MySQLi]: Too many connections
in SYSTEMPATH/Database/BaseConnection.php on line 428.
 1 SYSTEMPATH/Database/BaseConnection.php(575): CodeIgniter\Database\BaseConnection->initialize()
 2 SYSTEMPATH/Database/BaseBuilder.php(1616): CodeIgniter\Database\BaseConnection->query()
 3 APPPATH/Helpers/Common_helper.php(1444): CodeIgniter\Database\BaseBuilder->get()
 4 APPPATH/Helpers/Common_helper.php(1348): db_get()
 5 APPPATH/Helpers/Common_helper.php(1793): get_option()
 6 FCPATH/inc/core/Home/Controllers/Home.php(7): parse_config()
 7 SYSTEMPATH/CodeIgniter.php(915): Core\Home\Controllers\Home->__construct()
 8 SYSTEMPATH/CodeIgniter.php(971): CodeIgniter\CodeIgniter->createController()
 9 SYSTEMPATH/CodeIgniter.php(370): CodeIgniter\CodeIgniter->display404errors()
10 FCPATH/index.php(34): CodeIgniter\CodeIgniter->run()
